{
  "resourceType": "Bundle",
  "type": "transaction",
  "entry": [ {
    "fullUrl": "Patient/UKB-0007",
    "resource": {
      "resourceType": "Patient",
      "id": "UKB-0007",
      "meta": {
        "profile": [ "https://www.medizininformatik-initiative.de/fhir/core/modul-person/StructureDefinition/Patient" ]
      },
      "identifier": [ {
        "use": "usual",
        "type": {
          "coding": [ {
            "system": "http://terminology.hl7.org/CodeSystem/v2-0203",
            "code": "MR"
          } ]
        },
        "system": "https://UKB.de/pid",
        "value": "UKB-0007"
      } ],
      "name": [ {
        "use": "official",
        "family": "Erftstadt",
        "given": [ "Johanna" ]
      } ],
      "gender": "female",
      "birthDate": "1965-01-01",
      "address": [ {
        "type": "both",
        "line": [ "Musterstraße 7" ],
        "city": "Bonn",
        "postalCode": "53121",
        "country": "DE"
      } ],
      "generalPractitioner": [ {
        "display": "AOK"
      } ]
    },
    "request": {
      "method": "PUT",
      "url": "Patient/UKB-0007"
    }
  }, {
    "fullUrl": "Encounter/UKB-0007-E-1",
    "resource": {
      "resourceType": "Encounter",
      "id": "UKB-0007-E-1",
      "meta": {
        "profile": [ "https://www.medizininformatik-initiative.de/fhir/core/modul-fall/StructureDefinition/KontaktGesundheitseinrichtung" ]
      },
      "identifier": [ {
        "type": {
          "coding": [ {
            "system": "http://terminology.hl7.org/CodeSystem/v2-0203",
            "code": "VN"
          } ]
        },
        "_system": {
          "extension": [ {
            "url": "http://terminology.hl7.org/CodeSystem/data-absent-reason",
            "valueCode": "unknown"
          } ]
        },
        "value": "UKB-0007-E-1",
        "assigner": {
          "identifier": {
            "system": "https://www.medizininformatik-initiative.de/fhir/core/NamingSystem/org-identifier",
            "value": "UKB"
          }
        }
      } ],
      "status": "finished",
      "class": {
        "system": "http://terminology.hl7.org/CodeSystem/v3-ActCode",
        "code": "IMP",
        "display": "inpatient encounter"
      },
      "type": [ {
        "coding": [ {
          "code": "einrichtungskontakt",
          "display": "Einrichtungskontakt"
        } ]
      } ],
      "subject": {
        "reference": "Patient/UKB-0007"
      },
      "period": {
        "start": "2019-10-18T00:00:00+02:00",
        "end": "2019-10-19T00:00:00+02:00"
      },
      "diagnosis": [ {
        "condition": {
          "reference": "Condition/UKB-0007-E-1-D-1"
        },
        "use": {
          "coding": [ {
            "system": "http://terminology.hl7.org/CodeSystem/diagnosis-role",
            "code": "AD",
            "display": "Admission diagnosis"
          } ]
        }
      }, {
        "condition": {
          "reference": "Condition/UKB-0007-E-1-D-2"
        },
        "use": {
          "coding": [ {
            "system": "http://terminology.hl7.org/CodeSystem/diagnosis-role",
            "code": "AD",
            "display": "Admission diagnosis"
          } ]
        }
      }, {
        "condition": {
          "reference": "Condition/UKB-0007-E-1-D-3"
        },
        "use": {
          "coding": [ {
            "system": "http://terminology.hl7.org/CodeSystem/diagnosis-role",
            "code": "AD",
            "display": "Admission diagnosis"
          } ]
        }
      }, {
        "condition": {
          "reference": "Condition/UKB-0007-E-1-D-4"
        },
        "use": {
          "coding": [ {
            "system": "http://terminology.hl7.org/CodeSystem/diagnosis-role",
            "code": "CC",
            "display": "Chief complaint"
          } ]
        }
      }, {
        "condition": {
          "reference": "Condition/UKB-0007-E-1-D-5"
        },
        "use": {
          "coding": [ {
            "system": "http://terminology.hl7.org/CodeSystem/diagnosis-role",
            "code": "CC",
            "display": "Chief complaint"
          } ]
        }
      }, {
        "condition": {
          "reference": "Condition/UKB-0007-E-1-D-6"
        },
        "use": {
          "coding": [ {
            "system": "http://terminology.hl7.org/CodeSystem/diagnosis-role",
            "code": "CC",
            "display": "Chief complaint"
          } ]
        }
      }, {
        "condition": {
          "reference": "Condition/UKB-0007-E-1-D-7"
        },
        "use": {
          "coding": [ {
            "system": "http://terminology.hl7.org/CodeSystem/diagnosis-role",
            "code": "CM",
            "display": "Comorbidity diagnosis"
          } ]
        }
      }, {
        "condition": {
          "reference": "Procedure/UKB-0007-E-1-P-1"
        },
        "use": {
          "coding": [ {
            "system": "http://terminology.hl7.org/CodeSystem/diagnosis-role",
            "code": "CM",
            "display": "Comorbidity diagnosis"
          } ]
        }
      }, {
        "condition": {
          "reference": "Procedure/UKB-0007-E-1-P-2"
        },
        "use": {
          "coding": [ {
            "system": "http://terminology.hl7.org/CodeSystem/diagnosis-role",
            "code": "CM",
            "display": "Comorbidity diagnosis"
          } ]
        }
      }, {
        "condition": {
          "reference": "Procedure/UKB-0007-E-1-P-3"
        },
        "use": {
          "coding": [ {
            "system": "http://terminology.hl7.org/CodeSystem/diagnosis-role",
            "code": "CM",
            "display": "Comorbidity diagnosis"
          } ]
        }
      }, {
        "condition": {
          "reference": "Procedure/UKB-0007-E-1-P-4"
        },
        "use": {
          "coding": [ {
            "system": "http://terminology.hl7.org/CodeSystem/diagnosis-role",
            "code": "CM",
            "display": "Comorbidity diagnosis"
          } ]
        }
      }, {
        "condition": {
          "reference": "Procedure/UKB-0007-E-1-P-5"
        },
        "use": {
          "coding": [ {
            "system": "http://terminology.hl7.org/CodeSystem/diagnosis-role",
            "code": "CM",
            "display": "Comorbidity diagnosis"
          } ]
        }
      }, {
        "condition": {
          "reference": "Procedure/UKB-0007-E-1-P-6"
        },
        "use": {
          "coding": [ {
            "system": "http://terminology.hl7.org/CodeSystem/diagnosis-role",
            "code": "CM",
            "display": "Comorbidity diagnosis"
          } ]
        }
      } ]
    },
    "request": {
      "method": "PUT",
      "url": "Encounter/UKB-0007-E-1"
    }
  }, {
    "fullUrl": "Encounter/UKB-0007-E-1-A-1",
    "resource": {
      "resourceType": "Encounter",
      "id": "UKB-0007-E-1-A-1",
      "meta": {
        "profile": [ "https://www.medizininformatik-initiative.de/fhir/core/modul-fall/StructureDefinition/KontaktGesundheitseinrichtung" ]
      },
      "status": "finished",
      "class": {
        "extension": [ {
          "url": "http://terminology.hl7.org/CodeSystem/data-absent-reason",
          "valueCode": "unknown"
        } ]
      },
      "type": [ {
        "coding": [ {
          "code": "abteilungskontakt",
          "display": "Abteilungskontakt"
        } ]
      } ],
      "serviceType": {
        "coding": [ {
          "system": "http://fhir.de/CodeSystem/dkgev/Fachabteilungsschluessel",
          "code": "0100",
          "display": "Innere Medizin"
        } ]
      },
      "subject": {
        "reference": "Patient/UKB-0007"
      },
      "period": {
        "start": "2019-10-18T00:00:00+02:00",
        "end": "2019-10-19T00:00:00+02:00"
      },
      "diagnosis": [ {
        "condition": {
          "_reference": {
            "extension": [ {
              "url": "http://terminology.hl7.org/CodeSystem/data-absent-reason",
              "valueCode": "unknown"
            } ]
          }
        }
      } ],
      "partOf": {
        "reference": "Encounter/UKB-0007-E-1"
      }
    },
    "request": {
      "method": "PUT",
      "url": "Encounter/UKB-0007-E-1-A-1"
    }
  }, {
    "fullUrl": "Observation/UKB-0007-E-1-OL-1",
    "resource": {
      "resourceType": "Observation",
      "id": "UKB-0007-E-1-OL-1",
      "meta": {
        "profile": [ "https://www.medizininformatik-initiative.de/fhir/core/modul-labor/StructureDefinition/ObservationLab" ]
      },
      "identifier": [ {
        "type": {
          "coding": [ {
            "system": "http://terminology.hl7.org/CodeSystem/v2-0203",
            "code": "OBI"
          } ]
        },
        "system": "https://UKB.de/befund",
        "value": "UKB-0007-E-1-OL-1",
        "assigner": {
          "identifier": {
            "system": "https://www.medizininformatik-initiative.de/fhir/core/NamingSystem/org-identifier",
            "value": "UKB"
          }
        }
      } ],
      "status": "final",
      "category": [ {
        "coding": [ {
          "system": "http://terminology.hl7.org/CodeSystem/observation-category",
          "code": "laboratory",
          "display": "Laboratory"
        }, {
          "system": "http://loinc.org",
          "code": "26436-6",
          "display": "Laboratory studies (set)"
        } ]
      } ],
      "code": {
        "coding": [ {
          "system": "http://loinc.org",
          "code": "59260-0"
        } ],
        "text": "Hämoglobin"
      },
      "subject": {
        "reference": "Patient/UKB-0007"
      },
      "encounter": {
        "reference": "Encounter/UKB-0007-E-1"
      },
      "effectiveDateTime": "2019-10-18T00:00:00+02:00",
      "valueQuantity": {
        "value": 8.5,
        "unit": "gram per deciliter",
        "system": "http://unitsofmeasure.org",
        "code": "g/dL"
      }
    },
    "request": {
      "method": "PUT",
      "url": "Observation/UKB-0007-E-1-OL-1"
    }
  }, {
    "fullUrl": "Observation/UKB-0007-E-1-OL-2",
    "resource": {
      "resourceType": "Observation",
      "id": "UKB-0007-E-1-OL-2",
      "meta": {
        "profile": [ "https://www.medizininformatik-initiative.de/fhir/core/modul-labor/StructureDefinition/ObservationLab" ]
      },
      "identifier": [ {
        "type": {
          "coding": [ {
            "system": "http://terminology.hl7.org/CodeSystem/v2-0203",
            "code": "OBI"
          } ]
        },
        "system": "https://UKB.de/befund",
        "value": "UKB-0007-E-1-OL-2",
        "assigner": {
          "identifier": {
            "system": "https://www.medizininformatik-initiative.de/fhir/core/NamingSystem/org-identifier",
            "value": "UKB"
          }
        }
      } ],
      "status": "final",
      "category": [ {
        "coding": [ {
          "system": "http://terminology.hl7.org/CodeSystem/observation-category",
          "code": "laboratory",
          "display": "Laboratory"
        }, {
          "system": "http://loinc.org",
          "code": "26436-6",
          "display": "Laboratory studies (set)"
        } ]
      } ],
      "code": {
        "coding": [ {
          "system": "http://loinc.org",
          "code": "20570-8"
        } ],
        "text": "Hämatokrit"
      },
      "subject": {
        "reference": "Patient/UKB-0007"
      },
      "encounter": {
        "reference": "Encounter/UKB-0007-E-1"
      },
      "effectiveDateTime": "2019-10-18T00:00:00+02:00",
      "valueQuantity": {
        "value": 2.7,
        "unit": "percent",
        "system": "http://unitsofmeasure.org",
        "code": "%"
      }
    },
    "request": {
      "method": "PUT",
      "url": "Observation/UKB-0007-E-1-OL-2"
    }
  }, {
    "fullUrl": "Observation/UKB-0007-E-1-OL-3",
    "resource": {
      "resourceType": "Observation",
      "id": "UKB-0007-E-1-OL-3",
      "meta": {
        "profile": [ "https://www.medizininformatik-initiative.de/fhir/core/modul-labor/StructureDefinition/ObservationLab" ]
      },
      "identifier": [ {
        "type": {
          "coding": [ {
            "system": "http://terminology.hl7.org/CodeSystem/v2-0203",
            "code": "OBI"
          } ]
        },
        "system": "https://UKB.de/befund",
        "value": "UKB-0007-E-1-OL-3",
        "assigner": {
          "identifier": {
            "system": "https://www.medizininformatik-initiative.de/fhir/core/NamingSystem/org-identifier",
            "value": "UKB"
          }
        }
      } ],
      "status": "final",
      "category": [ {
        "coding": [ {
          "system": "http://terminology.hl7.org/CodeSystem/observation-category",
          "code": "laboratory",
          "display": "Laboratory"
        }, {
          "system": "http://loinc.org",
          "code": "26436-6",
          "display": "Laboratory studies (set)"
        } ]
      } ],
      "code": {
        "coding": [ {
          "system": "http://loinc.org",
          "code": "26453-1"
        } ],
        "text": "Erythrozyten"
      },
      "subject": {
        "reference": "Patient/UKB-0007"
      },
      "encounter": {
        "reference": "Encounter/UKB-0007-E-1"
      },
      "effectiveDateTime": "2019-10-18T00:00:00+02:00",
      "valueQuantity": {
        "value": 4.9,
        "unit": "trillion per liter",
        "system": "http://unitsofmeasure.org",
        "code": "10*12/L"
      }
    },
    "request": {
      "method": "PUT",
      "url": "Observation/UKB-0007-E-1-OL-3"
    }
  }, {
    "fullUrl": "Observation/UKB-0007-E-1-OL-4",
    "resource": {
      "resourceType": "Observation",
      "id": "UKB-0007-E-1-OL-4",
      "meta": {
        "profile": [ "https://www.medizininformatik-initiative.de/fhir/core/modul-labor/StructureDefinition/ObservationLab" ]
      },
      "identifier": [ {
        "type": {
          "coding": [ {
            "system": "http://terminology.hl7.org/CodeSystem/v2-0203",
            "code": "OBI"
          } ]
        },
        "system": "https://UKB.de/befund",
        "value": "UKB-0007-E-1-OL-4",
        "assigner": {
          "identifier": {
            "system": "https://www.medizininformatik-initiative.de/fhir/core/NamingSystem/org-identifier",
            "value": "UKB"
          }
        }
      } ],
      "status": "final",
      "category": [ {
        "coding": [ {
          "system": "http://terminology.hl7.org/CodeSystem/observation-category",
          "code": "laboratory",
          "display": "Laboratory"
        }, {
          "system": "http://loinc.org",
          "code": "26436-6",
          "display": "Laboratory studies (set)"
        } ]
      } ],
      "code": {
        "coding": [ {
          "system": "http://loinc.org",
          "code": "26464-8"
        } ],
        "text": "Leukozyten"
      },
      "subject": {
        "reference": "Patient/UKB-0007"
      },
      "encounter": {
        "reference": "Encounter/UKB-0007-E-1"
      },
      "effectiveDateTime": "2019-10-18T00:00:00+02:00",
      "valueQuantity": {
        "value": 8.5,
        "unit": "billion per liter",
        "system": "http://unitsofmeasure.org",
        "code": "10*9/L"
      }
    },
    "request": {
      "method": "PUT",
      "url": "Observation/UKB-0007-E-1-OL-4"
    }
  }, {
    "fullUrl": "Observation/UKB-0007-E-1-OL-5",
    "resource": {
      "resourceType": "Observation",
      "id": "UKB-0007-E-1-OL-5",
      "meta": {
        "profile": [ "https://www.medizininformatik-initiative.de/fhir/core/modul-labor/StructureDefinition/ObservationLab" ]
      },
      "identifier": [ {
        "type": {
          "coding": [ {
            "system": "http://terminology.hl7.org/CodeSystem/v2-0203",
            "code": "OBI"
          } ]
        },
        "system": "https://UKB.de/befund",
        "value": "UKB-0007-E-1-OL-5",
        "assigner": {
          "identifier": {
            "system": "https://www.medizininformatik-initiative.de/fhir/core/NamingSystem/org-identifier",
            "value": "UKB"
          }
        }
      } ],
      "status": "final",
      "category": [ {
        "coding": [ {
          "system": "http://terminology.hl7.org/CodeSystem/observation-category",
          "code": "laboratory",
          "display": "Laboratory"
        }, {
          "system": "http://loinc.org",
          "code": "26436-6",
          "display": "Laboratory studies (set)"
        } ]
      } ],
      "code": {
        "coding": [ {
          "system": "http://loinc.org",
          "code": "26515-7"
        } ],
        "text": "Thrombozyten"
      },
      "subject": {
        "reference": "Patient/UKB-0007"
      },
      "encounter": {
        "reference": "Encounter/UKB-0007-E-1"
      },
      "effectiveDateTime": "2019-10-18T00:00:00+02:00",
      "valueQuantity": {
        "value": 180,
        "unit": "billion per liter",
        "system": "http://unitsofmeasure.org",
        "code": "10*9/L"
      }
    },
    "request": {
      "method": "PUT",
      "url": "Observation/UKB-0007-E-1-OL-5"
    }
  }, {
    "fullUrl": "Observation/UKB-0007-E-1-OL-6",
    "resource": {
      "resourceType": "Observation",
      "id": "UKB-0007-E-1-OL-6",
      "meta": {
        "profile": [ "https://www.medizininformatik-initiative.de/fhir/core/modul-labor/StructureDefinition/ObservationLab" ]
      },
      "identifier": [ {
        "type": {
          "coding": [ {
            "system": "http://terminology.hl7.org/CodeSystem/v2-0203",
            "code": "OBI"
          } ]
        },
        "system": "https://UKB.de/befund",
        "value": "UKB-0007-E-1-OL-6",
        "assigner": {
          "identifier": {
            "system": "https://www.medizininformatik-initiative.de/fhir/core/NamingSystem/org-identifier",
            "value": "UKB"
          }
        }
      } ],
      "status": "final",
      "category": [ {
        "coding": [ {
          "system": "http://terminology.hl7.org/CodeSystem/observation-category",
          "code": "laboratory",
          "display": "Laboratory"
        }, {
          "system": "http://loinc.org",
          "code": "26436-6",
          "display": "Laboratory studies (set)"
        } ]
      } ],
      "code": {
        "coding": [ {
          "system": "http://loinc.org",
          "code": "26508-2"
        } ],
        "text": "Neutrophile"
      },
      "subject": {
        "reference": "Patient/UKB-0007"
      },
      "encounter": {
        "reference": "Encounter/UKB-0007-E-1"
      },
      "effectiveDateTime": "2019-10-18T00:00:00+02:00",
      "valueQuantity": {
        "value": 54,
        "unit": "percent",
        "system": "http://unitsofmeasure.org",
        "code": "%"
      }
    },
    "request": {
      "method": "PUT",
      "url": "Observation/UKB-0007-E-1-OL-6"
    }
  }, {
    "fullUrl": "Observation/UKB-0007-E-1-OL-7",
    "resource": {
      "resourceType": "Observation",
      "id": "UKB-0007-E-1-OL-7",
      "meta": {
        "profile": [ "https://www.medizininformatik-initiative.de/fhir/core/modul-labor/StructureDefinition/ObservationLab" ]
      },
      "identifier": [ {
        "type": {
          "coding": [ {
            "system": "http://terminology.hl7.org/CodeSystem/v2-0203",
            "code": "OBI"
          } ]
        },
        "system": "https://UKB.de/befund",
        "value": "UKB-0007-E-1-OL-7",
        "assigner": {
          "identifier": {
            "system": "https://www.medizininformatik-initiative.de/fhir/core/NamingSystem/org-identifier",
            "value": "UKB"
          }
        }
      } ],
      "status": "final",
      "category": [ {
        "coding": [ {
          "system": "http://terminology.hl7.org/CodeSystem/observation-category",
          "code": "laboratory",
          "display": "Laboratory"
        }, {
          "system": "http://loinc.org",
          "code": "26436-6",
          "display": "Laboratory studies (set)"
        } ]
      } ],
      "code": {
        "coding": [ {
          "system": "http://loinc.org",
          "code": "13046-8"
        } ],
        "text": "Lymphozyten"
      },
      "subject": {
        "reference": "Patient/UKB-0007"
      },
      "encounter": {
        "reference": "Encounter/UKB-0007-E-1"
      },
      "effectiveDateTime": "2019-10-18T00:00:00+02:00",
      "valueQuantity": {
        "value": 38,
        "unit": "percent",
        "system": "http://unitsofmeasure.org",
        "code": "%"
      }
    },
    "request": {
      "method": "PUT",
      "url": "Observation/UKB-0007-E-1-OL-7"
    }
  }, {
    "fullUrl": "Observation/UKB-0007-E-1-OL-8",
    "resource": {
      "resourceType": "Observation",
      "id": "UKB-0007-E-1-OL-8",
      "meta": {
        "profile": [ "https://www.medizininformatik-initiative.de/fhir/core/modul-labor/StructureDefinition/ObservationLab" ]
      },
      "identifier": [ {
        "type": {
          "coding": [ {
            "system": "http://terminology.hl7.org/CodeSystem/v2-0203",
            "code": "OBI"
          } ]
        },
        "system": "https://UKB.de/befund",
        "value": "UKB-0007-E-1-OL-8",
        "assigner": {
          "identifier": {
            "system": "https://www.medizininformatik-initiative.de/fhir/core/NamingSystem/org-identifier",
            "value": "UKB"
          }
        }
      } ],
      "status": "final",
      "category": [ {
        "coding": [ {
          "system": "http://terminology.hl7.org/CodeSystem/observation-category",
          "code": "laboratory",
          "display": "Laboratory"
        }, {
          "system": "http://loinc.org",
          "code": "26436-6",
          "display": "Laboratory studies (set)"
        } ]
      } ],
      "code": {
        "coding": [ {
          "system": "http://loinc.org",
          "code": "2947-0"
        } ],
        "text": "Natrium"
      },
      "subject": {
        "reference": "Patient/UKB-0007"
      },
      "encounter": {
        "reference": "Encounter/UKB-0007-E-1"
      },
      "effectiveDateTime": "2019-10-18T00:00:00+02:00",
      "valueQuantity": {
        "value": 140,
        "unit": "millimole per liter",
        "system": "http://unitsofmeasure.org",
        "code": "mmol/L"
      }
    },
    "request": {
      "method": "PUT",
      "url": "Observation/UKB-0007-E-1-OL-8"
    }
  }, {
    "fullUrl": "Observation/UKB-0007-E-1-OL-9",
    "resource": {
      "resourceType": "Observation",
      "id": "UKB-0007-E-1-OL-9",
      "meta": {
        "profile": [ "https://www.medizininformatik-initiative.de/fhir/core/modul-labor/StructureDefinition/ObservationLab" ]
      },
      "identifier": [ {
        "type": {
          "coding": [ {
            "system": "http://terminology.hl7.org/CodeSystem/v2-0203",
            "code": "OBI"
          } ]
        },
        "system": "https://UKB.de/befund",
        "value": "UKB-0007-E-1-OL-9",
        "assigner": {
          "identifier": {
            "system": "https://www.medizininformatik-initiative.de/fhir/core/NamingSystem/org-identifier",
            "value": "UKB"
          }
        }
      } ],
      "status": "final",
      "category": [ {
        "coding": [ {
          "system": "http://terminology.hl7.org/CodeSystem/observation-category",
          "code": "laboratory",
          "display": "Laboratory"
        }, {
          "system": "http://loinc.org",
          "code": "26436-6",
          "display": "Laboratory studies (set)"
        } ]
      } ],
      "code": {
        "coding": [ {
          "system": "http://loinc.org",
          "code": "6298-4"
        } ],
        "text": "Kalium"
      },
      "subject": {
        "reference": "Patient/UKB-0007"
      },
      "encounter": {
        "reference": "Encounter/UKB-0007-E-1"
      },
      "effectiveDateTime": "2019-10-18T00:00:00+02:00",
      "valueQuantity": {
        "value": 3.1,
        "unit": "millimole per liter",
        "system": "http://unitsofmeasure.org",
        "code": "mmol/L"
      }
    },
    "request": {
      "method": "PUT",
      "url": "Observation/UKB-0007-E-1-OL-9"
    }
  }, {
    "fullUrl": "Observation/UKB-0007-E-1-OL-10",
    "resource": {
      "resourceType": "Observation",
      "id": "UKB-0007-E-1-OL-10",
      "meta": {
        "profile": [ "https://www.medizininformatik-initiative.de/fhir/core/modul-labor/StructureDefinition/ObservationLab" ]
      },
      "identifier": [ {
        "type": {
          "coding": [ {
            "system": "http://terminology.hl7.org/CodeSystem/v2-0203",
            "code": "OBI"
          } ]
        },
        "system": "https://UKB.de/befund",
        "value": "UKB-0007-E-1-OL-10",
        "assigner": {
          "identifier": {
            "system": "https://www.medizininformatik-initiative.de/fhir/core/NamingSystem/org-identifier",
            "value": "UKB"
          }
        }
      } ],
      "status": "final",
      "category": [ {
        "coding": [ {
          "system": "http://terminology.hl7.org/CodeSystem/observation-category",
          "code": "laboratory",
          "display": "Laboratory"
        }, {
          "system": "http://loinc.org",
          "code": "26436-6",
          "display": "Laboratory studies (set)"
        } ]
      } ],
      "code": {
        "coding": [ {
          "system": "http://loinc.org",
          "code": "1996-8"
        } ],
        "text": "Calcium"
      },
      "subject": {
        "reference": "Patient/UKB-0007"
      },
      "encounter": {
        "reference": "Encounter/UKB-0007-E-1"
      },
      "effectiveDateTime": "2019-10-18T00:00:00+02:00",
      "valueQuantity": {
        "value": 2.2,
        "unit": "millimole per liter",
        "system": "http://unitsofmeasure.org",
        "code": "mmol/L"
      }
    },
    "request": {
      "method": "PUT",
      "url": "Observation/UKB-0007-E-1-OL-10"
    }
  }, {
    "fullUrl": "Observation/UKB-0007-E-1-OL-11",
    "resource": {
      "resourceType": "Observation",
      "id": "UKB-0007-E-1-OL-11",
      "meta": {
        "profile": [ "https://www.medizininformatik-initiative.de/fhir/core/modul-labor/StructureDefinition/ObservationLab" ]
      },
      "identifier": [ {
        "type": {
          "coding": [ {
            "system": "http://terminology.hl7.org/CodeSystem/v2-0203",
            "code": "OBI"
          } ]
        },
        "system": "https://UKB.de/befund",
        "value": "UKB-0007-E-1-OL-11",
        "assigner": {
          "identifier": {
            "system": "https://www.medizininformatik-initiative.de/fhir/core/NamingSystem/org-identifier",
            "value": "UKB"
          }
        }
      } ],
      "status": "final",
      "category": [ {
        "coding": [ {
          "system": "http://terminology.hl7.org/CodeSystem/observation-category",
          "code": "laboratory",
          "display": "Laboratory"
        }, {
          "system": "http://loinc.org",
          "code": "26436-6",
          "display": "Laboratory studies (set)"
        } ]
      } ],
      "code": {
        "coding": [ {
          "system": "http://loinc.org",
          "code": "2069-3"
        } ],
        "text": "Chlorid"
      },
      "subject": {
        "reference": "Patient/UKB-0007"
      },
      "encounter": {
        "reference": "Encounter/UKB-0007-E-1"
      },
      "effectiveDateTime": "2019-10-18T00:00:00+02:00",
      "valueQuantity": {
        "value": 103,
        "unit": "millimole per liter",
        "system": "http://unitsofmeasure.org",
        "code": "mmol/L"
      }
    },
    "request": {
      "method": "PUT",
      "url": "Observation/UKB-0007-E-1-OL-11"
    }
  }, {
    "fullUrl": "Observation/UKB-0007-E-1-OL-12",
    "resource": {
      "resourceType": "Observation",
      "id": "UKB-0007-E-1-OL-12",
      "meta": {
        "profile": [ "https://www.medizininformatik-initiative.de/fhir/core/modul-labor/StructureDefinition/ObservationLab" ]
      },
      "identifier": [ {
        "type": {
          "coding": [ {
            "system": "http://terminology.hl7.org/CodeSystem/v2-0203",
            "code": "OBI"
          } ]
        },
        "system": "https://UKB.de/befund",
        "value": "UKB-0007-E-1-OL-12",
        "assigner": {
          "identifier": {
            "system": "https://www.medizininformatik-initiative.de/fhir/core/NamingSystem/org-identifier",
            "value": "UKB"
          }
        }
      } ],
      "status": "final",
      "category": [ {
        "coding": [ {
          "system": "http://terminology.hl7.org/CodeSystem/observation-category",
          "code": "laboratory",
          "display": "Laboratory"
        }, {
          "system": "http://loinc.org",
          "code": "26436-6",
          "display": "Laboratory studies (set)"
        } ]
      } ],
      "code": {
        "coding": [ {
          "system": "http://loinc.org",
          "code": "59826-8"
        } ],
        "text": "Kreatinin"
      },
      "subject": {
        "reference": "Patient/UKB-0007"
      },
      "encounter": {
        "reference": "Encounter/UKB-0007-E-1"
      },
      "effectiveDateTime": "2019-10-18T00:00:00+02:00",
      "valueQuantity": {
        "value": 1.2,
        "unit": "milligram per deciliter",
        "system": "http://unitsofmeasure.org",
        "code": "mg/dL"
      }
    },
    "request": {
      "method": "PUT",
      "url": "Observation/UKB-0007-E-1-OL-12"
    }
  }, {
    "fullUrl": "Observation/UKB-0007-E-1-OL-13",
    "resource": {
      "resourceType": "Observation",
      "id": "UKB-0007-E-1-OL-13",
      "meta": {
        "profile": [ "https://www.medizininformatik-initiative.de/fhir/core/modul-labor/StructureDefinition/ObservationLab" ]
      },
      "identifier": [ {
        "type": {
          "coding": [ {
            "system": "http://terminology.hl7.org/CodeSystem/v2-0203",
            "code": "OBI"
          } ]
        },
        "system": "https://UKB.de/befund",
        "value": "UKB-0007-E-1-OL-13",
        "assigner": {
          "identifier": {
            "system": "https://www.medizininformatik-initiative.de/fhir/core/NamingSystem/org-identifier",
            "value": "UKB"
          }
        }
      } ],
      "status": "final",
      "category": [ {
        "coding": [ {
          "system": "http://terminology.hl7.org/CodeSystem/observation-category",
          "code": "laboratory",
          "display": "Laboratory"
        }, {
          "system": "http://loinc.org",
          "code": "26436-6",
          "display": "Laboratory studies (set)"
        } ]
      } ],
      "code": {
        "coding": [ {
          "system": "http://loinc.org",
          "code": "1920-8"
        } ],
        "text": "Aspartat-Aminotransferase"
      },
      "subject": {
        "reference": "Patient/UKB-0007"
      },
      "encounter": {
        "reference": "Encounter/UKB-0007-E-1"
      },
      "effectiveDateTime": "2019-10-18T00:00:00+02:00",
      "valueQuantity": {
        "value": 50,
        "unit": "enzyme unit per liter",
        "system": "http://unitsofmeasure.org",
        "code": "U/L"
      }
    },
    "request": {
      "method": "PUT",
      "url": "Observation/UKB-0007-E-1-OL-13"
    }
  }, {
    "fullUrl": "Observation/UKB-0007-E-1-OL-14",
    "resource": {
      "resourceType": "Observation",
      "id": "UKB-0007-E-1-OL-14",
      "meta": {
        "profile": [ "https://www.medizininformatik-initiative.de/fhir/core/modul-labor/StructureDefinition/ObservationLab" ]
      },
      "identifier": [ {
        "type": {
          "coding": [ {
            "system": "http://terminology.hl7.org/CodeSystem/v2-0203",
            "code": "OBI"
          } ]
        },
        "system": "https://UKB.de/befund",
        "value": "UKB-0007-E-1-OL-14",
        "assigner": {
          "identifier": {
            "system": "https://www.medizininformatik-initiative.de/fhir/core/NamingSystem/org-identifier",
            "value": "UKB"
          }
        }
      } ],
      "status": "final",
      "category": [ {
        "coding": [ {
          "system": "http://terminology.hl7.org/CodeSystem/observation-category",
          "code": "laboratory",
          "display": "Laboratory"
        }, {
          "system": "http://loinc.org",
          "code": "26436-6",
          "display": "Laboratory studies (set)"
        } ]
      } ],
      "code": {
        "coding": [ {
          "system": "http://loinc.org",
          "code": "76625-3"
        } ],
        "text": "Alanin-Aminotransferase"
      },
      "subject": {
        "reference": "Patient/UKB-0007"
      },
      "encounter": {
        "reference": "Encounter/UKB-0007-E-1"
      },
      "effectiveDateTime": "2019-10-18T00:00:00+02:00",
      "valueQuantity": {
        "value": 48,
        "unit": "enzyme unit per liter",
        "system": "http://unitsofmeasure.org",
        "code": "U/L"
      }
    },
    "request": {
      "method": "PUT",
      "url": "Observation/UKB-0007-E-1-OL-14"
    }
  }, {
    "fullUrl": "Observation/UKB-0007-E-1-OL-15",
    "resource": {
      "resourceType": "Observation",
      "id": "UKB-0007-E-1-OL-15",
      "meta": {
        "profile": [ "https://www.medizininformatik-initiative.de/fhir/core/modul-labor/StructureDefinition/ObservationLab" ]
      },
      "identifier": [ {
        "type": {
          "coding": [ {
            "system": "http://terminology.hl7.org/CodeSystem/v2-0203",
            "code": "OBI"
          } ]
        },
        "system": "https://UKB.de/befund",
        "value": "UKB-0007-E-1-OL-15",
        "assigner": {
          "identifier": {
            "system": "https://www.medizininformatik-initiative.de/fhir/core/NamingSystem/org-identifier",
            "value": "UKB"
          }
        }
      } ],
      "status": "final",
      "category": [ {
        "coding": [ {
          "system": "http://terminology.hl7.org/CodeSystem/observation-category",
          "code": "laboratory",
          "display": "Laboratory"
        }, {
          "system": "http://loinc.org",
          "code": "26436-6",
          "display": "Laboratory studies (set)"
        } ]
      } ],
      "code": {
        "coding": [ {
          "system": "http://loinc.org",
          "code": "2324-2"
        } ],
        "text": "Gamma-Glutamyl-Transferase"
      },
      "subject": {
        "reference": "Patient/UKB-0007"
      },
      "encounter": {
        "reference": "Encounter/UKB-0007-E-1"
      },
      "effectiveDateTime": "2019-10-18T00:00:00+02:00",
      "valueQuantity": {
        "value": 32,
        "unit": "enzyme unit per liter",
        "system": "http://unitsofmeasure.org",
        "code": "U/L"
      }
    },
    "request": {
      "method": "PUT",
      "url": "Observation/UKB-0007-E-1-OL-15"
    }
  }, {
    "fullUrl": "Observation/UKB-0007-E-1-OL-16",
    "resource": {
      "resourceType": "Observation",
      "id": "UKB-0007-E-1-OL-16",
      "meta": {
        "profile": [ "https://www.medizininformatik-initiative.de/fhir/core/modul-labor/StructureDefinition/ObservationLab" ]
      },
      "identifier": [ {
        "type": {
          "coding": [ {
            "system": "http://terminology.hl7.org/CodeSystem/v2-0203",
            "code": "OBI"
          } ]
        },
        "system": "https://UKB.de/befund",
        "value": "UKB-0007-E-1-OL-16",
        "assigner": {
          "identifier": {
            "system": "https://www.medizininformatik-initiative.de/fhir/core/NamingSystem/org-identifier",
            "value": "UKB"
          }
        }
      } ],
      "status": "final",
      "category": [ {
        "coding": [ {
          "system": "http://terminology.hl7.org/CodeSystem/observation-category",
          "code": "laboratory",
          "display": "Laboratory"
        }, {
          "system": "http://loinc.org",
          "code": "26436-6",
          "display": "Laboratory studies (set)"
        } ]
      } ],
      "code": {
        "coding": [ {
          "system": "http://loinc.org",
          "code": "2885-2"
        } ],
        "text": "Gesamteiweiß"
      },
      "subject": {
        "reference": "Patient/UKB-0007"
      },
      "encounter": {
        "reference": "Encounter/UKB-0007-E-1"
      },
      "effectiveDateTime": "2019-10-18T00:00:00+02:00",
      "valueQuantity": {
        "value": 8.4,
        "unit": "gram per deciliter",
        "system": "http://unitsofmeasure.org",
        "code": "g/dL"
      }
    },
    "request": {
      "method": "PUT",
      "url": "Observation/UKB-0007-E-1-OL-16"
    }
  }, {
    "fullUrl": "Observation/UKB-0007-E-1-OL-17",
    "resource": {
      "resourceType": "Observation",
      "id": "UKB-0007-E-1-OL-17",
      "meta": {
        "profile": [ "https://www.medizininformatik-initiative.de/fhir/core/modul-labor/StructureDefinition/ObservationLab" ]
      },
      "identifier": [ {
        "type": {
          "coding": [ {
            "system": "http://terminology.hl7.org/CodeSystem/v2-0203",
            "code": "OBI"
          } ]
        },
        "system": "https://UKB.de/befund",
        "value": "UKB-0007-E-1-OL-17",
        "assigner": {
          "identifier": {
            "system": "https://www.medizininformatik-initiative.de/fhir/core/NamingSystem/org-identifier",
            "value": "UKB"
          }
        }
      } ],
      "status": "final",
      "category": [ {
        "coding": [ {
          "system": "http://terminology.hl7.org/CodeSystem/observation-category",
          "code": "laboratory",
          "display": "Laboratory"
        }, {
          "system": "http://loinc.org",
          "code": "26436-6",
          "display": "Laboratory studies (set)"
        } ]
      } ],
      "code": {
        "coding": [ {
          "system": "http://loinc.org",
          "code": "54363-7"
        } ],
        "text": "Bilirubin"
      },
      "subject": {
        "reference": "Patient/UKB-0007"
      },
      "encounter": {
        "reference": "Encounter/UKB-0007-E-1"
      },
      "effectiveDateTime": "2019-10-18T00:00:00+02:00",
      "valueQuantity": {
        "value": 2.6,
        "unit": "milligram per deciliter",
        "system": "http://unitsofmeasure.org",
        "code": "mg/dL"
      }
    },
    "request": {
      "method": "PUT",
      "url": "Observation/UKB-0007-E-1-OL-17"
    }
  }, {
    "fullUrl": "Observation/UKB-0007-E-1-OL-18",
    "resource": {
      "resourceType": "Observation",
      "id": "UKB-0007-E-1-OL-18",
      "meta": {
        "profile": [ "https://www.medizininformatik-initiative.de/fhir/core/modul-labor/StructureDefinition/ObservationLab" ]
      },
      "identifier": [ {
        "type": {
          "coding": [ {
            "system": "http://terminology.hl7.org/CodeSystem/v2-0203",
            "code": "OBI"
          } ]
        },
        "system": "https://UKB.de/befund",
        "value": "UKB-0007-E-1-OL-18",
        "assigner": {
          "identifier": {
            "system": "https://www.medizininformatik-initiative.de/fhir/core/NamingSystem/org-identifier",
            "value": "UKB"
          }
        }
      } ],
      "status": "final",
      "category": [ {
        "coding": [ {
          "system": "http://terminology.hl7.org/CodeSystem/observation-category",
          "code": "laboratory",
          "display": "Laboratory"
        }, {
          "system": "http://loinc.org",
          "code": "26436-6",
          "display": "Laboratory studies (set)"
        } ]
      } ],
      "code": {
        "coding": [ {
          "system": "http://loinc.org",
          "code": "72903-8"
        } ],
        "text": "Harnstoff"
      },
      "subject": {
        "reference": "Patient/UKB-0007"
      },
      "encounter": {
        "reference": "Encounter/UKB-0007-E-1"
      },
      "effectiveDateTime": "2019-10-18T00:00:00+02:00",
      "valueQuantity": {
        "value": 60,
        "unit": "milligram per deciliter",
        "system": "http://unitsofmeasure.org",
        "code": "mg/dL"
      }
    },
    "request": {
      "method": "PUT",
      "url": "Observation/UKB-0007-E-1-OL-18"
    }
  }, {
    "fullUrl": "Observation/UKB-0007-E-1-OL-19",
    "resource": {
      "resourceType": "Observation",
      "id": "UKB-0007-E-1-OL-19",
      "meta": {
        "profile": [ "https://www.medizininformatik-initiative.de/fhir/core/modul-labor/StructureDefinition/ObservationLab" ]
      },
      "identifier": [ {
        "type": {
          "coding": [ {
            "system": "http://terminology.hl7.org/CodeSystem/v2-0203",
            "code": "OBI"
          } ]
        },
        "system": "https://UKB.de/befund",
        "value": "UKB-0007-E-1-OL-19",
        "assigner": {
          "identifier": {
            "system": "https://www.medizininformatik-initiative.de/fhir/core/NamingSystem/org-identifier",
            "value": "UKB"
          }
        }
      } ],
      "status": "final",
      "category": [ {
        "coding": [ {
          "system": "http://terminology.hl7.org/CodeSystem/observation-category",
          "code": "laboratory",
          "display": "Laboratory"
        }, {
          "system": "http://loinc.org",
          "code": "26436-6",
          "display": "Laboratory studies (set)"
        } ]
      } ],
      "code": {
        "coding": [ {
          "system": "http://loinc.org",
          "code": "14933-6"
        } ],
        "text": "Harnsäure"
      },
      "subject": {
        "reference": "Patient/UKB-0007"
      },
      "encounter": {
        "reference": "Encounter/UKB-0007-E-1"
      },
      "effectiveDateTime": "2019-10-18T00:00:00+02:00",
      "valueQuantity": {
        "value": 11.9,
        "unit": "milligram per deciliter",
        "system": "http://unitsofmeasure.org",
        "code": "mg/dL"
      }
    },
    "request": {
      "method": "PUT",
      "url": "Observation/UKB-0007-E-1-OL-19"
    }
  }, {
    "fullUrl": "Observation/UKB-0007-E-1-OL-20",
    "resource": {
      "resourceType": "Observation",
      "id": "UKB-0007-E-1-OL-20",
      "meta": {
        "profile": [ "https://www.medizininformatik-initiative.de/fhir/core/modul-labor/StructureDefinition/ObservationLab" ]
      },
      "identifier": [ {
        "type": {
          "coding": [ {
            "system": "http://terminology.hl7.org/CodeSystem/v2-0203",
            "code": "OBI"
          } ]
        },
        "system": "https://UKB.de/befund",
        "value": "UKB-0007-E-1-OL-20",
        "assigner": {
          "identifier": {
            "system": "https://www.medizininformatik-initiative.de/fhir/core/NamingSystem/org-identifier",
            "value": "UKB"
          }
        }
      } ],
      "status": "final",
      "category": [ {
        "coding": [ {
          "system": "http://terminology.hl7.org/CodeSystem/observation-category",
          "code": "laboratory",
          "display": "Laboratory"
        }, {
          "system": "http://loinc.org",
          "code": "26436-6",
          "display": "Laboratory studies (set)"
        } ]
      } ],
      "code": {
        "coding": [ {
          "system": "http://loinc.org",
          "code": "2069-3"
        } ],
        "text": "Chlorid"
      },
      "subject": {
        "reference": "Patient/UKB-0007"
      },
      "encounter": {
        "reference": "Encounter/UKB-0007-E-1"
      },
      "effectiveDateTime": "2019-10-18T00:00:00+02:00",
      "valueQuantity": {
        "value": 160,
        "unit": "millimole per liter",
        "system": "http://unitsofmeasure.org",
        "code": "mmol/L"
      }
    },
    "request": {
      "method": "PUT",
      "url": "Observation/UKB-0007-E-1-OL-20"
    }
  }, {
    "fullUrl": "Condition/UKB-0007-E-1-D-1",
    "resource": {
      "resourceType": "Condition",
      "id": "UKB-0007-E-1-D-1",
      "meta": {
        "profile": [ "https://www.medizininformatik-initiative.de/fhir/core/modul-diagnose/StructureDefinition/Diagnose" ]
      },
      "identifier": [ {
        "value": "UKB-0007-E-1-D-1"
      } ],
      "code": {
        "coding": [ {
          "system": "http://fhir.de/CodeSystem/bfarm/icd-10-gm",
          "version": "2020",
          "code": "M06.94"
        } ],
        "text": "Chronische Polyarthritis, nicht näher bezeichnet : Hand"
      },
      "subject": {
        "reference": "Patient/UKB-0007"
      },
      "recordedDate": "2019-10-18T00:00:00+02:00"
    },
    "request": {
      "method": "PUT",
      "url": "Condition/UKB-0007-E-1-D-1"
    }
  }, {
    "fullUrl": "Condition/UKB-0007-E-1-D-2",
    "resource": {
      "resourceType": "Condition",
      "id": "UKB-0007-E-1-D-2",
      "meta": {
        "profile": [ "https://www.medizininformatik-initiative.de/fhir/core/modul-diagnose/StructureDefinition/Diagnose" ]
      },
      "identifier": [ {
        "value": "UKB-0007-E-1-D-2"
      } ],
      "code": {
        "coding": [ {
          "system": "http://fhir.de/CodeSystem/bfarm/icd-10-gm",
          "version": "2020",
          "code": "M06.96"
        } ],
        "text": "Chronische Polyarthritis, nicht näher bezeichnet : Unterschenkel"
      },
      "subject": {
        "reference": "Patient/UKB-0007"
      },
      "recordedDate": "2019-10-18T00:00:00+02:00"
    },
    "request": {
      "method": "PUT",
      "url": "Condition/UKB-0007-E-1-D-2"
    }
  }, {
    "fullUrl": "Condition/UKB-0007-E-1-D-3",
    "resource": {
      "resourceType": "Condition",
      "id": "UKB-0007-E-1-D-3",
      "meta": {
        "profile": [ "https://www.medizininformatik-initiative.de/fhir/core/modul-diagnose/StructureDefinition/Diagnose" ]
      },
      "identifier": [ {
        "value": "UKB-0007-E-1-D-3"
      } ],
      "code": {
        "coding": [ {
          "system": "http://fhir.de/CodeSystem/bfarm/icd-10-gm",
          "version": "2020",
          "code": "M06.97"
        } ],
        "text": "Chronische Polyarthritis, nicht näher bezeichnet : Knöchel und Fuß"
      },
      "subject": {
        "reference": "Patient/UKB-0007"
      },
      "recordedDate": "2019-10-18T00:00:00+02:00"
    },
    "request": {
      "method": "PUT",
      "url": "Condition/UKB-0007-E-1-D-3"
    }
  }, {
    "fullUrl": "Condition/UKB-0007-E-1-D-4",
    "resource": {
      "resourceType": "Condition",
      "id": "UKB-0007-E-1-D-4",
      "meta": {
        "profile": [ "https://www.medizininformatik-initiative.de/fhir/core/modul-diagnose/StructureDefinition/Diagnose" ]
      },
      "identifier": [ {
        "value": "UKB-0007-E-1-D-4"
      } ],
      "code": {
        "coding": [ {
          "system": "http://fhir.de/CodeSystem/bfarm/icd-10-gm",
          "version": "2020",
          "code": "M06.94"
        } ],
        "text": "Chronische Polyarthritis, nicht näher bezeichnet : Hand"
      },
      "subject": {
        "reference": "Patient/UKB-0007"
      },
      "recordedDate": "2019-10-18T00:00:00+02:00"
    },
    "request": {
      "method": "PUT",
      "url": "Condition/UKB-0007-E-1-D-4"
    }
  }, {
    "fullUrl": "Condition/UKB-0007-E-1-D-5",
    "resource": {
      "resourceType": "Condition",
      "id": "UKB-0007-E-1-D-5",
      "meta": {
        "profile": [ "https://www.medizininformatik-initiative.de/fhir/core/modul-diagnose/StructureDefinition/Diagnose" ]
      },
      "identifier": [ {
        "value": "UKB-0007-E-1-D-5"
      } ],
      "code": {
        "coding": [ {
          "system": "http://fhir.de/CodeSystem/bfarm/icd-10-gm",
          "version": "2020",
          "code": "M06.96"
        } ],
        "text": "Chronische Polyarthritis, nicht näher bezeichnet : Unterschenkel"
      },
      "subject": {
        "reference": "Patient/UKB-0007"
      },
      "recordedDate": "2019-10-18T00:00:00+02:00"
    },
    "request": {
      "method": "PUT",
      "url": "Condition/UKB-0007-E-1-D-5"
    }
  }, {
    "fullUrl": "Condition/UKB-0007-E-1-D-6",
    "resource": {
      "resourceType": "Condition",
      "id": "UKB-0007-E-1-D-6",
      "meta": {
        "profile": [ "https://www.medizininformatik-initiative.de/fhir/core/modul-diagnose/StructureDefinition/Diagnose" ]
      },
      "identifier": [ {
        "value": "UKB-0007-E-1-D-6"
      } ],
      "code": {
        "coding": [ {
          "system": "http://fhir.de/CodeSystem/bfarm/icd-10-gm",
          "version": "2020",
          "code": "M06.97"
        } ],
        "text": "Chronische Polyarthritis, nicht näher bezeichnet : Knöchel und Fuß"
      },
      "subject": {
        "reference": "Patient/UKB-0007"
      },
      "recordedDate": "2019-10-18T00:00:00+02:00"
    },
    "request": {
      "method": "PUT",
      "url": "Condition/UKB-0007-E-1-D-6"
    }
  }, {
    "fullUrl": "Condition/UKB-0007-E-1-D-7",
    "resource": {
      "resourceType": "Condition",
      "id": "UKB-0007-E-1-D-7",
      "meta": {
        "profile": [ "https://www.medizininformatik-initiative.de/fhir/core/modul-diagnose/StructureDefinition/Diagnose" ]
      },
      "identifier": [ {
        "value": "UKB-0007-E-1-D-7"
      } ],
      "code": {
        "coding": [ {
          "system": "http://fhir.de/CodeSystem/bfarm/icd-10-gm",
          "version": "2020",
          "code": "M10.07"
        } ],
        "text": "Idiopathische Gicht : Knöchel und Fuß"
      },
      "subject": {
        "reference": "Patient/UKB-0007"
      },
      "recordedDate": "2019-10-18T00:00:00+02:00"
    },
    "request": {
      "method": "PUT",
      "url": "Condition/UKB-0007-E-1-D-7"
    }
  }, {
    "fullUrl": "Procedure/UKB-0007-E-1-P-1",
    "resource": {
      "resourceType": "Procedure",
      "id": "UKB-0007-E-1-P-1",
      "meta": {
        "profile": [ "https://www.medizininformatik-initiative.de/fhir/core/modul-prozedur/StructureDefinition/Procedure" ]
      },
      "status": "completed",
      "category": {
        "coding": [ {
          "system": "http://snomed.info/sct",
          "_code": {
            "extension": [ {
              "url": "http://terminology.hl7.org/CodeSystem/data-absent-reason",
              "valueCode": "unknown"
            } ]
          }
        } ]
      },
      "code": {
        "coding": [ {
          "system": "http://fhir.de/CodeSystem/bfarm/ops",
          "version": "2020",
          "_code": {
            "extension": [ {
              "url": "http://terminology.hl7.org/CodeSystem/data-absent-reason",
              "valueCode": "unknown"
            } ]
          }
        } ],
        "text": "Röntgen Hände bds."
      },
      "subject": {
        "reference": "Patient/UKB-0007"
      },
      "performedDateTime": "2019-10-18T00:00:00+02:00"
    },
    "request": {
      "method": "PUT",
      "url": "Procedure/UKB-0007-E-1-P-1"
    }
  }, {
    "fullUrl": "Procedure/UKB-0007-E-1-P-2",
    "resource": {
      "resourceType": "Procedure",
      "id": "UKB-0007-E-1-P-2",
      "meta": {
        "profile": [ "https://www.medizininformatik-initiative.de/fhir/core/modul-prozedur/StructureDefinition/Procedure" ]
      },
      "status": "completed",
      "category": {
        "coding": [ {
          "system": "http://snomed.info/sct",
          "_code": {
            "extension": [ {
              "url": "http://terminology.hl7.org/CodeSystem/data-absent-reason",
              "valueCode": "unknown"
            } ]
          }
        } ]
      },
      "code": {
        "coding": [ {
          "system": "http://fhir.de/CodeSystem/bfarm/ops",
          "version": "2020",
          "_code": {
            "extension": [ {
              "url": "http://terminology.hl7.org/CodeSystem/data-absent-reason",
              "valueCode": "unknown"
            } ]
          }
        } ],
        "text": "Röntgen Knie bds."
      },
      "subject": {
        "reference": "Patient/UKB-0007"
      },
      "performedDateTime": "2019-10-18T00:00:00+02:00"
    },
    "request": {
      "method": "PUT",
      "url": "Procedure/UKB-0007-E-1-P-2"
    }
  }, {
    "fullUrl": "Procedure/UKB-0007-E-1-P-3",
    "resource": {
      "resourceType": "Procedure",
      "id": "UKB-0007-E-1-P-3",
      "meta": {
        "profile": [ "https://www.medizininformatik-initiative.de/fhir/core/modul-prozedur/StructureDefinition/Procedure" ]
      },
      "status": "completed",
      "category": {
        "coding": [ {
          "system": "http://snomed.info/sct",
          "_code": {
            "extension": [ {
              "url": "http://terminology.hl7.org/CodeSystem/data-absent-reason",
              "valueCode": "unknown"
            } ]
          }
        } ]
      },
      "code": {
        "coding": [ {
          "system": "http://fhir.de/CodeSystem/bfarm/ops",
          "version": "2020",
          "_code": {
            "extension": [ {
              "url": "http://terminology.hl7.org/CodeSystem/data-absent-reason",
              "valueCode": "unknown"
            } ]
          }
        } ],
        "text": "Röntgen Fußgelenke"
      },
      "subject": {
        "reference": "Patient/UKB-0007"
      },
      "performedDateTime": "2019-10-18T00:00:00+02:00"
    },
    "request": {
      "method": "PUT",
      "url": "Procedure/UKB-0007-E-1-P-3"
    }
  }, {
    "fullUrl": "Procedure/UKB-0007-E-1-P-4",
    "resource": {
      "resourceType": "Procedure",
      "id": "UKB-0007-E-1-P-4",
      "meta": {
        "profile": [ "https://www.medizininformatik-initiative.de/fhir/core/modul-prozedur/StructureDefinition/Procedure" ]
      },
      "status": "completed",
      "category": {
        "coding": [ {
          "system": "http://snomed.info/sct",
          "_code": {
            "extension": [ {
              "url": "http://terminology.hl7.org/CodeSystem/data-absent-reason",
              "valueCode": "unknown"
            } ]
          }
        } ]
      },
      "code": {
        "coding": [ {
          "system": "http://fhir.de/CodeSystem/bfarm/ops",
          "version": "2020",
          "_code": {
            "extension": [ {
              "url": "http://terminology.hl7.org/CodeSystem/data-absent-reason",
              "valueCode": "unknown"
            } ]
          }
        } ],
        "text": "Sonographie Abdomen"
      },
      "subject": {
        "reference": "Patient/UKB-0007"
      },
      "performedDateTime": "2019-10-18T00:00:00+02:00"
    },
    "request": {
      "method": "PUT",
      "url": "Procedure/UKB-0007-E-1-P-4"
    }
  }, {
    "fullUrl": "Procedure/UKB-0007-E-1-P-5",
    "resource": {
      "resourceType": "Procedure",
      "id": "UKB-0007-E-1-P-5",
      "meta": {
        "profile": [ "https://www.medizininformatik-initiative.de/fhir/core/modul-prozedur/StructureDefinition/Procedure" ]
      },
      "status": "completed",
      "category": {
        "coding": [ {
          "system": "http://snomed.info/sct",
          "code": "103693007",
          "display": "Diagnostic procedure"
        } ]
      },
      "code": {
        "coding": [ {
          "system": "http://fhir.de/CodeSystem/bfarm/ops",
          "version": "2020",
          "code": "1-650"
        } ],
        "text": "Diagnostische Koloskopie"
      },
      "subject": {
        "reference": "Patient/UKB-0007"
      },
      "performedDateTime": "2019-10-18T00:00:00+02:00"
    },
    "request": {
      "method": "PUT",
      "url": "Procedure/UKB-0007-E-1-P-5"
    }
  }, {
    "fullUrl": "Procedure/UKB-0007-E-1-P-6",
    "resource": {
      "resourceType": "Procedure",
      "id": "UKB-0007-E-1-P-6",
      "meta": {
        "profile": [ "https://www.medizininformatik-initiative.de/fhir/core/modul-prozedur/StructureDefinition/Procedure" ]
      },
      "status": "completed",
      "category": {
        "coding": [ {
          "system": "http://snomed.info/sct",
          "code": "103693007",
          "display": "Diagnostic procedure"
        } ]
      },
      "code": {
        "coding": [ {
          "system": "http://fhir.de/CodeSystem/bfarm/ops",
          "version": "2020",
          "code": "1-631"
        } ],
        "text": "Diagnostische Gastroskopie"
      },
      "subject": {
        "reference": "Patient/UKB-0007"
      },
      "performedDateTime": "2019-10-18T00:00:00+02:00"
    },
    "request": {
      "method": "PUT",
      "url": "Procedure/UKB-0007-E-1-P-6"
    }
  }, {
    "fullUrl": "Medication/Medication-1039760817",
    "resource": {
      "resourceType": "Medication",
      "id": "Medication-1039760817",
      "meta": {
        "profile": [ "https://www.medizininformatik-initiative.de/fhir/core/modul-medikation/StructureDefinition/Medication" ]
      },
      "identifier": [ {
        "value": "Medication-1039760817"
      } ],
      "code": {
        "coding": [ {
          "system": "http://fhir.de/CodeSystem/ifa/pzn",
          "code": "03411979"
        }, {
          "system": "http://fhir.de/CodeSystem/bfarm/atc",
          "code": "M01AC01",
          "userSelected": true
        } ],
        "text": "Piroxicam"
      },
      "ingredient": [ {
        "itemCodeableConcept": {
          "coding": [ {
            "system": "http://fhir.de/CodeSystem/ask",
            "_code": {
              "extension": [ {
                "url": "http://terminology.hl7.org/CodeSystem/data-absent-reason",
                "valueCode": "unknown"
              } ]
            }
          } ]
        },
        "strength": {
          "numerator": {
            "value": 20,
            "unit": "milligram",
            "system": "http://unitsofmeasure.org",
            "code": "mg"
          },
          "denominator": {
            "value": 1,
            "system": "http://XXX",
            "code": "Tabletten"
          }
        }
      } ]
    },
    "request": {
      "method": "PUT",
      "url": "Medication/Medication-1039760817"
    }
  }, {
    "fullUrl": "MedicationStatement/UKB-0007-E-1-MS-1",
    "resource": {
      "resourceType": "MedicationStatement",
      "id": "UKB-0007-E-1-MS-1",
      "meta": {
        "profile": [ "https://www.medizininformatik-initiative.de/fhir/core/modul-medikation/StructureDefinition/MedicationStatement" ]
      },
      "status": "active",
      "medicationReference": {
        "reference": "Medication/Medication-1039760817"
      },
      "subject": {
        "reference": "Patient/UKB-0007"
      },
      "context": {
        "reference": "Encounter/UKB-0007-E-1"
      },
      "effectiveDateTime": "2019-10-18T00:00:00+02:00",
      "dosage": [ {
        "doseAndRate": [ {
          "doseQuantity": {
            "value": 1,
            "unit": "Tabletten",
            "system": "http://unitsofmeasure.org",
            "code": "1"
          }
        } ]
      } ]
    },
    "request": {
      "method": "PUT",
      "url": "MedicationStatement/UKB-0007-E-1-MS-1"
    }
  }, {
    "fullUrl": "Medication/Medication-898132273",
    "resource": {
      "resourceType": "Medication",
      "id": "Medication-898132273",
      "meta": {
        "profile": [ "https://www.medizininformatik-initiative.de/fhir/core/modul-medikation/StructureDefinition/Medication" ]
      },
      "identifier": [ {
        "value": "Medication-898132273"
      } ],
      "code": {
        "coding": [ {
          "system": "http://fhir.de/CodeSystem/ifa/pzn",
          "code": "05005048"
        }, {
          "system": "http://fhir.de/CodeSystem/bfarm/atc",
          "code": "H02AB06",
          "userSelected": true
        } ],
        "text": "Prednisolon"
      },
      "ingredient": [ {
        "itemCodeableConcept": {
          "coding": [ {
            "system": "http://fhir.de/CodeSystem/ask",
            "_code": {
              "extension": [ {
                "url": "http://terminology.hl7.org/CodeSystem/data-absent-reason",
                "valueCode": "unknown"
              } ]
            }
          } ]
        },
        "strength": {
          "numerator": {
            "value": 10,
            "unit": "milligram",
            "system": "http://unitsofmeasure.org",
            "code": "mg"
          },
          "denominator": {
            "value": 1,
            "system": "http://XXX",
            "code": "Tabletten"
          }
        }
      } ]
    },
    "request": {
      "method": "PUT",
      "url": "Medication/Medication-898132273"
    }
  }, {
    "fullUrl": "MedicationStatement/UKB-0007-E-1-MS-2",
    "resource": {
      "resourceType": "MedicationStatement",
      "id": "UKB-0007-E-1-MS-2",
      "meta": {
        "profile": [ "https://www.medizininformatik-initiative.de/fhir/core/modul-medikation/StructureDefinition/MedicationStatement" ]
      },
      "status": "active",
      "medicationReference": {
        "reference": "Medication/Medication-898132273"
      },
      "subject": {
        "reference": "Patient/UKB-0007"
      },
      "context": {
        "reference": "Encounter/UKB-0007-E-1"
      },
      "effectiveDateTime": "2019-10-18T00:00:00+02:00",
      "dosage": [ {
        "doseAndRate": [ {
          "doseQuantity": {
            "value": 1,
            "unit": "Tabletten",
            "system": "http://unitsofmeasure.org",
            "code": "1"
          }
        } ]
      } ]
    },
    "request": {
      "method": "PUT",
      "url": "MedicationStatement/UKB-0007-E-1-MS-2"
    }
  }, {
    "fullUrl": "Medication/Medication-1928215888",
    "resource": {
      "resourceType": "Medication",
      "id": "Medication-1928215888",
      "meta": {
        "profile": [ "https://www.medizininformatik-initiative.de/fhir/core/modul-medikation/StructureDefinition/Medication" ]
      },
      "identifier": [ {
        "value": "Medication-1928215888"
      } ],
      "code": {
        "coding": [ {
          "system": "http://fhir.de/CodeSystem/ifa/pzn",
          "code": "03416422"
        }, {
          "system": "http://fhir.de/CodeSystem/bfarm/atc",
          "code": "N02BA01",
          "userSelected": true
        } ],
        "text": "Acetylsalicylsäure"
      },
      "ingredient": [ {
        "itemCodeableConcept": {
          "coding": [ {
            "system": "http://fhir.de/CodeSystem/ask",
            "_code": {
              "extension": [ {
                "url": "http://terminology.hl7.org/CodeSystem/data-absent-reason",
                "valueCode": "unknown"
              } ]
            }
          } ]
        },
        "strength": {
          "numerator": {
            "value": 500,
            "unit": "milligram",
            "system": "http://unitsofmeasure.org",
            "code": "mg"
          },
          "denominator": {
            "value": 1,
            "system": "http://XXX",
            "code": "Tabletten"
          }
        }
      } ]
    },
    "request": {
      "method": "PUT",
      "url": "Medication/Medication-1928215888"
    }
  }, {
    "fullUrl": "MedicationStatement/UKB-0007-E-1-MS-3",
    "resource": {
      "resourceType": "MedicationStatement",
      "id": "UKB-0007-E-1-MS-3",
      "meta": {
        "profile": [ "https://www.medizininformatik-initiative.de/fhir/core/modul-medikation/StructureDefinition/MedicationStatement" ]
      },
      "status": "active",
      "medicationReference": {
        "reference": "Medication/Medication-1928215888"
      },
      "subject": {
        "reference": "Patient/UKB-0007"
      },
      "context": {
        "reference": "Encounter/UKB-0007-E-1"
      },
      "effectiveDateTime": "2019-10-18T00:00:00+02:00",
      "dosage": [ {
        "doseAndRate": [ {
          "doseQuantity": {
            "value": 2,
            "unit": "Tabletten",
            "system": "http://unitsofmeasure.org",
            "code": "1"
          }
        } ]
      } ]
    },
    "request": {
      "method": "PUT",
      "url": "MedicationStatement/UKB-0007-E-1-MS-3"
    }
  }, {
    "fullUrl": "Medication/Medication--132842199",
    "resource": {
      "resourceType": "Medication",
      "id": "Medication--132842199",
      "meta": {
        "profile": [ "https://www.medizininformatik-initiative.de/fhir/core/modul-medikation/StructureDefinition/Medication" ]
      },
      "identifier": [ {
        "value": "Medication--132842199"
      } ],
      "code": {
        "coding": [ {
          "system": "http://fhir.de/CodeSystem/ifa/pzn",
          "code": "12636016"
        }, {
          "system": "http://fhir.de/CodeSystem/bfarm/atc",
          "code": "B01AF01",
          "userSelected": true
        } ],
        "text": "Rivaroxaban"
      },
      "ingredient": [ {
        "itemCodeableConcept": {
          "coding": [ {
            "system": "http://fhir.de/CodeSystem/ask",
            "_code": {
              "extension": [ {
                "url": "http://terminology.hl7.org/CodeSystem/data-absent-reason",
                "valueCode": "unknown"
              } ]
            }
          } ]
        },
        "strength": {
          "numerator": {
            "value": 10,
            "unit": "milligram",
            "system": "http://unitsofmeasure.org",
            "code": "mg"
          },
          "denominator": {
            "value": 1,
            "system": "http://XXX",
            "code": "Tabletten"
          }
        }
      } ]
    },
    "request": {
      "method": "PUT",
      "url": "Medication/Medication--132842199"
    }
  }, {
    "fullUrl": "MedicationStatement/UKB-0007-E-1-MS-4",
    "resource": {
      "resourceType": "MedicationStatement",
      "id": "UKB-0007-E-1-MS-4",
      "meta": {
        "profile": [ "https://www.medizininformatik-initiative.de/fhir/core/modul-medikation/StructureDefinition/MedicationStatement" ]
      },
      "status": "active",
      "medicationReference": {
        "reference": "Medication/Medication--132842199"
      },
      "subject": {
        "reference": "Patient/UKB-0007"
      },
      "context": {
        "reference": "Encounter/UKB-0007-E-1"
      },
      "effectiveDateTime": "2019-10-18T00:00:00+02:00",
      "dosage": [ {
        "doseAndRate": [ {
          "doseQuantity": {
            "value": 1,
            "unit": "Tabletten",
            "system": "http://unitsofmeasure.org",
            "code": "1"
          }
        } ]
      } ]
    },
    "request": {
      "method": "PUT",
      "url": "MedicationStatement/UKB-0007-E-1-MS-4"
    }
  }, {
    "fullUrl": "Medication/Medication-1042530419",
    "resource": {
      "resourceType": "Medication",
      "id": "Medication-1042530419",
      "meta": {
        "profile": [ "https://www.medizininformatik-initiative.de/fhir/core/modul-medikation/StructureDefinition/Medication" ]
      },
      "identifier": [ {
        "value": "Medication-1042530419"
      } ],
      "code": {
        "coding": [ {
          "system": "http://fhir.de/CodeSystem/ifa/pzn",
          "code": "00815765"
        }, {
          "system": "http://fhir.de/CodeSystem/bfarm/atc",
          "code": "M04AB01",
          "userSelected": true
        } ],
        "text": "Probenecid"
      },
      "ingredient": [ {
        "itemCodeableConcept": {
          "coding": [ {
            "system": "http://fhir.de/CodeSystem/ask",
            "_code": {
              "extension": [ {
                "url": "http://terminology.hl7.org/CodeSystem/data-absent-reason",
                "valueCode": "unknown"
              } ]
            }
          } ]
        },
        "strength": {
          "numerator": {
            "value": 250,
            "unit": "milligram",
            "system": "http://unitsofmeasure.org",
            "code": "mg"
          },
          "denominator": {
            "value": 1,
            "system": "http://XXX",
            "code": "Tabletten"
          }
        }
      } ]
    },
    "request": {
      "method": "PUT",
      "url": "Medication/Medication-1042530419"
    }
  }, {
    "fullUrl": "MedicationStatement/UKB-0007-E-1-MS-5",
    "resource": {
      "resourceType": "MedicationStatement",
      "id": "UKB-0007-E-1-MS-5",
      "meta": {
        "profile": [ "https://www.medizininformatik-initiative.de/fhir/core/modul-medikation/StructureDefinition/MedicationStatement" ]
      },
      "status": "active",
      "medicationReference": {
        "reference": "Medication/Medication-1042530419"
      },
      "subject": {
        "reference": "Patient/UKB-0007"
      },
      "context": {
        "reference": "Encounter/UKB-0007-E-1"
      },
      "effectiveDateTime": "2019-10-18T00:00:00+02:00",
      "dosage": [ {
        "doseAndRate": [ {
          "doseQuantity": {
            "value": 2,
            "unit": "Tabletten",
            "system": "http://unitsofmeasure.org",
            "code": "1"
          }
        } ]
      } ]
    },
    "request": {
      "method": "PUT",
      "url": "MedicationStatement/UKB-0007-E-1-MS-5"
    }
  }, {
    "fullUrl": "MedicationStatement/UKB-0007-E-1-MS-6",
    "resource": {
      "resourceType": "MedicationStatement",
      "id": "UKB-0007-E-1-MS-6",
      "meta": {
        "profile": [ "https://www.medizininformatik-initiative.de/fhir/core/modul-medikation/StructureDefinition/MedicationStatement" ]
      },
      "status": "active",
      "medicationReference": {
        "reference": "Medication/Medication-1039760817"
      },
      "subject": {
        "reference": "Patient/UKB-0007"
      },
      "context": {
        "reference": "Encounter/UKB-0007-E-1"
      },
      "effectiveDateTime": "2019-10-18T00:00:00+02:00",
      "dosage": [ {
        "doseAndRate": [ {
          "doseQuantity": {
            "value": 1,
            "unit": "Tabletten",
            "system": "http://unitsofmeasure.org",
            "code": "1"
          }
        } ]
      } ]
    },
    "request": {
      "method": "PUT",
      "url": "MedicationStatement/UKB-0007-E-1-MS-6"
    }
  }, {
    "fullUrl": "MedicationStatement/UKB-0007-E-1-MS-7",
    "resource": {
      "resourceType": "MedicationStatement",
      "id": "UKB-0007-E-1-MS-7",
      "meta": {
        "profile": [ "https://www.medizininformatik-initiative.de/fhir/core/modul-medikation/StructureDefinition/MedicationStatement" ]
      },
      "status": "active",
      "medicationReference": {
        "reference": "Medication/Medication-898132273"
      },
      "subject": {
        "reference": "Patient/UKB-0007"
      },
      "context": {
        "reference": "Encounter/UKB-0007-E-1"
      },
      "effectiveDateTime": "2019-10-18T00:00:00+02:00",
      "dosage": [ {
        "doseAndRate": [ {
          "doseQuantity": {
            "value": 1,
            "unit": "Tabletten",
            "system": "http://unitsofmeasure.org",
            "code": "1"
          }
        } ]
      } ]
    },
    "request": {
      "method": "PUT",
      "url": "MedicationStatement/UKB-0007-E-1-MS-7"
    }
  }, {
    "fullUrl": "MedicationStatement/UKB-0007-E-1-MS-8",
    "resource": {
      "resourceType": "MedicationStatement",
      "id": "UKB-0007-E-1-MS-8",
      "meta": {
        "profile": [ "https://www.medizininformatik-initiative.de/fhir/core/modul-medikation/StructureDefinition/MedicationStatement" ]
      },
      "status": "active",
      "medicationReference": {
        "reference": "Medication/Medication-1928215888"
      },
      "subject": {
        "reference": "Patient/UKB-0007"
      },
      "context": {
        "reference": "Encounter/UKB-0007-E-1"
      },
      "effectiveDateTime": "2019-10-18T00:00:00+02:00",
      "dosage": [ {
        "doseAndRate": [ {
          "doseQuantity": {
            "value": 2,
            "unit": "Tabletten",
            "system": "http://unitsofmeasure.org",
            "code": "1"
          }
        } ]
      } ]
    },
    "request": {
      "method": "PUT",
      "url": "MedicationStatement/UKB-0007-E-1-MS-8"
    }
  }, {
    "fullUrl": "MedicationStatement/UKB-0007-E-1-MS-9",
    "resource": {
      "resourceType": "MedicationStatement",
      "id": "UKB-0007-E-1-MS-9",
      "meta": {
        "profile": [ "https://www.medizininformatik-initiative.de/fhir/core/modul-medikation/StructureDefinition/MedicationStatement" ]
      },
      "status": "active",
      "medicationReference": {
        "reference": "Medication/Medication--132842199"
      },
      "subject": {
        "reference": "Patient/UKB-0007"
      },
      "context": {
        "reference": "Encounter/UKB-0007-E-1"
      },
      "effectiveDateTime": "2019-10-18T00:00:00+02:00",
      "dosage": [ {
        "doseAndRate": [ {
          "doseQuantity": {
            "value": 1,
            "unit": "Tabletten",
            "system": "http://unitsofmeasure.org",
            "code": "1"
          }
        } ]
      } ]
    },
    "request": {
      "method": "PUT",
      "url": "MedicationStatement/UKB-0007-E-1-MS-9"
    }
  }, {
    "fullUrl": "MedicationStatement/UKB-0007-E-1-MS-10",
    "resource": {
      "resourceType": "MedicationStatement",
      "id": "UKB-0007-E-1-MS-10",
      "meta": {
        "profile": [ "https://www.medizininformatik-initiative.de/fhir/core/modul-medikation/StructureDefinition/MedicationStatement" ]
      },
      "status": "active",
      "medicationReference": {
        "reference": "Medication/Medication-1042530419"
      },
      "subject": {
        "reference": "Patient/UKB-0007"
      },
      "context": {
        "reference": "Encounter/UKB-0007-E-1"
      },
      "effectiveDateTime": "2019-10-18T00:00:00+02:00",
      "dosage": [ {
        "doseAndRate": [ {
          "doseQuantity": {
            "value": 2,
            "unit": "Tabletten",
            "system": "http://unitsofmeasure.org",
            "code": "1"
          }
        } ]
      } ]
    },
    "request": {
      "method": "PUT",
      "url": "MedicationStatement/UKB-0007-E-1-MS-10"
    }
  }, {
    "fullUrl": "MedicationStatement/UKB-0007-E-1-MS-11",
    "resource": {
      "resourceType": "MedicationStatement",
      "id": "UKB-0007-E-1-MS-11",
      "meta": {
        "profile": [ "https://www.medizininformatik-initiative.de/fhir/core/modul-medikation/StructureDefinition/MedicationStatement" ]
      },
      "status": "active",
      "medicationReference": {
        "reference": "Medication/Medication-1039760817"
      },
      "subject": {
        "reference": "Patient/UKB-0007"
      },
      "context": {
        "reference": "Encounter/UKB-0007-E-1"
      },
      "effectiveDateTime": "2019-10-19T00:00:00+02:00",
      "dosage": [ {
        "doseAndRate": [ {
          "doseQuantity": {
            "value": 1,
            "unit": "Tabletten",
            "system": "http://unitsofmeasure.org",
            "code": "1"
          }
        } ]
      } ]
    },
    "request": {
      "method": "PUT",
      "url": "MedicationStatement/UKB-0007-E-1-MS-11"
    }
  }, {
    "fullUrl": "MedicationStatement/UKB-0007-E-1-MS-12",
    "resource": {
      "resourceType": "MedicationStatement",
      "id": "UKB-0007-E-1-MS-12",
      "meta": {
        "profile": [ "https://www.medizininformatik-initiative.de/fhir/core/modul-medikation/StructureDefinition/MedicationStatement" ]
      },
      "status": "active",
      "medicationReference": {
        "reference": "Medication/Medication-898132273"
      },
      "subject": {
        "reference": "Patient/UKB-0007"
      },
      "context": {
        "reference": "Encounter/UKB-0007-E-1"
      },
      "effectiveDateTime": "2019-10-19T00:00:00+02:00",
      "dosage": [ {
        "doseAndRate": [ {
          "doseQuantity": {
            "value": 1,
            "unit": "Tabletten",
            "system": "http://unitsofmeasure.org",
            "code": "1"
          }
        } ]
      } ]
    },
    "request": {
      "method": "PUT",
      "url": "MedicationStatement/UKB-0007-E-1-MS-12"
    }
  }, {
    "fullUrl": "MedicationStatement/UKB-0007-E-1-MS-13",
    "resource": {
      "resourceType": "MedicationStatement",
      "id": "UKB-0007-E-1-MS-13",
      "meta": {
        "profile": [ "https://www.medizininformatik-initiative.de/fhir/core/modul-medikation/StructureDefinition/MedicationStatement" ]
      },
      "status": "active",
      "medicationReference": {
        "reference": "Medication/Medication-1928215888"
      },
      "subject": {
        "reference": "Patient/UKB-0007"
      },
      "context": {
        "reference": "Encounter/UKB-0007-E-1"
      },
      "effectiveDateTime": "2019-10-19T00:00:00+02:00",
      "dosage": [ {
        "doseAndRate": [ {
          "doseQuantity": {
            "value": 2,
            "unit": "Tabletten",
            "system": "http://unitsofmeasure.org",
            "code": "1"
          }
        } ]
      } ]
    },
    "request": {
      "method": "PUT",
      "url": "MedicationStatement/UKB-0007-E-1-MS-13"
    }
  }, {
    "fullUrl": "MedicationStatement/UKB-0007-E-1-MS-14",
    "resource": {
      "resourceType": "MedicationStatement",
      "id": "UKB-0007-E-1-MS-14",
      "meta": {
        "profile": [ "https://www.medizininformatik-initiative.de/fhir/core/modul-medikation/StructureDefinition/MedicationStatement" ]
      },
      "status": "active",
      "medicationReference": {
        "reference": "Medication/Medication--132842199"
      },
      "subject": {
        "reference": "Patient/UKB-0007"
      },
      "context": {
        "reference": "Encounter/UKB-0007-E-1"
      },
      "effectiveDateTime": "2019-10-19T00:00:00+02:00",
      "dosage": [ {
        "doseAndRate": [ {
          "doseQuantity": {
            "value": 1,
            "unit": "Tabletten",
            "system": "http://unitsofmeasure.org",
            "code": "1"
          }
        } ]
      } ]
    },
    "request": {
      "method": "PUT",
      "url": "MedicationStatement/UKB-0007-E-1-MS-14"
    }
  }, {
    "fullUrl": "MedicationStatement/UKB-0007-E-1-MS-15",
    "resource": {
      "resourceType": "MedicationStatement",
      "id": "UKB-0007-E-1-MS-15",
      "meta": {
        "profile": [ "https://www.medizininformatik-initiative.de/fhir/core/modul-medikation/StructureDefinition/MedicationStatement" ]
      },
      "status": "active",
      "medicationReference": {
        "reference": "Medication/Medication-1042530419"
      },
      "subject": {
        "reference": "Patient/UKB-0007"
      },
      "context": {
        "reference": "Encounter/UKB-0007-E-1"
      },
      "effectiveDateTime": "2019-10-19T00:00:00+02:00",
      "dosage": [ {
        "doseAndRate": [ {
          "doseQuantity": {
            "value": 2,
            "unit": "Tabletten",
            "system": "http://unitsofmeasure.org",
            "code": "1"
          }
        } ]
      } ]
    },
    "request": {
      "method": "PUT",
      "url": "MedicationStatement/UKB-0007-E-1-MS-15"
    }
  }, {
    "fullUrl": "Observation/UKB-0007-E-1-OV-1",
    "resource": {
      "resourceType": "Observation",
      "id": "UKB-0007-E-1-OV-1",
      "meta": {
        "profile": [ "https://www.medizininformatik-initiative.de/fhir/core/modul-labor/StructureDefinition/ObservationLab" ]
      },
      "identifier": [ {
        "type": {
          "coding": [ {
            "system": "http://terminology.hl7.org/CodeSystem/v2-0203",
            "code": "OBI"
          } ]
        },
        "system": "https://UKB.de/befund",
        "value": "UKB-0007-E-1-OV-1",
        "assigner": {
          "identifier": {
            "system": "https://www.medizininformatik-initiative.de/fhir/core/NamingSystem/org-identifier",
            "value": "UKB"
          }
        }
      } ],
      "status": "final",
      "category": [ {
        "coding": [ {
          "system": "http://terminology.hl7.org/CodeSystem/observation-category",
          "code": "laboratory",
          "display": "Laboratory"
        }, {
          "system": "http://loinc.org",
          "code": "26436-6",
          "display": "Laboratory studies (set)"
        } ]
      } ],
      "code": {
        "coding": [ {
          "system": "http://loinc.org",
          "code": "3142-7"
        } ],
        "text": "Körpergewicht"
      },
      "subject": {
        "reference": "Patient/UKB-0007"
      },
      "encounter": {
        "reference": "Encounter/UKB-0007-E-1"
      },
      "effectiveDateTime": "2019-10-18T00:00:00+02:00",
      "valueQuantity": {
        "value": 85,
        "unit": "kilogram",
        "system": "http://unitsofmeasure.org",
        "code": "kg"
      }
    },
    "request": {
      "method": "PUT",
      "url": "Observation/UKB-0007-E-1-OV-1"
    }
  }, {
    "fullUrl": "Observation/UKB-0007-E-1-OV-2",
    "resource": {
      "resourceType": "Observation",
      "id": "UKB-0007-E-1-OV-2",
      "meta": {
        "profile": [ "https://www.medizininformatik-initiative.de/fhir/core/modul-labor/StructureDefinition/ObservationLab" ]
      },
      "identifier": [ {
        "type": {
          "coding": [ {
            "system": "http://terminology.hl7.org/CodeSystem/v2-0203",
            "code": "OBI"
          } ]
        },
        "system": "https://UKB.de/befund",
        "value": "UKB-0007-E-1-OV-2",
        "assigner": {
          "identifier": {
            "system": "https://www.medizininformatik-initiative.de/fhir/core/NamingSystem/org-identifier",
            "value": "UKB"
          }
        }
      } ],
      "status": "final",
      "category": [ {
        "coding": [ {
          "system": "http://terminology.hl7.org/CodeSystem/observation-category",
          "code": "laboratory",
          "display": "Laboratory"
        }, {
          "system": "http://loinc.org",
          "code": "26436-6",
          "display": "Laboratory studies (set)"
        } ]
      } ],
      "code": {
        "coding": [ {
          "system": "http://loinc.org",
          "code": "8302-2"
        } ],
        "text": "Körpergröße"
      },
      "subject": {
        "reference": "Patient/UKB-0007"
      },
      "encounter": {
        "reference": "Encounter/UKB-0007-E-1"
      },
      "effectiveDateTime": "2019-10-18T00:00:00+02:00",
      "valueQuantity": {
        "value": 165,
        "unit": "centimeter",
        "system": "http://unitsofmeasure.org",
        "code": "cm"
      }
    },
    "request": {
      "method": "PUT",
      "url": "Observation/UKB-0007-E-1-OV-2"
    }
  }, {
    "fullUrl": "Observation/UKB-0007-E-1-OV-3",
    "resource": {
      "resourceType": "Observation",
      "id": "UKB-0007-E-1-OV-3",
      "meta": {
        "profile": [ "https://www.medizininformatik-initiative.de/fhir/core/modul-labor/StructureDefinition/ObservationLab" ]
      },
      "identifier": [ {
        "type": {
          "coding": [ {
            "system": "http://terminology.hl7.org/CodeSystem/v2-0203",
            "code": "OBI"
          } ]
        },
        "system": "https://UKB.de/befund",
        "value": "UKB-0007-E-1-OV-3",
        "assigner": {
          "identifier": {
            "system": "https://www.medizininformatik-initiative.de/fhir/core/NamingSystem/org-identifier",
            "value": "UKB"
          }
        }
      } ],
      "status": "final",
      "category": [ {
        "coding": [ {
          "system": "http://terminology.hl7.org/CodeSystem/observation-category",
          "code": "laboratory",
          "display": "Laboratory"
        }, {
          "system": "http://loinc.org",
          "code": "26436-6",
          "display": "Laboratory studies (set)"
        } ]
      } ],
      "code": {
        "coding": [ {
          "system": "http://loinc.org",
          "code": "8867-4"
        } ],
        "text": "Puls"
      },
      "subject": {
        "reference": "Patient/UKB-0007"
      },
      "encounter": {
        "reference": "Encounter/UKB-0007-E-1"
      },
      "effectiveDateTime": "2019-10-18T00:00:00+02:00",
      "valueQuantity": {
        "value": 85,
        "unit": "per minute",
        "system": "http://unitsofmeasure.org",
        "code": "/min"
      }
    },
    "request": {
      "method": "PUT",
      "url": "Observation/UKB-0007-E-1-OV-3"
    }
  }, {
    "fullUrl": "Observation/UKB-0007-E-1-OV-4",
    "resource": {
      "resourceType": "Observation",
      "id": "UKB-0007-E-1-OV-4",
      "meta": {
        "profile": [ "https://www.medizininformatik-initiative.de/fhir/core/modul-labor/StructureDefinition/ObservationLab" ]
      },
      "identifier": [ {
        "type": {
          "coding": [ {
            "system": "http://terminology.hl7.org/CodeSystem/v2-0203",
            "code": "OBI"
          } ]
        },
        "system": "https://UKB.de/befund",
        "value": "UKB-0007-E-1-OV-4",
        "assigner": {
          "identifier": {
            "system": "https://www.medizininformatik-initiative.de/fhir/core/NamingSystem/org-identifier",
            "value": "UKB"
          }
        }
      } ],
      "status": "final",
      "category": [ {
        "coding": [ {
          "system": "http://terminology.hl7.org/CodeSystem/observation-category",
          "code": "laboratory",
          "display": "Laboratory"
        }, {
          "system": "http://loinc.org",
          "code": "26436-6",
          "display": "Laboratory studies (set)"
        } ]
      } ],
      "code": {
        "coding": [ {
          "system": "http://loinc.org",
          "code": "8867-4"
        } ],
        "text": "Puls"
      },
      "subject": {
        "reference": "Patient/UKB-0007"
      },
      "encounter": {
        "reference": "Encounter/UKB-0007-E-1"
      },
      "effectiveDateTime": "2019-10-19T00:00:00+02:00",
      "valueQuantity": {
        "value": 82,
        "unit": "per minute",
        "system": "http://unitsofmeasure.org",
        "code": "/min"
      }
    },
    "request": {
      "method": "PUT",
      "url": "Observation/UKB-0007-E-1-OV-4"
    }
  }, {
    "fullUrl": "Observation/UKB-0007-E-1-OV-5",
    "resource": {
      "resourceType": "Observation",
      "id": "UKB-0007-E-1-OV-5",
      "meta": {
        "profile": [ "https://www.medizininformatik-initiative.de/fhir/core/modul-labor/StructureDefinition/ObservationLab" ]
      },
      "identifier": [ {
        "type": {
          "coding": [ {
            "system": "http://terminology.hl7.org/CodeSystem/v2-0203",
            "code": "OBI"
          } ]
        },
        "system": "https://UKB.de/befund",
        "value": "UKB-0007-E-1-OV-5",
        "assigner": {
          "identifier": {
            "system": "https://www.medizininformatik-initiative.de/fhir/core/NamingSystem/org-identifier",
            "value": "UKB"
          }
        }
      } ],
      "status": "final",
      "category": [ {
        "coding": [ {
          "system": "http://terminology.hl7.org/CodeSystem/observation-category",
          "code": "laboratory",
          "display": "Laboratory"
        }, {
          "system": "http://loinc.org",
          "code": "26436-6",
          "display": "Laboratory studies (set)"
        } ]
      } ],
      "code": {
        "coding": [ {
          "system": "http://loinc.org",
          "code": "8480-6"
        } ],
        "text": "Blutdruck SYS"
      },
      "subject": {
        "reference": "Patient/UKB-0007"
      },
      "encounter": {
        "reference": "Encounter/UKB-0007-E-1"
      },
      "effectiveDateTime": "2019-10-18T00:00:00+02:00",
      "valueQuantity": {
        "value": 126,
        "unit": "millimeter of mercury",
        "system": "http://unitsofmeasure.org",
        "code": "mm[Hg]"
      }
    },
    "request": {
      "method": "PUT",
      "url": "Observation/UKB-0007-E-1-OV-5"
    }
  }, {
    "fullUrl": "Observation/UKB-0007-E-1-OV-6",
    "resource": {
      "resourceType": "Observation",
      "id": "UKB-0007-E-1-OV-6",
      "meta": {
        "profile": [ "https://www.medizininformatik-initiative.de/fhir/core/modul-labor/StructureDefinition/ObservationLab" ]
      },
      "identifier": [ {
        "type": {
          "coding": [ {
            "system": "http://terminology.hl7.org/CodeSystem/v2-0203",
            "code": "OBI"
          } ]
        },
        "system": "https://UKB.de/befund",
        "value": "UKB-0007-E-1-OV-6",
        "assigner": {
          "identifier": {
            "system": "https://www.medizininformatik-initiative.de/fhir/core/NamingSystem/org-identifier",
            "value": "UKB"
          }
        }
      } ],
      "status": "final",
      "category": [ {
        "coding": [ {
          "system": "http://terminology.hl7.org/CodeSystem/observation-category",
          "code": "laboratory",
          "display": "Laboratory"
        }, {
          "system": "http://loinc.org",
          "code": "26436-6",
          "display": "Laboratory studies (set)"
        } ]
      } ],
      "code": {
        "coding": [ {
          "system": "http://loinc.org",
          "code": "8480-6"
        } ],
        "text": "Blutdruck SYS"
      },
      "subject": {
        "reference": "Patient/UKB-0007"
      },
      "encounter": {
        "reference": "Encounter/UKB-0007-E-1"
      },
      "effectiveDateTime": "2019-10-19T00:00:00+02:00",
      "valueQuantity": {
        "value": 132,
        "unit": "millimeter of mercury",
        "system": "http://unitsofmeasure.org",
        "code": "mm[Hg]"
      }
    },
    "request": {
      "method": "PUT",
      "url": "Observation/UKB-0007-E-1-OV-6"
    }
  }, {
    "fullUrl": "Observation/UKB-0007-E-1-OV-7",
    "resource": {
      "resourceType": "Observation",
      "id": "UKB-0007-E-1-OV-7",
      "meta": {
        "profile": [ "https://www.medizininformatik-initiative.de/fhir/core/modul-labor/StructureDefinition/ObservationLab" ]
      },
      "identifier": [ {
        "type": {
          "coding": [ {
            "system": "http://terminology.hl7.org/CodeSystem/v2-0203",
            "code": "OBI"
          } ]
        },
        "system": "https://UKB.de/befund",
        "value": "UKB-0007-E-1-OV-7",
        "assigner": {
          "identifier": {
            "system": "https://www.medizininformatik-initiative.de/fhir/core/NamingSystem/org-identifier",
            "value": "UKB"
          }
        }
      } ],
      "status": "final",
      "category": [ {
        "coding": [ {
          "system": "http://terminology.hl7.org/CodeSystem/observation-category",
          "code": "laboratory",
          "display": "Laboratory"
        }, {
          "system": "http://loinc.org",
          "code": "26436-6",
          "display": "Laboratory studies (set)"
        } ]
      } ],
      "code": {
        "coding": [ {
          "system": "http://loinc.org",
          "code": "8462-4"
        } ],
        "text": "Blutdruck DIA"
      },
      "subject": {
        "reference": "Patient/UKB-0007"
      },
      "encounter": {
        "reference": "Encounter/UKB-0007-E-1"
      },
      "effectiveDateTime": "2019-10-18T00:00:00+02:00",
      "valueQuantity": {
        "value": 85,
        "unit": "millimeter of mercury",
        "system": "http://unitsofmeasure.org",
        "code": "mm[Hg]"
      }
    },
    "request": {
      "method": "PUT",
      "url": "Observation/UKB-0007-E-1-OV-7"
    }
  }, {
    "fullUrl": "Observation/UKB-0007-E-1-OV-8",
    "resource": {
      "resourceType": "Observation",
      "id": "UKB-0007-E-1-OV-8",
      "meta": {
        "profile": [ "https://www.medizininformatik-initiative.de/fhir/core/modul-labor/StructureDefinition/ObservationLab" ]
      },
      "identifier": [ {
        "type": {
          "coding": [ {
            "system": "http://terminology.hl7.org/CodeSystem/v2-0203",
            "code": "OBI"
          } ]
        },
        "system": "https://UKB.de/befund",
        "value": "UKB-0007-E-1-OV-8",
        "assigner": {
          "identifier": {
            "system": "https://www.medizininformatik-initiative.de/fhir/core/NamingSystem/org-identifier",
            "value": "UKB"
          }
        }
      } ],
      "status": "final",
      "category": [ {
        "coding": [ {
          "system": "http://terminology.hl7.org/CodeSystem/observation-category",
          "code": "laboratory",
          "display": "Laboratory"
        }, {
          "system": "http://loinc.org",
          "code": "26436-6",
          "display": "Laboratory studies (set)"
        } ]
      } ],
      "code": {
        "coding": [ {
          "system": "http://loinc.org",
          "code": "8462-4"
        } ],
        "text": "Blutdruck DIA"
      },
      "subject": {
        "reference": "Patient/UKB-0007"
      },
      "encounter": {
        "reference": "Encounter/UKB-0007-E-1"
      },
      "effectiveDateTime": "2019-10-19T00:00:00+02:00",
      "valueQuantity": {
        "value": 80,
        "unit": "millimeter of mercury",
        "system": "http://unitsofmeasure.org",
        "code": "mm[Hg]"
      }
    },
    "request": {
      "method": "PUT",
      "url": "Observation/UKB-0007-E-1-OV-8"
    }
  }, {
    "fullUrl": "Observation/UKB-0007-E-1-OV-9",
    "resource": {
      "resourceType": "Observation",
      "id": "UKB-0007-E-1-OV-9",
      "meta": {
        "profile": [ "https://www.medizininformatik-initiative.de/fhir/core/modul-labor/StructureDefinition/ObservationLab" ]
      },
      "identifier": [ {
        "type": {
          "coding": [ {
            "system": "http://terminology.hl7.org/CodeSystem/v2-0203",
            "code": "OBI"
          } ]
        },
        "system": "https://UKB.de/befund",
        "value": "UKB-0007-E-1-OV-9",
        "assigner": {
          "identifier": {
            "system": "https://www.medizininformatik-initiative.de/fhir/core/NamingSystem/org-identifier",
            "value": "UKB"
          }
        }
      } ],
      "status": "final",
      "category": [ {
        "coding": [ {
          "system": "http://terminology.hl7.org/CodeSystem/observation-category",
          "code": "laboratory",
          "display": "Laboratory"
        }, {
          "system": "http://loinc.org",
          "code": "26436-6",
          "display": "Laboratory studies (set)"
        } ]
      } ],
      "code": {
        "coding": [ {
          "system": "http://loinc.org",
          "code": "8310-5"
        } ],
        "text": "Körpertemperatur"
      },
      "subject": {
        "reference": "Patient/UKB-0007"
      },
      "encounter": {
        "reference": "Encounter/UKB-0007-E-1"
      },
      "effectiveDateTime": "2019-10-18T00:00:00+02:00",
      "valueQuantity": {
        "value": 37.1,
        "unit": "degree Celsius",
        "system": "http://unitsofmeasure.org",
        "code": "Cel"
      }
    },
    "request": {
      "method": "PUT",
      "url": "Observation/UKB-0007-E-1-OV-9"
    }
  }, {
    "fullUrl": "Observation/UKB-0007-E-1-OV-10",
    "resource": {
      "resourceType": "Observation",
      "id": "UKB-0007-E-1-OV-10",
      "meta": {
        "profile": [ "https://www.medizininformatik-initiative.de/fhir/core/modul-labor/StructureDefinition/ObservationLab" ]
      },
      "identifier": [ {
        "type": {
          "coding": [ {
            "system": "http://terminology.hl7.org/CodeSystem/v2-0203",
            "code": "OBI"
          } ]
        },
        "system": "https://UKB.de/befund",
        "value": "UKB-0007-E-1-OV-10",
        "assigner": {
          "identifier": {
            "system": "https://www.medizininformatik-initiative.de/fhir/core/NamingSystem/org-identifier",
            "value": "UKB"
          }
        }
      } ],
      "status": "final",
      "category": [ {
        "coding": [ {
          "system": "http://terminology.hl7.org/CodeSystem/observation-category",
          "code": "laboratory",
          "display": "Laboratory"
        }, {
          "system": "http://loinc.org",
          "code": "26436-6",
          "display": "Laboratory studies (set)"
        } ]
      } ],
      "code": {
        "coding": [ {
          "system": "http://loinc.org",
          "code": "8310-5"
        } ],
        "text": "Körpertemperatur"
      },
      "subject": {
        "reference": "Patient/UKB-0007"
      },
      "encounter": {
        "reference": "Encounter/UKB-0007-E-1"
      },
      "effectiveDateTime": "2019-10-19T00:00:00+02:00",
      "valueQuantity": {
        "value": 36.8,
        "unit": "degree Celsius",
        "system": "http://unitsofmeasure.org",
        "code": "Cel"
      }
    },
    "request": {
      "method": "PUT",
      "url": "Observation/UKB-0007-E-1-OV-10"
    }
  } ]
}