fullUrl,resource_resourceType,resource_id,resource_meta_profile_0,resource_identifier_0_use,resource_identifier_0_type_coding_0_system,resource_identifier_0_type_coding_0_code,resource_identifier_0_system,resource_identifier_0_value,resource_name_0_use,resource_name_0_family,resource_name_0_given_0,resource_gender,resource_birthDate,resource_address_0_type,resource_address_0_line_0,resource_address_0_city,resource_address_0_postalCode,resource_address_0_country,resource_generalPractitioner_0_display,request_method,request_url,resource_identifier_0__system_extension_0_url,resource_identifier_0__system_extension_0_valueCode,resource_identifier_0_assigner_identifier_system,resource_identifier_0_assigner_identifier_value,resource_status,resource_class_system,resource_class_code,resource_class_display,resource_type_0_coding_0_code,resource_type_0_coding_0_display,resource_subject_reference,resource_period_start,resource_period_end,resource_diagnosis_0_condition_reference,resource_diagnosis_0_use_coding_0_system,resource_diagnosis_0_use_coding_0_code,resource_diagnosis_0_use_coding_0_display,resource_diagnosis_1_condition_reference,resource_diagnosis_1_use_coding_0_system,resource_diagnosis_1_use_coding_0_code,resource_diagnosis_1_use_coding_0_display,resource_diagnosis_2_condition_reference,resource_diagnosis_2_use_coding_0_system,resource_diagnosis_2_use_coding_0_code,resource_diagnosis_2_use_coding_0_display,resource_class_extension_0_url,resource_class_extension_0_valueCode,resource_serviceType_coding_0_system,resource_serviceType_coding_0_code,resource_serviceType_coding_0_display,resource_diagnosis_0_condition__reference_extension_0_url,resource_diagnosis_0_condition__reference_extension_0_valueCode,resource_partOf_reference,resource_category_0_coding_0_system,resource_category_0_coding_0_code,resource_category_0_coding_0_display,resource_category_0_coding_1_system,resource_category_0_coding_1_code,resource_category_0_coding_1_display,resource_code_coding_0_system,resource_code_coding_0_code,resource_code_text,resource_encounter_reference,resource_effectiveDateTime,resource_valueQuantity_value,resource_valueQuantity_unit,resource_valueQuantity_system,resource_valueQuantity_code,resource_code_coding_0_version,resource_recordedDate,resource_code_coding_1_system,resource_code_coding_1_code,resource_code_coding_1_userSelected,resource_ingredient_0_itemCodeableConcept_coding_0_system,resource_ingredient_0_itemCodeableConcept_coding_0__code_extension_0_url,resource_ingredient_0_itemCodeableConcept_coding_0__code_extension_0_valueCode,resource_ingredient_0_strength_numerator_value,resource_ingredient_0_strength_numerator_unit,resource_ingredient_0_strength_numerator_system,resource_ingredient_0_strength_numerator_code,resource_ingredient_0_strength_denominator_value,resource_ingredient_0_strength_denominator_system,resource_ingredient_0_strength_denominator_code,resource_medicationReference_reference,resource_context_reference,resource_dosage_0_doseAndRate_0_doseQuantity_value,resource_dosage_0_doseAndRate_0_doseQuantity_unit,resource_dosage_0_doseAndRate_0_doseQuantity_system,resource_dosage_0_doseAndRate_0_doseQuantity_code,resource_dosage_dose_value,resource_dosage_dose_unit,resource_dosage_dose_system,resource_dosage_dose_code
Patient/UKB-0006,Patient,UKB-0006,https://www.medizininformatik-initiative.de/fhir/core/modul-person/StructureDefinition/Patient,usual,http://terminology.hl7.org/CodeSystem/v2-0203,MR,https://UKB.de/pid,UKB-0006,official,Pan,Peter,male,1952-01-01,both,Musterstraße 6,Bonn,53121,DE,AOK,PUT,Patient/UKB-0006,,,,,,,,,,,,,,,,,,,,,,,,,,,,,,,,,,,,,,,,,,,,,,,,,,,,,,,,,,,,,,,,,,,,,,,,,
Encounter/UKB-0006-E-1,Encounter,UKB-0006-E-1,https://www.medizininformatik-initiative.de/fhir/core/modul-fall/StructureDefinition/KontaktGesundheitseinrichtung,,http://terminology.hl7.org/CodeSystem/v2-0203,VN,,UKB-0006-E-1,,,,,,,,,,,,PUT,Encounter/UKB-0006-E-1,http://terminology.hl7.org/CodeSystem/data-absent-reason,unknown,https://www.medizininformatik-initiative.de/fhir/core/NamingSystem/org-identifier,UKB,finished,http://terminology.hl7.org/CodeSystem/v3-ActCode,IMP,inpatient encounter,einrichtungskontakt,Einrichtungskontakt,Patient/UKB-0006,2019-11-06T00:00:00+01:00,2019-11-08T00:00:00+01:00,Condition/UKB-0006-E-1-D-1,http://terminology.hl7.org/CodeSystem/diagnosis-role,AD,Admission diagnosis,Condition/UKB-0006-E-1-D-2,http://terminology.hl7.org/CodeSystem/diagnosis-role,CC,Chief complaint,Condition/UKB-0006-E-1-D-3,http://terminology.hl7.org/CodeSystem/diagnosis-role,CM,Comorbidity diagnosis,,,,,,,,,,,,,,,,,,,,,,,,,,,,,,,,,,,,,,,,,,,,,,,,
Encounter/UKB-0006-E-1-A-1,Encounter,UKB-0006-E-1-A-1,https://www.medizininformatik-initiative.de/fhir/core/modul-fall/StructureDefinition/KontaktGesundheitseinrichtung,,,,,,,,,,,,,,,,,PUT,Encounter/UKB-0006-E-1-A-1,,,,,finished,,,,abteilungskontakt,Abteilungskontakt,Patient/UKB-0006,2019-11-06T00:00:00+01:00,2019-11-08T00:00:00+01:00,,,,,,,,,,,,,http://terminology.hl7.org/CodeSystem/data-absent-reason,unknown,http://fhir.de/CodeSystem/dkgev/Fachabteilungsschluessel,2800,Neurologie,http://terminology.hl7.org/CodeSystem/data-absent-reason,unknown,Encounter/UKB-0006-E-1,,,,,,,,,,,,,,,,,,,,,,,,,,,,,,,,,,,,,,,,
Observation/UKB-0006-E-1-OL-1,Observation,UKB-0006-E-1-OL-1,https://www.medizininformatik-initiative.de/fhir/core/modul-labor/StructureDefinition/ObservationLab,,http://terminology.hl7.org/CodeSystem/v2-0203,OBI,https://UKB.de/befund,UKB-0006-E-1-OL-1,,,,,,,,,,,,PUT,Observation/UKB-0006-E-1-OL-1,,,https://www.medizininformatik-initiative.de/fhir/core/NamingSystem/org-identifier,UKB,final,,,,,,Patient/UKB-0006,,,,,,,,,,,,,,,,,,,,,,,http://terminology.hl7.org/CodeSystem/observation-category,laboratory,Laboratory,http://loinc.org,26436-6,Laboratory studies (set),http://loinc.org,59260-0,Hämoglobin,Encounter/UKB-0006-E-1,2019-11-07T00:00:00+01:00,12.0,gram per deciliter,http://unitsofmeasure.org,g/dL,,,,,,,,,,,,,,,,,,,,,,,,,
Observation/UKB-0006-E-1-OL-2,Observation,UKB-0006-E-1-OL-2,https://www.medizininformatik-initiative.de/fhir/core/modul-labor/StructureDefinition/ObservationLab,,http://terminology.hl7.org/CodeSystem/v2-0203,OBI,https://UKB.de/befund,UKB-0006-E-1-OL-2,,,,,,,,,,,,PUT,Observation/UKB-0006-E-1-OL-2,,,https://www.medizininformatik-initiative.de/fhir/core/NamingSystem/org-identifier,UKB,final,,,,,,Patient/UKB-0006,,,,,,,,,,,,,,,,,,,,,,,http://terminology.hl7.org/CodeSystem/observation-category,laboratory,Laboratory,http://loinc.org,26436-6,Laboratory studies (set),http://loinc.org,20570-8,Hämatokrit,Encounter/UKB-0006-E-1,2019-11-07T00:00:00+01:00,0.4,percent,http://unitsofmeasure.org,%,,,,,,,,,,,,,,,,,,,,,,,,,
Observation/UKB-0006-E-1-OL-3,Observation,UKB-0006-E-1-OL-3,https://www.medizininformatik-initiative.de/fhir/core/modul-labor/StructureDefinition/ObservationLab,,http://terminology.hl7.org/CodeSystem/v2-0203,OBI,https://UKB.de/befund,UKB-0006-E-1-OL-3,,,,,,,,,,,,PUT,Observation/UKB-0006-E-1-OL-3,,,https://www.medizininformatik-initiative.de/fhir/core/NamingSystem/org-identifier,UKB,final,,,,,,Patient/UKB-0006,,,,,,,,,,,,,,,,,,,,,,,http://terminology.hl7.org/CodeSystem/observation-category,laboratory,Laboratory,http://loinc.org,26436-6,Laboratory studies (set),http://loinc.org,26453-1,Erythrozyten,Encounter/UKB-0006-E-1,2019-11-07T00:00:00+01:00,5.0,trillion per liter,http://unitsofmeasure.org,10*12/L,,,,,,,,,,,,,,,,,,,,,,,,,
Observation/UKB-0006-E-1-OL-4,Observation,UKB-0006-E-1-OL-4,https://www.medizininformatik-initiative.de/fhir/core/modul-labor/StructureDefinition/ObservationLab,,http://terminology.hl7.org/CodeSystem/v2-0203,OBI,https://UKB.de/befund,UKB-0006-E-1-OL-4,,,,,,,,,,,,PUT,Observation/UKB-0006-E-1-OL-4,,,https://www.medizininformatik-initiative.de/fhir/core/NamingSystem/org-identifier,UKB,final,,,,,,Patient/UKB-0006,,,,,,,,,,,,,,,,,,,,,,,http://terminology.hl7.org/CodeSystem/observation-category,laboratory,Laboratory,http://loinc.org,26436-6,Laboratory studies (set),http://loinc.org,30428-7,Mittleres Zellvolumen,Encounter/UKB-0006-E-1,2019-11-07T00:00:00+01:00,80.0,femtoliter,http://unitsofmeasure.org,fL,,,,,,,,,,,,,,,,,,,,,,,,,
Observation/UKB-0006-E-1-OL-5,Observation,UKB-0006-E-1-OL-5,https://www.medizininformatik-initiative.de/fhir/core/modul-labor/StructureDefinition/ObservationLab,,http://terminology.hl7.org/CodeSystem/v2-0203,OBI,https://UKB.de/befund,UKB-0006-E-1-OL-5,,,,,,,,,,,,PUT,Observation/UKB-0006-E-1-OL-5,,,https://www.medizininformatik-initiative.de/fhir/core/NamingSystem/org-identifier,UKB,final,,,,,,Patient/UKB-0006,,,,,,,,,,,,,,,,,,,,,,,http://terminology.hl7.org/CodeSystem/observation-category,laboratory,Laboratory,http://loinc.org,26436-6,Laboratory studies (set),http://loinc.org,28539-5,Mittleres zelluläres Hämoglobin,Encounter/UKB-0006-E-1,2019-11-07T00:00:00+01:00,26.0,picogram,http://unitsofmeasure.org,pg,,,,,,,,,,,,,,,,,,,,,,,,,
Observation/UKB-0006-E-1-OL-6,Observation,UKB-0006-E-1-OL-6,https://www.medizininformatik-initiative.de/fhir/core/modul-labor/StructureDefinition/ObservationLab,,http://terminology.hl7.org/CodeSystem/v2-0203,OBI,https://UKB.de/befund,UKB-0006-E-1-OL-6,,,,,,,,,,,,PUT,Observation/UKB-0006-E-1-OL-6,,,https://www.medizininformatik-initiative.de/fhir/core/NamingSystem/org-identifier,UKB,final,,,,,,Patient/UKB-0006,,,,,,,,,,,,,,,,,,,,,,,http://terminology.hl7.org/CodeSystem/observation-category,laboratory,Laboratory,http://loinc.org,26436-6,Laboratory studies (set),http://loinc.org,26464-8,Leukozyten,Encounter/UKB-0006-E-1,2019-11-07T00:00:00+01:00,7.0,billion per liter,http://unitsofmeasure.org,10*9/L,,,,,,,,,,,,,,,,,,,,,,,,,
Observation/UKB-0006-E-1-OL-7,Observation,UKB-0006-E-1-OL-7,https://www.medizininformatik-initiative.de/fhir/core/modul-labor/StructureDefinition/ObservationLab,,http://terminology.hl7.org/CodeSystem/v2-0203,OBI,https://UKB.de/befund,UKB-0006-E-1-OL-7,,,,,,,,,,,,PUT,Observation/UKB-0006-E-1-OL-7,,,https://www.medizininformatik-initiative.de/fhir/core/NamingSystem/org-identifier,UKB,final,,,,,,Patient/UKB-0006,,,,,,,,,,,,,,,,,,,,,,,http://terminology.hl7.org/CodeSystem/observation-category,laboratory,Laboratory,http://loinc.org,26436-6,Laboratory studies (set),http://loinc.org,26515-7,Thrombozyten,Encounter/UKB-0006-E-1,2019-11-07T00:00:00+01:00,250.0,billion per liter,http://unitsofmeasure.org,10*9/L,,,,,,,,,,,,,,,,,,,,,,,,,
Observation/UKB-0006-E-1-OL-8,Observation,UKB-0006-E-1-OL-8,https://www.medizininformatik-initiative.de/fhir/core/modul-labor/StructureDefinition/ObservationLab,,http://terminology.hl7.org/CodeSystem/v2-0203,OBI,https://UKB.de/befund,UKB-0006-E-1-OL-8,,,,,,,,,,,,PUT,Observation/UKB-0006-E-1-OL-8,,,https://www.medizininformatik-initiative.de/fhir/core/NamingSystem/org-identifier,UKB,final,,,,,,Patient/UKB-0006,,,,,,,,,,,,,,,,,,,,,,,http://terminology.hl7.org/CodeSystem/observation-category,laboratory,Laboratory,http://loinc.org,26436-6,Laboratory studies (set),http://loinc.org,2947-0,Natrium,Encounter/UKB-0006-E-1,2019-11-07T00:00:00+01:00,140.0,millimole per liter,http://unitsofmeasure.org,mmol/L,,,,,,,,,,,,,,,,,,,,,,,,,
Observation/UKB-0006-E-1-OL-9,Observation,UKB-0006-E-1-OL-9,https://www.medizininformatik-initiative.de/fhir/core/modul-labor/StructureDefinition/ObservationLab,,http://terminology.hl7.org/CodeSystem/v2-0203,OBI,https://UKB.de/befund,UKB-0006-E-1-OL-9,,,,,,,,,,,,PUT,Observation/UKB-0006-E-1-OL-9,,,https://www.medizininformatik-initiative.de/fhir/core/NamingSystem/org-identifier,UKB,final,,,,,,Patient/UKB-0006,,,,,,,,,,,,,,,,,,,,,,,http://terminology.hl7.org/CodeSystem/observation-category,laboratory,Laboratory,http://loinc.org,26436-6,Laboratory studies (set),http://loinc.org,6298-4,Kalium,Encounter/UKB-0006-E-1,2019-11-07T00:00:00+01:00,3.4,millimole per liter,http://unitsofmeasure.org,mmol/L,,,,,,,,,,,,,,,,,,,,,,,,,
Observation/UKB-0006-E-1-OL-10,Observation,UKB-0006-E-1-OL-10,https://www.medizininformatik-initiative.de/fhir/core/modul-labor/StructureDefinition/ObservationLab,,http://terminology.hl7.org/CodeSystem/v2-0203,OBI,https://UKB.de/befund,UKB-0006-E-1-OL-10,,,,,,,,,,,,PUT,Observation/UKB-0006-E-1-OL-10,,,https://www.medizininformatik-initiative.de/fhir/core/NamingSystem/org-identifier,UKB,final,,,,,,Patient/UKB-0006,,,,,,,,,,,,,,,,,,,,,,,http://terminology.hl7.org/CodeSystem/observation-category,laboratory,Laboratory,http://loinc.org,26436-6,Laboratory studies (set),http://loinc.org,1996-8,Calcium,Encounter/UKB-0006-E-1,2019-11-07T00:00:00+01:00,2.3,millimole per liter,http://unitsofmeasure.org,mmol/L,,,,,,,,,,,,,,,,,,,,,,,,,
Observation/UKB-0006-E-1-OL-11,Observation,UKB-0006-E-1-OL-11,https://www.medizininformatik-initiative.de/fhir/core/modul-labor/StructureDefinition/ObservationLab,,http://terminology.hl7.org/CodeSystem/v2-0203,OBI,https://UKB.de/befund,UKB-0006-E-1-OL-11,,,,,,,,,,,,PUT,Observation/UKB-0006-E-1-OL-11,,,https://www.medizininformatik-initiative.de/fhir/core/NamingSystem/org-identifier,UKB,final,,,,,,Patient/UKB-0006,,,,,,,,,,,,,,,,,,,,,,,http://terminology.hl7.org/CodeSystem/observation-category,laboratory,Laboratory,http://loinc.org,26436-6,Laboratory studies (set),http://loinc.org,2069-3,Chlorid,Encounter/UKB-0006-E-1,2019-11-07T00:00:00+01:00,96.0,millimole per liter,http://unitsofmeasure.org,mmol/L,,,,,,,,,,,,,,,,,,,,,,,,,
Observation/UKB-0006-E-1-OL-12,Observation,UKB-0006-E-1-OL-12,https://www.medizininformatik-initiative.de/fhir/core/modul-labor/StructureDefinition/ObservationLab,,http://terminology.hl7.org/CodeSystem/v2-0203,OBI,https://UKB.de/befund,UKB-0006-E-1-OL-12,,,,,,,,,,,,PUT,Observation/UKB-0006-E-1-OL-12,,,https://www.medizininformatik-initiative.de/fhir/core/NamingSystem/org-identifier,UKB,final,,,,,,Patient/UKB-0006,,,,,,,,,,,,,,,,,,,,,,,http://terminology.hl7.org/CodeSystem/observation-category,laboratory,Laboratory,http://loinc.org,26436-6,Laboratory studies (set),http://loinc.org,32673-6,Kreatinkinase,Encounter/UKB-0006-E-1,2019-11-07T00:00:00+01:00,50.0,enzyme unit per liter,http://unitsofmeasure.org,U/L,,,,,,,,,,,,,,,,,,,,,,,,,
Observation/UKB-0006-E-1-OL-13,Observation,UKB-0006-E-1-OL-13,https://www.medizininformatik-initiative.de/fhir/core/modul-labor/StructureDefinition/ObservationLab,,http://terminology.hl7.org/CodeSystem/v2-0203,OBI,https://UKB.de/befund,UKB-0006-E-1-OL-13,,,,,,,,,,,,PUT,Observation/UKB-0006-E-1-OL-13,,,https://www.medizininformatik-initiative.de/fhir/core/NamingSystem/org-identifier,UKB,final,,,,,,Patient/UKB-0006,,,,,,,,,,,,,,,,,,,,,,,http://terminology.hl7.org/CodeSystem/observation-category,laboratory,Laboratory,http://loinc.org,26436-6,Laboratory studies (set),http://loinc.org,59826-8,Kreatinin,Encounter/UKB-0006-E-1,2019-11-07T00:00:00+01:00,0.7,milligram per deciliter,http://unitsofmeasure.org,mg/dL,,,,,,,,,,,,,,,,,,,,,,,,,
Observation/UKB-0006-E-1-OL-14,Observation,UKB-0006-E-1-OL-14,https://www.medizininformatik-initiative.de/fhir/core/modul-labor/StructureDefinition/ObservationLab,,http://terminology.hl7.org/CodeSystem/v2-0203,OBI,https://UKB.de/befund,UKB-0006-E-1-OL-14,,,,,,,,,,,,PUT,Observation/UKB-0006-E-1-OL-14,,,https://www.medizininformatik-initiative.de/fhir/core/NamingSystem/org-identifier,UKB,final,,,,,,Patient/UKB-0006,,,,,,,,,,,,,,,,,,,,,,,http://terminology.hl7.org/CodeSystem/observation-category,laboratory,Laboratory,http://loinc.org,26436-6,Laboratory studies (set),http://loinc.org,1920-8,Aspartat-Aminotransferase,Encounter/UKB-0006-E-1,2019-11-07T00:00:00+01:00,20.0,enzyme unit per liter,http://unitsofmeasure.org,U/L,,,,,,,,,,,,,,,,,,,,,,,,,
Observation/UKB-0006-E-1-OL-15,Observation,UKB-0006-E-1-OL-15,https://www.medizininformatik-initiative.de/fhir/core/modul-labor/StructureDefinition/ObservationLab,,http://terminology.hl7.org/CodeSystem/v2-0203,OBI,https://UKB.de/befund,UKB-0006-E-1-OL-15,,,,,,,,,,,,PUT,Observation/UKB-0006-E-1-OL-15,,,https://www.medizininformatik-initiative.de/fhir/core/NamingSystem/org-identifier,UKB,final,,,,,,Patient/UKB-0006,,,,,,,,,,,,,,,,,,,,,,,http://terminology.hl7.org/CodeSystem/observation-category,laboratory,Laboratory,http://loinc.org,26436-6,Laboratory studies (set),http://loinc.org,76625-3,Alanin-Aminotransferase,Encounter/UKB-0006-E-1,2019-11-07T00:00:00+01:00,23.0,enzyme unit per liter,http://unitsofmeasure.org,U/L,,,,,,,,,,,,,,,,,,,,,,,,,
Observation/UKB-0006-E-1-OL-16,Observation,UKB-0006-E-1-OL-16,https://www.medizininformatik-initiative.de/fhir/core/modul-labor/StructureDefinition/ObservationLab,,http://terminology.hl7.org/CodeSystem/v2-0203,OBI,https://UKB.de/befund,UKB-0006-E-1-OL-16,,,,,,,,,,,,PUT,Observation/UKB-0006-E-1-OL-16,,,https://www.medizininformatik-initiative.de/fhir/core/NamingSystem/org-identifier,UKB,final,,,,,,Patient/UKB-0006,,,,,,,,,,,,,,,,,,,,,,,http://terminology.hl7.org/CodeSystem/observation-category,laboratory,Laboratory,http://loinc.org,26436-6,Laboratory studies (set),http://loinc.org,2324-2,Gamma-Glutamyl-Transferase,Encounter/UKB-0006-E-1,2019-11-07T00:00:00+01:00,41.0,enzyme unit per liter,http://unitsofmeasure.org,U/L,,,,,,,,,,,,,,,,,,,,,,,,,
Observation/UKB-0006-E-1-OL-17,Observation,UKB-0006-E-1-OL-17,https://www.medizininformatik-initiative.de/fhir/core/modul-labor/StructureDefinition/ObservationLab,,http://terminology.hl7.org/CodeSystem/v2-0203,OBI,https://UKB.de/befund,UKB-0006-E-1-OL-17,,,,,,,,,,,,PUT,Observation/UKB-0006-E-1-OL-17,,,https://www.medizininformatik-initiative.de/fhir/core/NamingSystem/org-identifier,UKB,final,,,,,,Patient/UKB-0006,,,,,,,,,,,,,,,,,,,,,,,http://terminology.hl7.org/CodeSystem/observation-category,laboratory,Laboratory,http://loinc.org,26436-6,Laboratory studies (set),http://loinc.org,2885-2,Gesamteiweiß,Encounter/UKB-0006-E-1,2019-11-07T00:00:00+01:00,8.0,gram per deciliter,http://unitsofmeasure.org,g/dL,,,,,,,,,,,,,,,,,,,,,,,,,
Observation/UKB-0006-E-1-OL-18,Observation,UKB-0006-E-1-OL-18,https://www.medizininformatik-initiative.de/fhir/core/modul-labor/StructureDefinition/ObservationLab,,http://terminology.hl7.org/CodeSystem/v2-0203,OBI,https://UKB.de/befund,UKB-0006-E-1-OL-18,,,,,,,,,,,,PUT,Observation/UKB-0006-E-1-OL-18,,,https://www.medizininformatik-initiative.de/fhir/core/NamingSystem/org-identifier,UKB,final,,,,,,Patient/UKB-0006,,,,,,,,,,,,,,,,,,,,,,,http://terminology.hl7.org/CodeSystem/observation-category,laboratory,Laboratory,http://loinc.org,26436-6,Laboratory studies (set),http://loinc.org,54347-0,Albumin/Protein.total,Encounter/UKB-0006-E-1,2019-11-07T00:00:00+01:00,62.1,percent,http://unitsofmeasure.org,%,,,,,,,,,,,,,,,,,,,,,,,,,
Observation/UKB-0006-E-1-OL-19,Observation,UKB-0006-E-1-OL-19,https://www.medizininformatik-initiative.de/fhir/core/modul-labor/StructureDefinition/ObservationLab,,http://terminology.hl7.org/CodeSystem/v2-0203,OBI,https://UKB.de/befund,UKB-0006-E-1-OL-19,,,,,,,,,,,,PUT,Observation/UKB-0006-E-1-OL-19,,,https://www.medizininformatik-initiative.de/fhir/core/NamingSystem/org-identifier,UKB,final,,,,,,Patient/UKB-0006,,,,,,,,,,,,,,,,,,,,,,,http://terminology.hl7.org/CodeSystem/observation-category,laboratory,Laboratory,http://loinc.org,26436-6,Laboratory studies (set),http://loinc.org,13978-2,Alpha-1-Globulin/Protein.total,Encounter/UKB-0006-E-1,2019-11-07T00:00:00+01:00,3.4,percent,http://unitsofmeasure.org,%,,,,,,,,,,,,,,,,,,,,,,,,,
Observation/UKB-0006-E-1-OL-20,Observation,UKB-0006-E-1-OL-20,https://www.medizininformatik-initiative.de/fhir/core/modul-labor/StructureDefinition/ObservationLab,,http://terminology.hl7.org/CodeSystem/v2-0203,OBI,https://UKB.de/befund,UKB-0006-E-1-OL-20,,,,,,,,,,,,PUT,Observation/UKB-0006-E-1-OL-20,,,https://www.medizininformatik-initiative.de/fhir/core/NamingSystem/org-identifier,UKB,final,,,,,,Patient/UKB-0006,,,,,,,,,,,,,,,,,,,,,,,http://terminology.hl7.org/CodeSystem/observation-category,laboratory,Laboratory,http://loinc.org,26436-6,Laboratory studies (set),http://loinc.org,13981-6,Alpha 2 globulin/Protein.total,Encounter/UKB-0006-E-1,2019-11-07T00:00:00+01:00,7.4,percent,http://unitsofmeasure.org,%,,,,,,,,,,,,,,,,,,,,,,,,,
Observation/UKB-0006-E-1-OL-21,Observation,UKB-0006-E-1-OL-21,https://www.medizininformatik-initiative.de/fhir/core/modul-labor/StructureDefinition/ObservationLab,,http://terminology.hl7.org/CodeSystem/v2-0203,OBI,https://UKB.de/befund,UKB-0006-E-1-OL-21,,,,,,,,,,,,PUT,Observation/UKB-0006-E-1-OL-21,,,https://www.medizininformatik-initiative.de/fhir/core/NamingSystem/org-identifier,UKB,final,,,,,,Patient/UKB-0006,,,,,,,,,,,,,,,,,,,,,,,http://terminology.hl7.org/CodeSystem/observation-category,laboratory,Laboratory,http://loinc.org,26436-6,Laboratory studies (set),http://loinc.org,13982-4,Beta-Globulin/Protein.total,Encounter/UKB-0006-E-1,2019-11-07T00:00:00+01:00,9.9,percent,http://unitsofmeasure.org,%,,,,,,,,,,,,,,,,,,,,,,,,,
Observation/UKB-0006-E-1-OL-22,Observation,UKB-0006-E-1-OL-22,https://www.medizininformatik-initiative.de/fhir/core/modul-labor/StructureDefinition/ObservationLab,,http://terminology.hl7.org/CodeSystem/v2-0203,OBI,https://UKB.de/befund,UKB-0006-E-1-OL-22,,,,,,,,,,,,PUT,Observation/UKB-0006-E-1-OL-22,,,https://www.medizininformatik-initiative.de/fhir/core/NamingSystem/org-identifier,UKB,final,,,,,,Patient/UKB-0006,,,,,,,,,,,,,,,,,,,,,,,http://terminology.hl7.org/CodeSystem/observation-category,laboratory,Laboratory,http://loinc.org,26436-6,Laboratory studies (set),http://loinc.org,13983-2,Gammaglobulin/Protein.total,Encounter/UKB-0006-E-1,2019-11-07T00:00:00+01:00,17.2,percent,http://unitsofmeasure.org,%,,,,,,,,,,,,,,,,,,,,,,,,,
Observation/UKB-0006-E-1-OL-23,Observation,UKB-0006-E-1-OL-23,https://www.medizininformatik-initiative.de/fhir/core/modul-labor/StructureDefinition/ObservationLab,,http://terminology.hl7.org/CodeSystem/v2-0203,OBI,https://UKB.de/befund,UKB-0006-E-1-OL-23,,,,,,,,,,,,PUT,Observation/UKB-0006-E-1-OL-23,,,https://www.medizininformatik-initiative.de/fhir/core/NamingSystem/org-identifier,UKB,final,,,,,,Patient/UKB-0006,,,,,,,,,,,,,,,,,,,,,,,http://terminology.hl7.org/CodeSystem/observation-category,laboratory,Laboratory,http://loinc.org,26436-6,Laboratory studies (set),http://loinc.org,54363-7,Bilirubin,Encounter/UKB-0006-E-1,2019-11-07T00:00:00+01:00,1.0,milligram per deciliter,http://unitsofmeasure.org,mg/dL,,,,,,,,,,,,,,,,,,,,,,,,,
Observation/UKB-0006-E-1-OL-24,Observation,UKB-0006-E-1-OL-24,https://www.medizininformatik-initiative.de/fhir/core/modul-labor/StructureDefinition/ObservationLab,,http://terminology.hl7.org/CodeSystem/v2-0203,OBI,https://UKB.de/befund,UKB-0006-E-1-OL-24,,,,,,,,,,,,PUT,Observation/UKB-0006-E-1-OL-24,,,https://www.medizininformatik-initiative.de/fhir/core/NamingSystem/org-identifier,UKB,final,,,,,,Patient/UKB-0006,,,,,,,,,,,,,,,,,,,,,,,http://terminology.hl7.org/CodeSystem/observation-category,laboratory,Laboratory,http://loinc.org,26436-6,Laboratory studies (set),http://loinc.org,1783-0,Alkalische Phosphatase,Encounter/UKB-0006-E-1,2019-11-07T00:00:00+01:00,180.0,enzyme unit per liter,http://unitsofmeasure.org,U/L,,,,,,,,,,,,,,,,,,,,,,,,,
Observation/UKB-0006-E-1-OL-25,Observation,UKB-0006-E-1-OL-25,https://www.medizininformatik-initiative.de/fhir/core/modul-labor/StructureDefinition/ObservationLab,,http://terminology.hl7.org/CodeSystem/v2-0203,OBI,https://UKB.de/befund,UKB-0006-E-1-OL-25,,,,,,,,,,,,PUT,Observation/UKB-0006-E-1-OL-25,,,https://www.medizininformatik-initiative.de/fhir/core/NamingSystem/org-identifier,UKB,final,,,,,,Patient/UKB-0006,,,,,,,,,,,,,,,,,,,,,,,http://terminology.hl7.org/CodeSystem/observation-category,laboratory,Laboratory,http://loinc.org,26436-6,Laboratory studies (set),http://loinc.org,3040-3,Triacylglycerid-Lipase,Encounter/UKB-0006-E-1,2019-11-07T00:00:00+01:00,190.0,enzyme unit per liter,http://unitsofmeasure.org,U/L,,,,,,,,,,,,,,,,,,,,,,,,,
Observation/UKB-0006-E-1-OL-26,Observation,UKB-0006-E-1-OL-26,https://www.medizininformatik-initiative.de/fhir/core/modul-labor/StructureDefinition/ObservationLab,,http://terminology.hl7.org/CodeSystem/v2-0203,OBI,https://UKB.de/befund,UKB-0006-E-1-OL-26,,,,,,,,,,,,PUT,Observation/UKB-0006-E-1-OL-26,,,https://www.medizininformatik-initiative.de/fhir/core/NamingSystem/org-identifier,UKB,final,,,,,,Patient/UKB-0006,,,,,,,,,,,,,,,,,,,,,,,http://terminology.hl7.org/CodeSystem/observation-category,laboratory,Laboratory,http://loinc.org,26436-6,Laboratory studies (set),http://loinc.org,14933-6,Harnsäure,Encounter/UKB-0006-E-1,2019-11-07T00:00:00+01:00,4.5,milligram per deciliter,http://unitsofmeasure.org,mg/dL,,,,,,,,,,,,,,,,,,,,,,,,,
Observation/UKB-0006-E-1-OL-27,Observation,UKB-0006-E-1-OL-27,https://www.medizininformatik-initiative.de/fhir/core/modul-labor/StructureDefinition/ObservationLab,,http://terminology.hl7.org/CodeSystem/v2-0203,OBI,https://UKB.de/befund,UKB-0006-E-1-OL-27,,,,,,,,,,,,PUT,Observation/UKB-0006-E-1-OL-27,,,https://www.medizininformatik-initiative.de/fhir/core/NamingSystem/org-identifier,UKB,final,,,,,,Patient/UKB-0006,,,,,,,,,,,,,,,,,,,,,,,http://terminology.hl7.org/CodeSystem/observation-category,laboratory,Laboratory,http://loinc.org,26436-6,Laboratory studies (set),http://loinc.org,70218-3,Triglycerid,Encounter/UKB-0006-E-1,2019-11-07T00:00:00+01:00,180.0,milligram per deciliter,http://unitsofmeasure.org,mg/dL,,,,,,,,,,,,,,,,,,,,,,,,,
Observation/UKB-0006-E-1-OL-28,Observation,UKB-0006-E-1-OL-28,https://www.medizininformatik-initiative.de/fhir/core/modul-labor/StructureDefinition/ObservationLab,,http://terminology.hl7.org/CodeSystem/v2-0203,OBI,https://UKB.de/befund,UKB-0006-E-1-OL-28,,,,,,,,,,,,PUT,Observation/UKB-0006-E-1-OL-28,,,https://www.medizininformatik-initiative.de/fhir/core/NamingSystem/org-identifier,UKB,final,,,,,,Patient/UKB-0006,,,,,,,,,,,,,,,,,,,,,,,http://terminology.hl7.org/CodeSystem/observation-category,laboratory,Laboratory,http://loinc.org,26436-6,Laboratory studies (set),http://loinc.org,14647-2,Cholesterol,Encounter/UKB-0006-E-1,2019-11-07T00:00:00+01:00,200.0,milligram per deciliter,http://unitsofmeasure.org,mg/dL,,,,,,,,,,,,,,,,,,,,,,,,,
Observation/UKB-0006-E-1-OL-29,Observation,UKB-0006-E-1-OL-29,https://www.medizininformatik-initiative.de/fhir/core/modul-labor/StructureDefinition/ObservationLab,,http://terminology.hl7.org/CodeSystem/v2-0203,OBI,https://UKB.de/befund,UKB-0006-E-1-OL-29,,,,,,,,,,,,PUT,Observation/UKB-0006-E-1-OL-29,,,https://www.medizininformatik-initiative.de/fhir/core/NamingSystem/org-identifier,UKB,final,,,,,,Patient/UKB-0006,,,,,,,,,,,,,,,,,,,,,,,http://terminology.hl7.org/CodeSystem/observation-category,laboratory,Laboratory,http://loinc.org,26436-6,Laboratory studies (set),http://loinc.org,22748-8,Cholesterol.in LDL,Encounter/UKB-0006-E-1,2019-11-07T00:00:00+01:00,150.0,milligram per deciliter,http://unitsofmeasure.org,mg/dL,,,,,,,,,,,,,,,,,,,,,,,,,
Observation/UKB-0006-E-1-OL-30,Observation,UKB-0006-E-1-OL-30,https://www.medizininformatik-initiative.de/fhir/core/modul-labor/StructureDefinition/ObservationLab,,http://terminology.hl7.org/CodeSystem/v2-0203,OBI,https://UKB.de/befund,UKB-0006-E-1-OL-30,,,,,,,,,,,,PUT,Observation/UKB-0006-E-1-OL-30,,,https://www.medizininformatik-initiative.de/fhir/core/NamingSystem/org-identifier,UKB,final,,,,,,Patient/UKB-0006,,,,,,,,,,,,,,,,,,,,,,,http://terminology.hl7.org/CodeSystem/observation-category,laboratory,Laboratory,http://loinc.org,26436-6,Laboratory studies (set),http://loinc.org,14646-4,Cholesterol.in HDL,Encounter/UKB-0006-E-1,2019-11-07T00:00:00+01:00,35.0,milligram per deciliter,http://unitsofmeasure.org,mg/dL,,,,,,,,,,,,,,,,,,,,,,,,,
Observation/UKB-0006-E-1-OL-31,Observation,UKB-0006-E-1-OL-31,https://www.medizininformatik-initiative.de/fhir/core/modul-labor/StructureDefinition/ObservationLab,,http://terminology.hl7.org/CodeSystem/v2-0203,OBI,https://UKB.de/befund,UKB-0006-E-1-OL-31,,,,,,,,,,,,PUT,Observation/UKB-0006-E-1-OL-31,,,https://www.medizininformatik-initiative.de/fhir/core/NamingSystem/org-identifier,UKB,final,,,,,,Patient/UKB-0006,,,,,,,,,,,,,,,,,,,,,,,http://terminology.hl7.org/CodeSystem/observation-category,laboratory,Laboratory,http://loinc.org,26436-6,Laboratory studies (set),http://loinc.org,14798-3,Eisen,Encounter/UKB-0006-E-1,2019-11-07T00:00:00+01:00,45.0,microgram per deciliter,http://unitsofmeasure.org,ug/dL,,,,,,,,,,,,,,,,,,,,,,,,,
Condition/UKB-0006-E-1-D-1,Condition,UKB-0006-E-1-D-1,https://www.medizininformatik-initiative.de/fhir/core/modul-diagnose/StructureDefinition/Diagnose,,,,,UKB-0006-E-1-D-1,,,,,,,,,,,,PUT,Condition/UKB-0006-E-1-D-1,,,,,,,,,,,Patient/UKB-0006,,,,,,,,,,,,,,,,,,,,,,,,,,,,,http://fhir.de/CodeSystem/bfarm/icd-10-gm,F23.0,akute Psychose,,,,,,,2020,2019-11-06T00:00:00+01:00,,,,,,,,,,,,,,,,,,,,,,,
Condition/UKB-0006-E-1-D-2,Condition,UKB-0006-E-1-D-2,https://www.medizininformatik-initiative.de/fhir/core/modul-diagnose/StructureDefinition/Diagnose,,,,,UKB-0006-E-1-D-2,,,,,,,,,,,,PUT,Condition/UKB-0006-E-1-D-2,,,,,,,,,,,Patient/UKB-0006,,,,,,,,,,,,,,,,,,,,,,,,,,,,,http://fhir.de/CodeSystem/bfarm/icd-10-gm,F23.0,akute Psychose,,,,,,,2020,2019-11-06T00:00:00+01:00,,,,,,,,,,,,,,,,,,,,,,,
Condition/UKB-0006-E-1-D-3,Condition,UKB-0006-E-1-D-3,https://www.medizininformatik-initiative.de/fhir/core/modul-diagnose/StructureDefinition/Diagnose,,,,,UKB-0006-E-1-D-3,,,,,,,,,,,,PUT,Condition/UKB-0006-E-1-D-3,,,,,,,,,,,Patient/UKB-0006,,,,,,,,,,,,,,,,,,,,,,,,,,,,,http://fhir.de/CodeSystem/bfarm/icd-10-gm,G20.90,"Primäres Parkinson-Syndrom, nicht näher bezeichnet : Ohne Wirkungsfluktuation",,,,,,,2020,2019-11-06T00:00:00+01:00,,,,,,,,,,,,,,,,,,,,,,,
Medication/Medication-1930062961,Medication,Medication-1930062961,https://www.medizininformatik-initiative.de/fhir/core/modul-medikation/StructureDefinition/Medication,,,,,Medication-1930062961,,,,,,,,,,,,PUT,Medication/Medication-1930062961,,,,,,,,,,,,,,,,,,,,,,,,,,,,,,,,,,,,,,,,http://fhir.de/CodeSystem/ifa/pzn,09467722,Benserazid,,,,,,,,,http://fhir.de/CodeSystem/bfarm/atc,N04BA11,True,http://fhir.de/CodeSystem/ask,http://terminology.hl7.org/CodeSystem/data-absent-reason,unknown,25.0,milligram,http://unitsofmeasure.org,mg,1.0,http://XXX,Hartkapseln,,,,,,,,,,
MedicationStatement/UKB-0006-E-1-MS-1,MedicationStatement,UKB-0006-E-1-MS-1,https://www.medizininformatik-initiative.de/fhir/core/modul-medikation/StructureDefinition/MedicationStatement,,,,,,,,,,,,,,,,,PUT,MedicationStatement/UKB-0006-E-1-MS-1,,,,,active,,,,,,Patient/UKB-0006,,,,,,,,,,,,,,,,,,,,,,,,,,,,,,,,,2019-11-06T00:00:00+01:00,,,,,,,,,,,,,,,,,,,,Medication/Medication-1930062961,Encounter/UKB-0006-E-1,4.0,Hartkapseln,http://unitsofmeasure.org,1,,,,
MedicationStatement/UKB-0006-E-1-MS-2,MedicationStatement,UKB-0006-E-1-MS-2,https://www.medizininformatik-initiative.de/fhir/core/modul-medikation/StructureDefinition/MedicationStatement,,,,,,,,,,,,,,,,,PUT,MedicationStatement/UKB-0006-E-1-MS-2,,,,,active,,,,,,Patient/UKB-0006,,,,,,,,,,,,,,,,,,,,,,,,,,,,,,,,,2019-11-06T00:00:00+01:00,,,,,,,,,,,,,,,,,,,,Medication/Medication-1930062961,Encounter/UKB-0006-E-1,4.0,Hartkapseln,http://unitsofmeasure.org,1,,,,
Medication/Medication--130999962,Medication,Medication--130999962,https://www.medizininformatik-initiative.de/fhir/core/modul-medikation/StructureDefinition/Medication,,,,,Medication--130999962,,,,,,,,,,,,PUT,Medication/Medication--130999962,,,,,,,,,,,,,,,,,,,,,,,,,,,,,,,,,,,,,,,,http://fhir.de/CodeSystem/ifa/pzn,02799421,Eisen(II)-Ion,,,,,,,,,http://fhir.de/CodeSystem/bfarm/atc,B03AA01,True,http://fhir.de/CodeSystem/ask,http://terminology.hl7.org/CodeSystem/data-absent-reason,unknown,100.0,milligram,http://unitsofmeasure.org,mg,1.0,http://XXX,Hartkapseln,,,,,,,,,,
MedicationStatement/UKB-0006-E-1-MS-3,MedicationStatement,UKB-0006-E-1-MS-3,https://www.medizininformatik-initiative.de/fhir/core/modul-medikation/StructureDefinition/MedicationStatement,,,,,,,,,,,,,,,,,PUT,MedicationStatement/UKB-0006-E-1-MS-3,,,,,active,,,,,,Patient/UKB-0006,,,,,,,,,,,,,,,,,,,,,,,,,,,,,,,,,2019-11-06T00:00:00+01:00,,,,,,,,,,,,,,,,,,,,Medication/Medication--130999962,Encounter/UKB-0006-E-1,1.0,Hartkapseln,http://unitsofmeasure.org,1,,,,
Medication/Medication-1930986451,Medication,Medication-1930986451,https://www.medizininformatik-initiative.de/fhir/core/modul-medikation/StructureDefinition/Medication,,,,,Medication-1930986451,,,,,,,,,,,,PUT,Medication/Medication-1930986451,,,,,,,,,,,,,,,,,,,,,,,,,,,,,,,,,,,,,,,,http://fhir.de/CodeSystem/ifa/pzn,00100428,Diazepam,,,,,,,,,http://fhir.de/CodeSystem/bfarm/atc,N05BA01,True,http://fhir.de/CodeSystem/ask,http://terminology.hl7.org/CodeSystem/data-absent-reason,unknown,10.0,milligram,http://unitsofmeasure.org,mg,1.0,http://XXX,Ampullen,,,,,,,,,,
MedicationAdministration/UKB-0006-E-1-MA-1,MedicationAdministration,UKB-0006-E-1-MA-1,https://www.medizininformatik-initiative.de/fhir/core/modul-medikation/StructureDefinition/MedicationAdministration,,,,,,,,,,,,,,,,,PUT,MedicationAdministration/UKB-0006-E-1-MA-1,,,,,completed,,,,,,Patient/UKB-0006,,,,,,,,,,,,,,,,,,,,,,,,,,,,,,,,,2019-11-06T00:00:00+01:00,,,,,,,,,,,,,,,,,,,,Medication/Medication-1930986451,Encounter/UKB-0006-E-1,,,,,1.0,Ampullen,http://unitsofmeasure.org,1
MedicationStatement/UKB-0006-E-1-MS-4,MedicationStatement,UKB-0006-E-1-MS-4,https://www.medizininformatik-initiative.de/fhir/core/modul-medikation/StructureDefinition/MedicationStatement,,,,,,,,,,,,,,,,,PUT,MedicationStatement/UKB-0006-E-1-MS-4,,,,,active,,,,,,Patient/UKB-0006,,,,,,,,,,,,,,,,,,,,,,,,,,,,,,,,,2019-11-06T00:00:00+01:00,,,,,,,,,,,,,,,,,,,,Medication/Medication-1930062961,Encounter/UKB-0006-E-1,4.0,Hartkapseln,http://unitsofmeasure.org,1,,,,
MedicationStatement/UKB-0006-E-1-MS-5,MedicationStatement,UKB-0006-E-1-MS-5,https://www.medizininformatik-initiative.de/fhir/core/modul-medikation/StructureDefinition/MedicationStatement,,,,,,,,,,,,,,,,,PUT,MedicationStatement/UKB-0006-E-1-MS-5,,,,,active,,,,,,Patient/UKB-0006,,,,,,,,,,,,,,,,,,,,,,,,,,,,,,,,,2019-11-06T00:00:00+01:00,,,,,,,,,,,,,,,,,,,,Medication/Medication-1930062961,Encounter/UKB-0006-E-1,4.0,Hartkapseln,http://unitsofmeasure.org,1,,,,
MedicationStatement/UKB-0006-E-1-MS-6,MedicationStatement,UKB-0006-E-1-MS-6,https://www.medizininformatik-initiative.de/fhir/core/modul-medikation/StructureDefinition/MedicationStatement,,,,,,,,,,,,,,,,,PUT,MedicationStatement/UKB-0006-E-1-MS-6,,,,,active,,,,,,Patient/UKB-0006,,,,,,,,,,,,,,,,,,,,,,,,,,,,,,,,,2019-11-06T00:00:00+01:00,,,,,,,,,,,,,,,,,,,,Medication/Medication--130999962,Encounter/UKB-0006-E-1,1.0,Hartkapseln,http://unitsofmeasure.org,1,,,,
MedicationStatement/UKB-0006-E-1-MS-7,MedicationStatement,UKB-0006-E-1-MS-7,https://www.medizininformatik-initiative.de/fhir/core/modul-medikation/StructureDefinition/MedicationStatement,,,,,,,,,,,,,,,,,PUT,MedicationStatement/UKB-0006-E-1-MS-7,,,,,active,,,,,,Patient/UKB-0006,,,,,,,,,,,,,,,,,,,,,,,,,,,,,,,,,2019-11-07T00:00:00+01:00,,,,,,,,,,,,,,,,,,,,Medication/Medication-1930062961,Encounter/UKB-0006-E-1,4.0,Hartkapseln,http://unitsofmeasure.org,1,,,,
MedicationStatement/UKB-0006-E-1-MS-8,MedicationStatement,UKB-0006-E-1-MS-8,https://www.medizininformatik-initiative.de/fhir/core/modul-medikation/StructureDefinition/MedicationStatement,,,,,,,,,,,,,,,,,PUT,MedicationStatement/UKB-0006-E-1-MS-8,,,,,active,,,,,,Patient/UKB-0006,,,,,,,,,,,,,,,,,,,,,,,,,,,,,,,,,2019-11-07T00:00:00+01:00,,,,,,,,,,,,,,,,,,,,Medication/Medication-1930062961,Encounter/UKB-0006-E-1,4.0,Hartkapseln,http://unitsofmeasure.org,1,,,,
MedicationStatement/UKB-0006-E-1-MS-9,MedicationStatement,UKB-0006-E-1-MS-9,https://www.medizininformatik-initiative.de/fhir/core/modul-medikation/StructureDefinition/MedicationStatement,,,,,,,,,,,,,,,,,PUT,MedicationStatement/UKB-0006-E-1-MS-9,,,,,active,,,,,,Patient/UKB-0006,,,,,,,,,,,,,,,,,,,,,,,,,,,,,,,,,2019-11-07T00:00:00+01:00,,,,,,,,,,,,,,,,,,,,Medication/Medication--130999962,Encounter/UKB-0006-E-1,1.0,Hartkapseln,http://unitsofmeasure.org,1,,,,
Medication/Medication-1930959543,Medication,Medication-1930959543,https://www.medizininformatik-initiative.de/fhir/core/modul-medikation/StructureDefinition/Medication,,,,,Medication-1930959543,,,,,,,,,,,,PUT,Medication/Medication-1930959543,,,,,,,,,,,,,,,,,,,,,,,,,,,,,,,,,,,,,,,,http://fhir.de/CodeSystem/ifa/pzn,04271641,Haloperidol,,,,,,,,,http://fhir.de/CodeSystem/bfarm/atc,N05AD01,True,http://fhir.de/CodeSystem/ask,http://terminology.hl7.org/CodeSystem/data-absent-reason,unknown,2.0,milligram,http://unitsofmeasure.org,mg,1.0,http://XXX,Tabletten,,,,,,,,,,
MedicationStatement/UKB-0006-E-1-MS-10,MedicationStatement,UKB-0006-E-1-MS-10,https://www.medizininformatik-initiative.de/fhir/core/modul-medikation/StructureDefinition/MedicationStatement,,,,,,,,,,,,,,,,,PUT,MedicationStatement/UKB-0006-E-1-MS-10,,,,,active,,,,,,Patient/UKB-0006,,,,,,,,,,,,,,,,,,,,,,,,,,,,,,,,,2019-11-07T00:00:00+01:00,,,,,,,,,,,,,,,,,,,,Medication/Medication-1930959543,Encounter/UKB-0006-E-1,2.0,Tabletten,http://unitsofmeasure.org,1,,,,
MedicationStatement/UKB-0006-E-1-MS-11,MedicationStatement,UKB-0006-E-1-MS-11,https://www.medizininformatik-initiative.de/fhir/core/modul-medikation/StructureDefinition/MedicationStatement,,,,,,,,,,,,,,,,,PUT,MedicationStatement/UKB-0006-E-1-MS-11,,,,,active,,,,,,Patient/UKB-0006,,,,,,,,,,,,,,,,,,,,,,,,,,,,,,,,,2019-11-08T00:00:00+01:00,,,,,,,,,,,,,,,,,,,,Medication/Medication-1930062961,Encounter/UKB-0006-E-1,4.0,Hartkapseln,http://unitsofmeasure.org,1,,,,
MedicationStatement/UKB-0006-E-1-MS-12,MedicationStatement,UKB-0006-E-1-MS-12,https://www.medizininformatik-initiative.de/fhir/core/modul-medikation/StructureDefinition/MedicationStatement,,,,,,,,,,,,,,,,,PUT,MedicationStatement/UKB-0006-E-1-MS-12,,,,,active,,,,,,Patient/UKB-0006,,,,,,,,,,,,,,,,,,,,,,,,,,,,,,,,,2019-11-08T00:00:00+01:00,,,,,,,,,,,,,,,,,,,,Medication/Medication-1930062961,Encounter/UKB-0006-E-1,4.0,Hartkapseln,http://unitsofmeasure.org,1,,,,
MedicationStatement/UKB-0006-E-1-MS-13,MedicationStatement,UKB-0006-E-1-MS-13,https://www.medizininformatik-initiative.de/fhir/core/modul-medikation/StructureDefinition/MedicationStatement,,,,,,,,,,,,,,,,,PUT,MedicationStatement/UKB-0006-E-1-MS-13,,,,,active,,,,,,Patient/UKB-0006,,,,,,,,,,,,,,,,,,,,,,,,,,,,,,,,,2019-11-08T00:00:00+01:00,,,,,,,,,,,,,,,,,,,,Medication/Medication--130999962,Encounter/UKB-0006-E-1,1.0,Hartkapseln,http://unitsofmeasure.org,1,,,,
MedicationStatement/UKB-0006-E-1-MS-14,MedicationStatement,UKB-0006-E-1-MS-14,https://www.medizininformatik-initiative.de/fhir/core/modul-medikation/StructureDefinition/MedicationStatement,,,,,,,,,,,,,,,,,PUT,MedicationStatement/UKB-0006-E-1-MS-14,,,,,active,,,,,,Patient/UKB-0006,,,,,,,,,,,,,,,,,,,,,,,,,,,,,,,,,2019-11-08T00:00:00+01:00,,,,,,,,,,,,,,,,,,,,Medication/Medication-1930959543,Encounter/UKB-0006-E-1,2.0,Tabletten,http://unitsofmeasure.org,1,,,,
Observation/UKB-0006-E-1-OV-1,Observation,UKB-0006-E-1-OV-1,https://www.medizininformatik-initiative.de/fhir/core/modul-labor/StructureDefinition/ObservationLab,,http://terminology.hl7.org/CodeSystem/v2-0203,OBI,https://UKB.de/befund,UKB-0006-E-1-OV-1,,,,,,,,,,,,PUT,Observation/UKB-0006-E-1-OV-1,,,https://www.medizininformatik-initiative.de/fhir/core/NamingSystem/org-identifier,UKB,final,,,,,,Patient/UKB-0006,,,,,,,,,,,,,,,,,,,,,,,http://terminology.hl7.org/CodeSystem/observation-category,laboratory,Laboratory,http://loinc.org,26436-6,Laboratory studies (set),http://loinc.org,3142-7,Körpergewicht,Encounter/UKB-0006-E-1,2019-11-06T00:00:00+01:00,86.0,kilogram,http://unitsofmeasure.org,kg,,,,,,,,,,,,,,,,,,,,,,,,,
Observation/UKB-0006-E-1-OV-2,Observation,UKB-0006-E-1-OV-2,https://www.medizininformatik-initiative.de/fhir/core/modul-labor/StructureDefinition/ObservationLab,,http://terminology.hl7.org/CodeSystem/v2-0203,OBI,https://UKB.de/befund,UKB-0006-E-1-OV-2,,,,,,,,,,,,PUT,Observation/UKB-0006-E-1-OV-2,,,https://www.medizininformatik-initiative.de/fhir/core/NamingSystem/org-identifier,UKB,final,,,,,,Patient/UKB-0006,,,,,,,,,,,,,,,,,,,,,,,http://terminology.hl7.org/CodeSystem/observation-category,laboratory,Laboratory,http://loinc.org,26436-6,Laboratory studies (set),http://loinc.org,8302-2,Körpergröße,Encounter/UKB-0006-E-1,2019-11-06T00:00:00+01:00,173.0,centimeter,http://unitsofmeasure.org,cm,,,,,,,,,,,,,,,,,,,,,,,,,
Observation/UKB-0006-E-1-OV-3,Observation,UKB-0006-E-1-OV-3,https://www.medizininformatik-initiative.de/fhir/core/modul-labor/StructureDefinition/ObservationLab,,http://terminology.hl7.org/CodeSystem/v2-0203,OBI,https://UKB.de/befund,UKB-0006-E-1-OV-3,,,,,,,,,,,,PUT,Observation/UKB-0006-E-1-OV-3,,,https://www.medizininformatik-initiative.de/fhir/core/NamingSystem/org-identifier,UKB,final,,,,,,Patient/UKB-0006,,,,,,,,,,,,,,,,,,,,,,,http://terminology.hl7.org/CodeSystem/observation-category,laboratory,Laboratory,http://loinc.org,26436-6,Laboratory studies (set),http://loinc.org,8480-6,Blutdruck SYS,Encounter/UKB-0006-E-1,2019-11-06T00:00:00+01:00,175.0,millimeter of mercury,http://unitsofmeasure.org,mm[Hg],,,,,,,,,,,,,,,,,,,,,,,,,
Observation/UKB-0006-E-1-OV-4,Observation,UKB-0006-E-1-OV-4,https://www.medizininformatik-initiative.de/fhir/core/modul-labor/StructureDefinition/ObservationLab,,http://terminology.hl7.org/CodeSystem/v2-0203,OBI,https://UKB.de/befund,UKB-0006-E-1-OV-4,,,,,,,,,,,,PUT,Observation/UKB-0006-E-1-OV-4,,,https://www.medizininformatik-initiative.de/fhir/core/NamingSystem/org-identifier,UKB,final,,,,,,Patient/UKB-0006,,,,,,,,,,,,,,,,,,,,,,,http://terminology.hl7.org/CodeSystem/observation-category,laboratory,Laboratory,http://loinc.org,26436-6,Laboratory studies (set),http://loinc.org,8480-6,Blutdruck SYS,Encounter/UKB-0006-E-1,2019-11-07T00:00:00+01:00,120.0,millimeter of mercury,http://unitsofmeasure.org,mm[Hg],,,,,,,,,,,,,,,,,,,,,,,,,
Observation/UKB-0006-E-1-OV-5,Observation,UKB-0006-E-1-OV-5,https://www.medizininformatik-initiative.de/fhir/core/modul-labor/StructureDefinition/ObservationLab,,http://terminology.hl7.org/CodeSystem/v2-0203,OBI,https://UKB.de/befund,UKB-0006-E-1-OV-5,,,,,,,,,,,,PUT,Observation/UKB-0006-E-1-OV-5,,,https://www.medizininformatik-initiative.de/fhir/core/NamingSystem/org-identifier,UKB,final,,,,,,Patient/UKB-0006,,,,,,,,,,,,,,,,,,,,,,,http://terminology.hl7.org/CodeSystem/observation-category,laboratory,Laboratory,http://loinc.org,26436-6,Laboratory studies (set),http://loinc.org,8480-6,Blutdruck SYS,Encounter/UKB-0006-E-1,2019-11-08T00:00:00+01:00,98.0,millimeter of mercury,http://unitsofmeasure.org,mm[Hg],,,,,,,,,,,,,,,,,,,,,,,,,
Observation/UKB-0006-E-1-OV-6,Observation,UKB-0006-E-1-OV-6,https://www.medizininformatik-initiative.de/fhir/core/modul-labor/StructureDefinition/ObservationLab,,http://terminology.hl7.org/CodeSystem/v2-0203,OBI,https://UKB.de/befund,UKB-0006-E-1-OV-6,,,,,,,,,,,,PUT,Observation/UKB-0006-E-1-OV-6,,,https://www.medizininformatik-initiative.de/fhir/core/NamingSystem/org-identifier,UKB,final,,,,,,Patient/UKB-0006,,,,,,,,,,,,,,,,,,,,,,,http://terminology.hl7.org/CodeSystem/observation-category,laboratory,Laboratory,http://loinc.org,26436-6,Laboratory studies (set),http://loinc.org,8462-4,Blutdruck DIA,Encounter/UKB-0006-E-1,2019-11-06T00:00:00+01:00,90.0,millimeter of mercury,http://unitsofmeasure.org,mm[Hg],,,,,,,,,,,,,,,,,,,,,,,,,
Observation/UKB-0006-E-1-OV-7,Observation,UKB-0006-E-1-OV-7,https://www.medizininformatik-initiative.de/fhir/core/modul-labor/StructureDefinition/ObservationLab,,http://terminology.hl7.org/CodeSystem/v2-0203,OBI,https://UKB.de/befund,UKB-0006-E-1-OV-7,,,,,,,,,,,,PUT,Observation/UKB-0006-E-1-OV-7,,,https://www.medizininformatik-initiative.de/fhir/core/NamingSystem/org-identifier,UKB,final,,,,,,Patient/UKB-0006,,,,,,,,,,,,,,,,,,,,,,,http://terminology.hl7.org/CodeSystem/observation-category,laboratory,Laboratory,http://loinc.org,26436-6,Laboratory studies (set),http://loinc.org,8462-4,Blutdruck DIA,Encounter/UKB-0006-E-1,2019-11-07T00:00:00+01:00,80.0,millimeter of mercury,http://unitsofmeasure.org,mm[Hg],,,,,,,,,,,,,,,,,,,,,,,,,
Observation/UKB-0006-E-1-OV-8,Observation,UKB-0006-E-1-OV-8,https://www.medizininformatik-initiative.de/fhir/core/modul-labor/StructureDefinition/ObservationLab,,http://terminology.hl7.org/CodeSystem/v2-0203,OBI,https://UKB.de/befund,UKB-0006-E-1-OV-8,,,,,,,,,,,,PUT,Observation/UKB-0006-E-1-OV-8,,,https://www.medizininformatik-initiative.de/fhir/core/NamingSystem/org-identifier,UKB,final,,,,,,Patient/UKB-0006,,,,,,,,,,,,,,,,,,,,,,,http://terminology.hl7.org/CodeSystem/observation-category,laboratory,Laboratory,http://loinc.org,26436-6,Laboratory studies (set),http://loinc.org,8462-4,Blutdruck DIA,Encounter/UKB-0006-E-1,2019-11-08T00:00:00+01:00,60.0,millimeter of mercury,http://unitsofmeasure.org,mm[Hg],,,,,,,,,,,,,,,,,,,,,,,,,
Observation/UKB-0006-E-1-OV-9,Observation,UKB-0006-E-1-OV-9,https://www.medizininformatik-initiative.de/fhir/core/modul-labor/StructureDefinition/ObservationLab,,http://terminology.hl7.org/CodeSystem/v2-0203,OBI,https://UKB.de/befund,UKB-0006-E-1-OV-9,,,,,,,,,,,,PUT,Observation/UKB-0006-E-1-OV-9,,,https://www.medizininformatik-initiative.de/fhir/core/NamingSystem/org-identifier,UKB,final,,,,,,Patient/UKB-0006,,,,,,,,,,,,,,,,,,,,,,,http://terminology.hl7.org/CodeSystem/observation-category,laboratory,Laboratory,http://loinc.org,26436-6,Laboratory studies (set),http://loinc.org,8867-4,Puls,Encounter/UKB-0006-E-1,2019-11-06T00:00:00+01:00,80.0,per minute,http://unitsofmeasure.org,/min,,,,,,,,,,,,,,,,,,,,,,,,,
Observation/UKB-0006-E-1-OV-10,Observation,UKB-0006-E-1-OV-10,https://www.medizininformatik-initiative.de/fhir/core/modul-labor/StructureDefinition/ObservationLab,,http://terminology.hl7.org/CodeSystem/v2-0203,OBI,https://UKB.de/befund,UKB-0006-E-1-OV-10,,,,,,,,,,,,PUT,Observation/UKB-0006-E-1-OV-10,,,https://www.medizininformatik-initiative.de/fhir/core/NamingSystem/org-identifier,UKB,final,,,,,,Patient/UKB-0006,,,,,,,,,,,,,,,,,,,,,,,http://terminology.hl7.org/CodeSystem/observation-category,laboratory,Laboratory,http://loinc.org,26436-6,Laboratory studies (set),http://loinc.org,8867-4,Puls,Encounter/UKB-0006-E-1,2019-11-07T00:00:00+01:00,63.0,per minute,http://unitsofmeasure.org,/min,,,,,,,,,,,,,,,,,,,,,,,,,
Observation/UKB-0006-E-1-OV-11,Observation,UKB-0006-E-1-OV-11,https://www.medizininformatik-initiative.de/fhir/core/modul-labor/StructureDefinition/ObservationLab,,http://terminology.hl7.org/CodeSystem/v2-0203,OBI,https://UKB.de/befund,UKB-0006-E-1-OV-11,,,,,,,,,,,,PUT,Observation/UKB-0006-E-1-OV-11,,,https://www.medizininformatik-initiative.de/fhir/core/NamingSystem/org-identifier,UKB,final,,,,,,Patient/UKB-0006,,,,,,,,,,,,,,,,,,,,,,,http://terminology.hl7.org/CodeSystem/observation-category,laboratory,Laboratory,http://loinc.org,26436-6,Laboratory studies (set),http://loinc.org,8867-4,Puls,Encounter/UKB-0006-E-1,2019-11-08T00:00:00+01:00,92.0,per minute,http://unitsofmeasure.org,/min,,,,,,,,,,,,,,,,,,,,,,,,,
Observation/UKB-0006-E-1-OV-12,Observation,UKB-0006-E-1-OV-12,https://www.medizininformatik-initiative.de/fhir/core/modul-labor/StructureDefinition/ObservationLab,,http://terminology.hl7.org/CodeSystem/v2-0203,OBI,https://UKB.de/befund,UKB-0006-E-1-OV-12,,,,,,,,,,,,PUT,Observation/UKB-0006-E-1-OV-12,,,https://www.medizininformatik-initiative.de/fhir/core/NamingSystem/org-identifier,UKB,final,,,,,,Patient/UKB-0006,,,,,,,,,,,,,,,,,,,,,,,http://terminology.hl7.org/CodeSystem/observation-category,laboratory,Laboratory,http://loinc.org,26436-6,Laboratory studies (set),http://loinc.org,8310-5,Körpertemperatur,Encounter/UKB-0006-E-1,2019-11-06T00:00:00+01:00,36.6,degree Celsius,http://unitsofmeasure.org,Cel,,,,,,,,,,,,,,,,,,,,,,,,,
Observation/UKB-0006-E-1-OV-13,Observation,UKB-0006-E-1-OV-13,https://www.medizininformatik-initiative.de/fhir/core/modul-labor/StructureDefinition/ObservationLab,,http://terminology.hl7.org/CodeSystem/v2-0203,OBI,https://UKB.de/befund,UKB-0006-E-1-OV-13,,,,,,,,,,,,PUT,Observation/UKB-0006-E-1-OV-13,,,https://www.medizininformatik-initiative.de/fhir/core/NamingSystem/org-identifier,UKB,final,,,,,,Patient/UKB-0006,,,,,,,,,,,,,,,,,,,,,,,http://terminology.hl7.org/CodeSystem/observation-category,laboratory,Laboratory,http://loinc.org,26436-6,Laboratory studies (set),http://loinc.org,8310-5,Körpertemperatur,Encounter/UKB-0006-E-1,2019-11-07T00:00:00+01:00,36.8,degree Celsius,http://unitsofmeasure.org,Cel,,,,,,,,,,,,,,,,,,,,,,,,,
Observation/UKB-0006-E-1-OV-14,Observation,UKB-0006-E-1-OV-14,https://www.medizininformatik-initiative.de/fhir/core/modul-labor/StructureDefinition/ObservationLab,,http://terminology.hl7.org/CodeSystem/v2-0203,OBI,https://UKB.de/befund,UKB-0006-E-1-OV-14,,,,,,,,,,,,PUT,Observation/UKB-0006-E-1-OV-14,,,https://www.medizininformatik-initiative.de/fhir/core/NamingSystem/org-identifier,UKB,final,,,,,,Patient/UKB-0006,,,,,,,,,,,,,,,,,,,,,,,http://terminology.hl7.org/CodeSystem/observation-category,laboratory,Laboratory,http://loinc.org,26436-6,Laboratory studies (set),http://loinc.org,8310-5,Körpertemperatur,Encounter/UKB-0006-E-1,2019-11-08T00:00:00+01:00,36.6,degree Celsius,http://unitsofmeasure.org,Cel,,,,,,,,,,,,,,,,,,,,,,,,,
