{
  "resourceType": "Bundle",
  "type": "transaction",
  "entry": [ {
    "fullUrl": "Patient/UKE-0013",
    "resource": {
      "resourceType": "Patient",
      "id": "UKE-0013",
      "meta": {
        "profile": [ "https://www.medizininformatik-initiative.de/fhir/core/modul-person/StructureDefinition/Patient" ]
      },
      "identifier": [ {
        "use": "usual",
        "type": {
          "coding": [ {
            "system": "http://terminology.hl7.org/CodeSystem/v2-0203",
            "code": "MR"
          } ]
        },
        "system": "https://UKE.de/pid",
        "value": "UKE-0013"
      } ],
      "name": [ {
        "use": "official",
        "family": "l",
        "given": [ "i" ]
      } ],
      "gender": "male",
      "birthDate": "1943-01-01",
      "address": [ {
        "extension": [ {
          "url": "http://terminology.hl7.org/CodeSystem/data-absent-reason",
          "valueCode": "unknown"
        } ]
      } ],
      "generalPractitioner": [ {
        "display": "Barmer"
      } ]
    },
    "request": {
      "method": "PUT",
      "url": "Patient/UKE-0013"
    }
  }, {
    "fullUrl": "Encounter/UKE-0013-E-1",
    "resource": {
      "resourceType": "Encounter",
      "id": "UKE-0013-E-1",
      "meta": {
        "profile": [ "https://www.medizininformatik-initiative.de/fhir/core/modul-fall/StructureDefinition/KontaktGesundheitseinrichtung" ]
      },
      "identifier": [ {
        "type": {
          "coding": [ {
            "system": "http://terminology.hl7.org/CodeSystem/v2-0203",
            "code": "VN"
          } ]
        },
        "_system": {
          "extension": [ {
            "url": "http://terminology.hl7.org/CodeSystem/data-absent-reason",
            "valueCode": "unknown"
          } ]
        },
        "value": "UKE-0013-E-1",
        "assigner": {
          "identifier": {
            "system": "https://www.medizininformatik-initiative.de/fhir/core/NamingSystem/org-identifier",
            "value": "UKE"
          }
        }
      } ],
      "status": "finished",
      "class": {
        "system": "http://terminology.hl7.org/CodeSystem/v3-ActCode",
        "code": "IMP",
        "display": "inpatient encounter"
      },
      "type": [ {
        "coding": [ {
          "code": "einrichtungskontakt",
          "display": "Einrichtungskontakt"
        } ]
      } ],
      "subject": {
        "reference": "Patient/UKE-0013"
      },
      "period": {
        "start": "2020-06-13T00:00:00+02:00",
        "end": "2020-06-18T00:00:00+02:00"
      },
      "diagnosis": [ {
        "condition": {
          "reference": "Condition/UKE-0013-E-1-D-1"
        },
        "use": {
          "coding": [ {
            "system": "http://terminology.hl7.org/CodeSystem/diagnosis-role",
            "code": "AD",
            "display": "Admission diagnosis"
          } ]
        }
      } ]
    },
    "request": {
      "method": "PUT",
      "url": "Encounter/UKE-0013-E-1"
    }
  }, {
    "fullUrl": "Encounter/UKE-0013-E-1-A-1",
    "resource": {
      "resourceType": "Encounter",
      "id": "UKE-0013-E-1-A-1",
      "meta": {
        "profile": [ "https://www.medizininformatik-initiative.de/fhir/core/modul-fall/StructureDefinition/KontaktGesundheitseinrichtung" ]
      },
      "status": "finished",
      "class": {
        "extension": [ {
          "url": "http://terminology.hl7.org/CodeSystem/data-absent-reason",
          "valueCode": "unknown"
        } ]
      },
      "type": [ {
        "coding": [ {
          "code": "abteilungskontakt",
          "display": "Abteilungskontakt"
        } ]
      } ],
      "serviceType": {
        "coding": [ {
          "system": "http://fhir.de/CodeSystem/dkgev/Fachabteilungsschluessel",
          "code": "0300",
          "display": "Kardiologie"
        } ]
      },
      "subject": {
        "reference": "Patient/UKE-0013"
      },
      "period": {
        "start": "2020-06-13T00:00:00+02:00",
        "end": "2020-06-18T00:00:00+02:00"
      },
      "diagnosis": [ {
        "condition": {
          "_reference": {
            "extension": [ {
              "url": "http://terminology.hl7.org/CodeSystem/data-absent-reason",
              "valueCode": "unknown"
            } ]
          }
        }
      } ],
      "partOf": {
        "reference": "Encounter/UKE-0013-E-1"
      }
    },
    "request": {
      "method": "PUT",
      "url": "Encounter/UKE-0013-E-1-A-1"
    }
  }, {
    "fullUrl": "Condition/UKE-0013-E-1-D-1",
    "resource": {
      "resourceType": "Condition",
      "id": "UKE-0013-E-1-D-1",
      "meta": {
        "profile": [ "https://www.medizininformatik-initiative.de/fhir/core/modul-diagnose/StructureDefinition/Diagnose" ]
      },
      "identifier": [ {
        "value": "UKE-0013-E-1-D-1"
      } ],
      "code": {
        "coding": [ {
          "system": "http://fhir.de/CodeSystem/bfarm/icd-10-gm",
          "version": "2020",
          "code": "I25.22"
        } ],
        "text": "Myokardinfarkt in Vergangenheit"
      },
      "subject": {
        "reference": "Patient/UKE-0013"
      },
      "recordedDate": "2020-06-13T00:00:00+02:00"
    },
    "request": {
      "method": "PUT",
      "url": "Condition/UKE-0013-E-1-D-1"
    }
  }, {
    "fullUrl": "Medication/Medication-154102257",
    "resource": {
      "resourceType": "Medication",
      "id": "Medication-154102257",
      "meta": {
        "profile": [ "https://www.medizininformatik-initiative.de/fhir/core/modul-medikation/StructureDefinition/Medication" ]
      },
      "identifier": [ {
        "value": "Medication-154102257"
      } ],
      "code": {
        "coding": [ {
          "system": "http://fhir.de/CodeSystem/ifa/pzn",
          "code": "05484267"
        }, {
          "system": "http://fhir.de/CodeSystem/bfarm/atc",
          "code": "L03AA02"
        } ],
        "text": "Filgastrim"
      },
      "ingredient": [ {
        "itemCodeableConcept": {
          "coding": [ {
            "system": "http://fhir.de/CodeSystem/ask",
            "_code": {
              "extension": [ {
                "url": "http://terminology.hl7.org/CodeSystem/data-absent-reason",
                "valueCode": "unknown"
              } ]
            }
          } ]
        },
        "strength": {
          "numerator": {
            "value": 48,
            "unit": "Mio I.E./0,5ml",
            "system": "http://unitsofmeasure.org",
            "code": "Mio I.E./0,5ml"
          },
          "denominator": {
            "value": 1,
            "system": "http://XXX",
            "code": "Fertigspritzen"
          }
        }
      } ]
    },
    "request": {
      "method": "PUT",
      "url": "Medication/Medication-154102257"
    }
  }, {
    "fullUrl": "MedicationStatement/UKE-0013-E-1-MS-1",
    "resource": {
      "resourceType": "MedicationStatement",
      "id": "UKE-0013-E-1-MS-1",
      "meta": {
        "profile": [ "https://www.medizininformatik-initiative.de/fhir/core/modul-medikation/StructureDefinition/MedicationStatement" ]
      },
      "status": "active",
      "medicationReference": {
        "reference": "Medication/Medication-154102257"
      },
      "subject": {
        "reference": "Patient/UKE-0013"
      },
      "context": {
        "reference": "Encounter/UKE-0013-E-1"
      },
      "effectiveDateTime": "2020-06-13T00:00:00+02:00",
      "dosage": [ {
        "doseAndRate": [ {
          "doseQuantity": {
            "value": 1,
            "unit": "Fertigspritzen",
            "system": "http://unitsofmeasure.org",
            "code": "1"
          }
        } ]
      } ]
    },
    "request": {
      "method": "PUT",
      "url": "MedicationStatement/UKE-0013-E-1-MS-1"
    }
  }, {
    "fullUrl": "Medication/Medication--132842199",
    "resource": {
      "resourceType": "Medication",
      "id": "Medication--132842199",
      "meta": {
        "profile": [ "https://www.medizininformatik-initiative.de/fhir/core/modul-medikation/StructureDefinition/Medication" ]
      },
      "identifier": [ {
        "value": "Medication--132842199"
      } ],
      "code": {
        "coding": [ {
          "system": "http://fhir.de/CodeSystem/ifa/pzn",
          "code": "12636016"
        }, {
          "system": "http://fhir.de/CodeSystem/bfarm/atc",
          "code": "B01AF01"
        } ],
        "text": "Rivaroxaban"
      },
      "ingredient": [ {
        "itemCodeableConcept": {
          "coding": [ {
            "system": "http://fhir.de/CodeSystem/ask",
            "_code": {
              "extension": [ {
                "url": "http://terminology.hl7.org/CodeSystem/data-absent-reason",
                "valueCode": "unknown"
              } ]
            }
          } ]
        },
        "strength": {
          "numerator": {
            "value": 10,
            "unit": "milligram",
            "system": "http://unitsofmeasure.org",
            "code": "mg"
          },
          "denominator": {
            "value": 1,
            "system": "http://XXX",
            "code": "Tabletten"
          }
        }
      } ]
    },
    "request": {
      "method": "PUT",
      "url": "Medication/Medication--132842199"
    }
  }, {
    "fullUrl": "MedicationStatement/UKE-0013-E-1-MS-2",
    "resource": {
      "resourceType": "MedicationStatement",
      "id": "UKE-0013-E-1-MS-2",
      "meta": {
        "profile": [ "https://www.medizininformatik-initiative.de/fhir/core/modul-medikation/StructureDefinition/MedicationStatement" ]
      },
      "status": "active",
      "medicationReference": {
        "reference": "Medication/Medication--132842199"
      },
      "subject": {
        "reference": "Patient/UKE-0013"
      },
      "context": {
        "reference": "Encounter/UKE-0013-E-1"
      },
      "effectiveDateTime": "2020-06-13T00:00:00+02:00",
      "dosage": [ {
        "doseAndRate": [ {
          "doseQuantity": {
            "value": 1,
            "unit": "Tabletten",
            "system": "http://unitsofmeasure.org",
            "code": "1"
          }
        } ]
      } ]
    },
    "request": {
      "method": "PUT",
      "url": "MedicationStatement/UKE-0013-E-1-MS-2"
    }
  }, {
    "fullUrl": "Medication/Medication-1928216850",
    "resource": {
      "resourceType": "Medication",
      "id": "Medication-1928216850",
      "meta": {
        "profile": [ "https://www.medizininformatik-initiative.de/fhir/core/modul-medikation/StructureDefinition/Medication" ]
      },
      "identifier": [ {
        "value": "Medication-1928216850"
      } ],
      "code": {
        "coding": [ {
          "system": "http://fhir.de/CodeSystem/ifa/pzn",
          "code": "06882768"
        }, {
          "system": "http://fhir.de/CodeSystem/bfarm/atc",
          "code": "N02BB02"
        } ],
        "text": "Metamizol natrium-1-Wasser"
      },
      "ingredient": [ {
        "itemCodeableConcept": {
          "coding": [ {
            "system": "http://fhir.de/CodeSystem/ask",
            "_code": {
              "extension": [ {
                "url": "http://terminology.hl7.org/CodeSystem/data-absent-reason",
                "valueCode": "unknown"
              } ]
            }
          } ]
        },
        "strength": {
          "numerator": {
            "value": 1000,
            "unit": "milligram",
            "system": "http://unitsofmeasure.org",
            "code": "mg"
          },
          "denominator": {
            "value": 1,
            "system": "http://XXX",
            "code": "Injektionslösung"
          }
        }
      } ]
    },
    "request": {
      "method": "PUT",
      "url": "Medication/Medication-1928216850"
    }
  }, {
    "fullUrl": "MedicationStatement/UKE-0013-E-1-MS-3",
    "resource": {
      "resourceType": "MedicationStatement",
      "id": "UKE-0013-E-1-MS-3",
      "meta": {
        "profile": [ "https://www.medizininformatik-initiative.de/fhir/core/modul-medikation/StructureDefinition/MedicationStatement" ]
      },
      "status": "active",
      "medicationReference": {
        "reference": "Medication/Medication-1928216850"
      },
      "subject": {
        "reference": "Patient/UKE-0013"
      },
      "context": {
        "reference": "Encounter/UKE-0013-E-1"
      },
      "effectiveDateTime": "2020-06-13T00:00:00+02:00",
      "dosage": [ {
        "doseAndRate": [ {
          "doseQuantity": {
            "value": 4,
            "unit": "Injektionslösung",
            "system": "http://unitsofmeasure.org",
            "code": "1"
          }
        } ]
      } ]
    },
    "request": {
      "method": "PUT",
      "url": "MedicationStatement/UKE-0013-E-1-MS-3"
    }
  }, {
    "fullUrl": "MedicationStatement/UKE-0013-E-1-MS-4",
    "resource": {
      "resourceType": "MedicationStatement",
      "id": "UKE-0013-E-1-MS-4",
      "meta": {
        "profile": [ "https://www.medizininformatik-initiative.de/fhir/core/modul-medikation/StructureDefinition/MedicationStatement" ]
      },
      "status": "active",
      "medicationReference": {
        "reference": "Medication/Medication-154102257"
      },
      "subject": {
        "reference": "Patient/UKE-0013"
      },
      "context": {
        "reference": "Encounter/UKE-0013-E-1"
      },
      "effectiveDateTime": "2020-06-14T00:00:00+02:00",
      "dosage": [ {
        "doseAndRate": [ {
          "doseQuantity": {
            "value": 1,
            "unit": "Fertigspritzen",
            "system": "http://unitsofmeasure.org",
            "code": "1"
          }
        } ]
      } ]
    },
    "request": {
      "method": "PUT",
      "url": "MedicationStatement/UKE-0013-E-1-MS-4"
    }
  }, {
    "fullUrl": "MedicationStatement/UKE-0013-E-1-MS-5",
    "resource": {
      "resourceType": "MedicationStatement",
      "id": "UKE-0013-E-1-MS-5",
      "meta": {
        "profile": [ "https://www.medizininformatik-initiative.de/fhir/core/modul-medikation/StructureDefinition/MedicationStatement" ]
      },
      "status": "active",
      "medicationReference": {
        "reference": "Medication/Medication--132842199"
      },
      "subject": {
        "reference": "Patient/UKE-0013"
      },
      "context": {
        "reference": "Encounter/UKE-0013-E-1"
      },
      "effectiveDateTime": "2020-06-14T00:00:00+02:00",
      "dosage": [ {
        "doseAndRate": [ {
          "doseQuantity": {
            "value": 1,
            "unit": "Tabletten",
            "system": "http://unitsofmeasure.org",
            "code": "1"
          }
        } ]
      } ]
    },
    "request": {
      "method": "PUT",
      "url": "MedicationStatement/UKE-0013-E-1-MS-5"
    }
  }, {
    "fullUrl": "MedicationStatement/UKE-0013-E-1-MS-6",
    "resource": {
      "resourceType": "MedicationStatement",
      "id": "UKE-0013-E-1-MS-6",
      "meta": {
        "profile": [ "https://www.medizininformatik-initiative.de/fhir/core/modul-medikation/StructureDefinition/MedicationStatement" ]
      },
      "status": "active",
      "medicationReference": {
        "reference": "Medication/Medication-1928216850"
      },
      "subject": {
        "reference": "Patient/UKE-0013"
      },
      "context": {
        "reference": "Encounter/UKE-0013-E-1"
      },
      "effectiveDateTime": "2020-06-14T00:00:00+02:00",
      "dosage": [ {
        "doseAndRate": [ {
          "doseQuantity": {
            "value": 4,
            "unit": "Injektionslösung",
            "system": "http://unitsofmeasure.org",
            "code": "1"
          }
        } ]
      } ]
    },
    "request": {
      "method": "PUT",
      "url": "MedicationStatement/UKE-0013-E-1-MS-6"
    }
  }, {
    "fullUrl": "MedicationStatement/UKE-0013-E-1-MS-7",
    "resource": {
      "resourceType": "MedicationStatement",
      "id": "UKE-0013-E-1-MS-7",
      "meta": {
        "profile": [ "https://www.medizininformatik-initiative.de/fhir/core/modul-medikation/StructureDefinition/MedicationStatement" ]
      },
      "status": "active",
      "medicationReference": {
        "reference": "Medication/Medication-154102257"
      },
      "subject": {
        "reference": "Patient/UKE-0013"
      },
      "context": {
        "reference": "Encounter/UKE-0013-E-1"
      },
      "effectiveDateTime": "2020-06-15T00:00:00+02:00",
      "dosage": [ {
        "doseAndRate": [ {
          "doseQuantity": {
            "value": 1,
            "unit": "Fertigspritzen",
            "system": "http://unitsofmeasure.org",
            "code": "1"
          }
        } ]
      } ]
    },
    "request": {
      "method": "PUT",
      "url": "MedicationStatement/UKE-0013-E-1-MS-7"
    }
  }, {
    "fullUrl": "MedicationStatement/UKE-0013-E-1-MS-8",
    "resource": {
      "resourceType": "MedicationStatement",
      "id": "UKE-0013-E-1-MS-8",
      "meta": {
        "profile": [ "https://www.medizininformatik-initiative.de/fhir/core/modul-medikation/StructureDefinition/MedicationStatement" ]
      },
      "status": "active",
      "medicationReference": {
        "reference": "Medication/Medication--132842199"
      },
      "subject": {
        "reference": "Patient/UKE-0013"
      },
      "context": {
        "reference": "Encounter/UKE-0013-E-1"
      },
      "effectiveDateTime": "2020-06-15T00:00:00+02:00",
      "dosage": [ {
        "doseAndRate": [ {
          "doseQuantity": {
            "value": 1,
            "unit": "Tabletten",
            "system": "http://unitsofmeasure.org",
            "code": "1"
          }
        } ]
      } ]
    },
    "request": {
      "method": "PUT",
      "url": "MedicationStatement/UKE-0013-E-1-MS-8"
    }
  }, {
    "fullUrl": "MedicationStatement/UKE-0013-E-1-MS-9",
    "resource": {
      "resourceType": "MedicationStatement",
      "id": "UKE-0013-E-1-MS-9",
      "meta": {
        "profile": [ "https://www.medizininformatik-initiative.de/fhir/core/modul-medikation/StructureDefinition/MedicationStatement" ]
      },
      "status": "active",
      "medicationReference": {
        "reference": "Medication/Medication-1928216850"
      },
      "subject": {
        "reference": "Patient/UKE-0013"
      },
      "context": {
        "reference": "Encounter/UKE-0013-E-1"
      },
      "effectiveDateTime": "2020-06-15T00:00:00+02:00",
      "dosage": [ {
        "doseAndRate": [ {
          "doseQuantity": {
            "value": 4,
            "unit": "Injektionslösung",
            "system": "http://unitsofmeasure.org",
            "code": "1"
          }
        } ]
      } ]
    },
    "request": {
      "method": "PUT",
      "url": "MedicationStatement/UKE-0013-E-1-MS-9"
    }
  }, {
    "fullUrl": "MedicationStatement/UKE-0013-E-1-MS-10",
    "resource": {
      "resourceType": "MedicationStatement",
      "id": "UKE-0013-E-1-MS-10",
      "meta": {
        "profile": [ "https://www.medizininformatik-initiative.de/fhir/core/modul-medikation/StructureDefinition/MedicationStatement" ]
      },
      "status": "active",
      "medicationReference": {
        "reference": "Medication/Medication-154102257"
      },
      "subject": {
        "reference": "Patient/UKE-0013"
      },
      "context": {
        "reference": "Encounter/UKE-0013-E-1"
      },
      "effectiveDateTime": "2020-06-16T00:00:00+02:00",
      "dosage": [ {
        "doseAndRate": [ {
          "doseQuantity": {
            "value": 1,
            "unit": "Fertigspritzen",
            "system": "http://unitsofmeasure.org",
            "code": "1"
          }
        } ]
      } ]
    },
    "request": {
      "method": "PUT",
      "url": "MedicationStatement/UKE-0013-E-1-MS-10"
    }
  }, {
    "fullUrl": "MedicationStatement/UKE-0013-E-1-MS-11",
    "resource": {
      "resourceType": "MedicationStatement",
      "id": "UKE-0013-E-1-MS-11",
      "meta": {
        "profile": [ "https://www.medizininformatik-initiative.de/fhir/core/modul-medikation/StructureDefinition/MedicationStatement" ]
      },
      "status": "active",
      "medicationReference": {
        "reference": "Medication/Medication--132842199"
      },
      "subject": {
        "reference": "Patient/UKE-0013"
      },
      "context": {
        "reference": "Encounter/UKE-0013-E-1"
      },
      "effectiveDateTime": "2020-06-16T00:00:00+02:00",
      "dosage": [ {
        "doseAndRate": [ {
          "doseQuantity": {
            "value": 1,
            "unit": "Tabletten",
            "system": "http://unitsofmeasure.org",
            "code": "1"
          }
        } ]
      } ]
    },
    "request": {
      "method": "PUT",
      "url": "MedicationStatement/UKE-0013-E-1-MS-11"
    }
  }, {
    "fullUrl": "MedicationStatement/UKE-0013-E-1-MS-12",
    "resource": {
      "resourceType": "MedicationStatement",
      "id": "UKE-0013-E-1-MS-12",
      "meta": {
        "profile": [ "https://www.medizininformatik-initiative.de/fhir/core/modul-medikation/StructureDefinition/MedicationStatement" ]
      },
      "status": "active",
      "medicationReference": {
        "reference": "Medication/Medication-1928216850"
      },
      "subject": {
        "reference": "Patient/UKE-0013"
      },
      "context": {
        "reference": "Encounter/UKE-0013-E-1"
      },
      "effectiveDateTime": "2020-06-16T00:00:00+02:00",
      "dosage": [ {
        "doseAndRate": [ {
          "doseQuantity": {
            "value": 4,
            "unit": "Injektionslösung",
            "system": "http://unitsofmeasure.org",
            "code": "1"
          }
        } ]
      } ]
    },
    "request": {
      "method": "PUT",
      "url": "MedicationStatement/UKE-0013-E-1-MS-12"
    }
  }, {
    "fullUrl": "MedicationStatement/UKE-0013-E-1-MS-13",
    "resource": {
      "resourceType": "MedicationStatement",
      "id": "UKE-0013-E-1-MS-13",
      "meta": {
        "profile": [ "https://www.medizininformatik-initiative.de/fhir/core/modul-medikation/StructureDefinition/MedicationStatement" ]
      },
      "status": "active",
      "medicationReference": {
        "reference": "Medication/Medication-154102257"
      },
      "subject": {
        "reference": "Patient/UKE-0013"
      },
      "context": {
        "reference": "Encounter/UKE-0013-E-1"
      },
      "effectiveDateTime": "2020-06-17T00:00:00+02:00",
      "dosage": [ {
        "doseAndRate": [ {
          "doseQuantity": {
            "value": 1,
            "unit": "Fertigspritzen",
            "system": "http://unitsofmeasure.org",
            "code": "1"
          }
        } ]
      } ]
    },
    "request": {
      "method": "PUT",
      "url": "MedicationStatement/UKE-0013-E-1-MS-13"
    }
  }, {
    "fullUrl": "MedicationStatement/UKE-0013-E-1-MS-14",
    "resource": {
      "resourceType": "MedicationStatement",
      "id": "UKE-0013-E-1-MS-14",
      "meta": {
        "profile": [ "https://www.medizininformatik-initiative.de/fhir/core/modul-medikation/StructureDefinition/MedicationStatement" ]
      },
      "status": "active",
      "medicationReference": {
        "reference": "Medication/Medication--132842199"
      },
      "subject": {
        "reference": "Patient/UKE-0013"
      },
      "context": {
        "reference": "Encounter/UKE-0013-E-1"
      },
      "effectiveDateTime": "2020-06-17T00:00:00+02:00",
      "dosage": [ {
        "doseAndRate": [ {
          "doseQuantity": {
            "value": 1,
            "unit": "Tabletten",
            "system": "http://unitsofmeasure.org",
            "code": "1"
          }
        } ]
      } ]
    },
    "request": {
      "method": "PUT",
      "url": "MedicationStatement/UKE-0013-E-1-MS-14"
    }
  }, {
    "fullUrl": "MedicationStatement/UKE-0013-E-1-MS-15",
    "resource": {
      "resourceType": "MedicationStatement",
      "id": "UKE-0013-E-1-MS-15",
      "meta": {
        "profile": [ "https://www.medizininformatik-initiative.de/fhir/core/modul-medikation/StructureDefinition/MedicationStatement" ]
      },
      "status": "active",
      "medicationReference": {
        "reference": "Medication/Medication-1928216850"
      },
      "subject": {
        "reference": "Patient/UKE-0013"
      },
      "context": {
        "reference": "Encounter/UKE-0013-E-1"
      },
      "effectiveDateTime": "2020-06-17T00:00:00+02:00",
      "dosage": [ {
        "doseAndRate": [ {
          "doseQuantity": {
            "value": 4,
            "unit": "Injektionslösung",
            "system": "http://unitsofmeasure.org",
            "code": "1"
          }
        } ]
      } ]
    },
    "request": {
      "method": "PUT",
      "url": "MedicationStatement/UKE-0013-E-1-MS-15"
    }
  }, {
    "fullUrl": "MedicationStatement/UKE-0013-E-1-MS-16",
    "resource": {
      "resourceType": "MedicationStatement",
      "id": "UKE-0013-E-1-MS-16",
      "meta": {
        "profile": [ "https://www.medizininformatik-initiative.de/fhir/core/modul-medikation/StructureDefinition/MedicationStatement" ]
      },
      "status": "active",
      "medicationReference": {
        "reference": "Medication/Medication-154102257"
      },
      "subject": {
        "reference": "Patient/UKE-0013"
      },
      "context": {
        "reference": "Encounter/UKE-0013-E-1"
      },
      "effectiveDateTime": "2020-06-18T00:00:00+02:00",
      "dosage": [ {
        "doseAndRate": [ {
          "doseQuantity": {
            "value": 1,
            "unit": "Fertigspritzen",
            "system": "http://unitsofmeasure.org",
            "code": "1"
          }
        } ]
      } ]
    },
    "request": {
      "method": "PUT",
      "url": "MedicationStatement/UKE-0013-E-1-MS-16"
    }
  }, {
    "fullUrl": "MedicationStatement/UKE-0013-E-1-MS-17",
    "resource": {
      "resourceType": "MedicationStatement",
      "id": "UKE-0013-E-1-MS-17",
      "meta": {
        "profile": [ "https://www.medizininformatik-initiative.de/fhir/core/modul-medikation/StructureDefinition/MedicationStatement" ]
      },
      "status": "active",
      "medicationReference": {
        "reference": "Medication/Medication--132842199"
      },
      "subject": {
        "reference": "Patient/UKE-0013"
      },
      "context": {
        "reference": "Encounter/UKE-0013-E-1"
      },
      "effectiveDateTime": "2020-06-18T00:00:00+02:00",
      "dosage": [ {
        "doseAndRate": [ {
          "doseQuantity": {
            "value": 1,
            "unit": "Tabletten",
            "system": "http://unitsofmeasure.org",
            "code": "1"
          }
        } ]
      } ]
    },
    "request": {
      "method": "PUT",
      "url": "MedicationStatement/UKE-0013-E-1-MS-17"
    }
  }, {
    "fullUrl": "MedicationStatement/UKE-0013-E-1-MS-18",
    "resource": {
      "resourceType": "MedicationStatement",
      "id": "UKE-0013-E-1-MS-18",
      "meta": {
        "profile": [ "https://www.medizininformatik-initiative.de/fhir/core/modul-medikation/StructureDefinition/MedicationStatement" ]
      },
      "status": "active",
      "medicationReference": {
        "reference": "Medication/Medication-1928216850"
      },
      "subject": {
        "reference": "Patient/UKE-0013"
      },
      "context": {
        "reference": "Encounter/UKE-0013-E-1"
      },
      "effectiveDateTime": "2020-06-18T00:00:00+02:00",
      "dosage": [ {
        "doseAndRate": [ {
          "doseQuantity": {
            "value": 4,
            "unit": "Injektionslösung",
            "system": "http://unitsofmeasure.org",
            "code": "1"
          }
        } ]
      } ]
    },
    "request": {
      "method": "PUT",
      "url": "MedicationStatement/UKE-0013-E-1-MS-18"
    }
  } ]
}