{
  "resourceType": "Bundle",
  "type": "transaction",
  "entry": [ {
    "fullUrl": "Patient/UKE-0010",
    "resource": {
      "resourceType": "Patient",
      "id": "UKE-0010",
      "meta": {
        "profile": [ "https://www.medizininformatik-initiative.de/fhir/core/modul-person/StructureDefinition/Patient" ]
      },
      "identifier": [ {
        "use": "usual",
        "type": {
          "coding": [ {
            "system": "http://terminology.hl7.org/CodeSystem/v2-0203",
            "code": "MR"
          } ]
        },
        "system": "https://UKE.de/pid",
        "value": "UKE-0010"
      } ],
      "name": [ {
        "use": "official",
        "family": "w",
        "given": [ "s" ]
      } ],
      "gender": "female",
      "birthDate": "1992-01-01",
      "address": [ {
        "extension": [ {
          "url": "http://terminology.hl7.org/CodeSystem/data-absent-reason",
          "valueCode": "unknown"
        } ]
      } ],
      "generalPractitioner": [ {
        "display": "AOK"
      } ]
    },
    "request": {
      "method": "PUT",
      "url": "Patient/UKE-0010"
    }
  }, {
    "fullUrl": "Encounter/UKE-0010-E-1",
    "resource": {
      "resourceType": "Encounter",
      "id": "UKE-0010-E-1",
      "meta": {
        "profile": [ "https://www.medizininformatik-initiative.de/fhir/core/modul-fall/StructureDefinition/KontaktGesundheitseinrichtung" ]
      },
      "identifier": [ {
        "type": {
          "coding": [ {
            "system": "http://terminology.hl7.org/CodeSystem/v2-0203",
            "code": "VN"
          } ]
        },
        "_system": {
          "extension": [ {
            "url": "http://terminology.hl7.org/CodeSystem/data-absent-reason",
            "valueCode": "unknown"
          } ]
        },
        "value": "UKE-0010-E-1",
        "assigner": {
          "identifier": {
            "system": "https://www.medizininformatik-initiative.de/fhir/core/NamingSystem/org-identifier",
            "value": "UKE"
          }
        }
      } ],
      "status": "finished",
      "class": {
        "system": "http://terminology.hl7.org/CodeSystem/v3-ActCode",
        "code": "IMP",
        "display": "inpatient encounter"
      },
      "type": [ {
        "coding": [ {
          "code": "einrichtungskontakt",
          "display": "Einrichtungskontakt"
        } ]
      } ],
      "subject": {
        "reference": "Patient/UKE-0010"
      },
      "period": {
        "start": "2020-09-04T00:00:00+02:00",
        "end": "2020-09-09T00:00:00+02:00"
      },
      "diagnosis": [ {
        "condition": {
          "reference": "Condition/UKE-0010-E-1-D-1"
        },
        "use": {
          "coding": [ {
            "system": "http://terminology.hl7.org/CodeSystem/diagnosis-role",
            "code": "AD",
            "display": "Admission diagnosis"
          } ]
        }
      } ]
    },
    "request": {
      "method": "PUT",
      "url": "Encounter/UKE-0010-E-1"
    }
  }, {
    "fullUrl": "Encounter/UKE-0010-E-1-A-1",
    "resource": {
      "resourceType": "Encounter",
      "id": "UKE-0010-E-1-A-1",
      "meta": {
        "profile": [ "https://www.medizininformatik-initiative.de/fhir/core/modul-fall/StructureDefinition/KontaktGesundheitseinrichtung" ]
      },
      "status": "finished",
      "class": {
        "extension": [ {
          "url": "http://terminology.hl7.org/CodeSystem/data-absent-reason",
          "valueCode": "unknown"
        } ]
      },
      "type": [ {
        "coding": [ {
          "code": "abteilungskontakt",
          "display": "Abteilungskontakt"
        } ]
      } ],
      "serviceType": {
        "coding": [ {
          "system": "http://fhir.de/CodeSystem/dkgev/Fachabteilungsschluessel",
          "code": "0800",
          "display": "Pneumologie"
        } ]
      },
      "subject": {
        "reference": "Patient/UKE-0010"
      },
      "period": {
        "start": "2020-09-04T00:00:00+02:00",
        "end": "2020-09-09T00:00:00+02:00"
      },
      "diagnosis": [ {
        "condition": {
          "_reference": {
            "extension": [ {
              "url": "http://terminology.hl7.org/CodeSystem/data-absent-reason",
              "valueCode": "unknown"
            } ]
          }
        }
      } ],
      "partOf": {
        "reference": "Encounter/UKE-0010-E-1"
      }
    },
    "request": {
      "method": "PUT",
      "url": "Encounter/UKE-0010-E-1-A-1"
    }
  }, {
    "fullUrl": "Condition/UKE-0010-E-1-D-1",
    "resource": {
      "resourceType": "Condition",
      "id": "UKE-0010-E-1-D-1",
      "meta": {
        "profile": [ "https://www.medizininformatik-initiative.de/fhir/core/modul-diagnose/StructureDefinition/Diagnose" ]
      },
      "identifier": [ {
        "value": "UKE-0010-E-1-D-1"
      } ],
      "code": {
        "coding": [ {
          "system": "http://fhir.de/CodeSystem/bfarm/icd-10-gm",
          "version": "2020",
          "code": "E11.60"
        } ],
        "text": "Diabetes mellitus TypII"
      },
      "subject": {
        "reference": "Patient/UKE-0010"
      },
      "recordedDate": "2020-09-04T00:00:00+02:00"
    },
    "request": {
      "method": "PUT",
      "url": "Condition/UKE-0010-E-1-D-1"
    }
  }, {
    "fullUrl": "Medication/Medication--1622676225",
    "resource": {
      "resourceType": "Medication",
      "id": "Medication--1622676225",
      "meta": {
        "profile": [ "https://www.medizininformatik-initiative.de/fhir/core/modul-medikation/StructureDefinition/Medication" ]
      },
      "identifier": [ {
        "value": "Medication--1622676225"
      } ],
      "code": {
        "coding": [ {
          "system": "http://fhir.de/CodeSystem/ifa/pzn",
          "code": "03719542"
        }, {
          "system": "http://fhir.de/CodeSystem/bfarm/atc",
          "code": "J01CR05"
        } ],
        "text": "Piperacillin+Tazobactam"
      },
      "ingredient": [ {
        "itemCodeableConcept": {
          "coding": [ {
            "system": "http://fhir.de/CodeSystem/ask",
            "_code": {
              "extension": [ {
                "url": "http://terminology.hl7.org/CodeSystem/data-absent-reason",
                "valueCode": "unknown"
              } ]
            }
          } ]
        },
        "strength": {
          "numerator": {
            "value": 4500,
            "unit": "milligram",
            "system": "http://unitsofmeasure.org",
            "code": "mg"
          },
          "denominator": {
            "value": 1,
            "system": "http://XXX",
            "code": "Pulver zur Herstellung einer Injektions-, Infusions-oder Inhalationslösung"
          }
        }
      } ]
    },
    "request": {
      "method": "PUT",
      "url": "Medication/Medication--1622676225"
    }
  }, {
    "fullUrl": "MedicationStatement/UKE-0010-E-1-MS-1",
    "resource": {
      "resourceType": "MedicationStatement",
      "id": "UKE-0010-E-1-MS-1",
      "meta": {
        "profile": [ "https://www.medizininformatik-initiative.de/fhir/core/modul-medikation/StructureDefinition/MedicationStatement" ]
      },
      "status": "active",
      "medicationReference": {
        "reference": "Medication/Medication--1622676225"
      },
      "subject": {
        "reference": "Patient/UKE-0010"
      },
      "context": {
        "reference": "Encounter/UKE-0010-E-1"
      },
      "effectiveDateTime": "2020-09-04T00:00:00+02:00",
      "dosage": [ {
        "doseAndRate": [ {
          "doseQuantity": {
            "value": 3,
            "unit": "Pulver zur Herstellung einer Injektions-, Infusions-oder Inhalationslösung",
            "system": "http://unitsofmeasure.org",
            "code": "1"
          }
        } ]
      } ]
    },
    "request": {
      "method": "PUT",
      "url": "MedicationStatement/UKE-0010-E-1-MS-1"
    }
  }, {
    "fullUrl": "Medication/Medication-761180906",
    "resource": {
      "resourceType": "Medication",
      "id": "Medication-761180906",
      "meta": {
        "profile": [ "https://www.medizininformatik-initiative.de/fhir/core/modul-medikation/StructureDefinition/Medication" ]
      },
      "identifier": [ {
        "value": "Medication-761180906"
      } ],
      "code": {
        "coding": [ {
          "system": "http://fhir.de/CodeSystem/ifa/pzn",
          "code": "07018581"
        }, {
          "system": "http://fhir.de/CodeSystem/bfarm/atc",
          "code": "C08CA01"
        } ],
        "text": "Amlodipin"
      },
      "ingredient": [ {
        "itemCodeableConcept": {
          "coding": [ {
            "system": "http://fhir.de/CodeSystem/ask",
            "_code": {
              "extension": [ {
                "url": "http://terminology.hl7.org/CodeSystem/data-absent-reason",
                "valueCode": "unknown"
              } ]
            }
          } ]
        },
        "strength": {
          "numerator": {
            "value": 5,
            "unit": "milligram",
            "system": "http://unitsofmeasure.org",
            "code": "mg"
          },
          "denominator": {
            "value": 1,
            "system": "http://XXX",
            "code": "Tabletten"
          }
        }
      } ]
    },
    "request": {
      "method": "PUT",
      "url": "Medication/Medication-761180906"
    }
  }, {
    "fullUrl": "MedicationStatement/UKE-0010-E-1-MS-2",
    "resource": {
      "resourceType": "MedicationStatement",
      "id": "UKE-0010-E-1-MS-2",
      "meta": {
        "profile": [ "https://www.medizininformatik-initiative.de/fhir/core/modul-medikation/StructureDefinition/MedicationStatement" ]
      },
      "status": "active",
      "medicationReference": {
        "reference": "Medication/Medication-761180906"
      },
      "subject": {
        "reference": "Patient/UKE-0010"
      },
      "context": {
        "reference": "Encounter/UKE-0010-E-1"
      },
      "effectiveDateTime": "2020-09-04T00:00:00+02:00",
      "dosage": [ {
        "doseAndRate": [ {
          "doseQuantity": {
            "value": 2,
            "unit": "Tabletten",
            "system": "http://unitsofmeasure.org",
            "code": "1"
          }
        } ]
      } ]
    },
    "request": {
      "method": "PUT",
      "url": "MedicationStatement/UKE-0010-E-1-MS-2"
    }
  }, {
    "fullUrl": "Medication/Medication-782362311",
    "resource": {
      "resourceType": "Medication",
      "id": "Medication-782362311",
      "meta": {
        "profile": [ "https://www.medizininformatik-initiative.de/fhir/core/modul-medikation/StructureDefinition/Medication" ]
      },
      "identifier": [ {
        "value": "Medication-782362311"
      } ],
      "code": {
        "coding": [ {
          "system": "http://fhir.de/CodeSystem/ifa/pzn",
          "code": "09122667"
        }, {
          "system": "http://fhir.de/CodeSystem/bfarm/atc",
          "code": "C10AA05"
        } ],
        "text": "Atorvastatin"
      },
      "ingredient": [ {
        "itemCodeableConcept": {
          "coding": [ {
            "system": "http://fhir.de/CodeSystem/ask",
            "_code": {
              "extension": [ {
                "url": "http://terminology.hl7.org/CodeSystem/data-absent-reason",
                "valueCode": "unknown"
              } ]
            }
          } ]
        },
        "strength": {
          "numerator": {
            "value": 40,
            "unit": "milligram",
            "system": "http://unitsofmeasure.org",
            "code": "mg"
          },
          "denominator": {
            "value": 1,
            "system": "http://XXX",
            "code": "Tabletten"
          }
        }
      } ]
    },
    "request": {
      "method": "PUT",
      "url": "Medication/Medication-782362311"
    }
  }, {
    "fullUrl": "MedicationStatement/UKE-0010-E-1-MS-3",
    "resource": {
      "resourceType": "MedicationStatement",
      "id": "UKE-0010-E-1-MS-3",
      "meta": {
        "profile": [ "https://www.medizininformatik-initiative.de/fhir/core/modul-medikation/StructureDefinition/MedicationStatement" ]
      },
      "status": "active",
      "medicationReference": {
        "reference": "Medication/Medication-782362311"
      },
      "subject": {
        "reference": "Patient/UKE-0010"
      },
      "context": {
        "reference": "Encounter/UKE-0010-E-1"
      },
      "effectiveDateTime": "2020-09-04T00:00:00+02:00",
      "dosage": [ {
        "doseAndRate": [ {
          "doseQuantity": {
            "value": 1,
            "unit": "Tabletten",
            "system": "http://unitsofmeasure.org",
            "code": "1"
          }
        } ]
      } ]
    },
    "request": {
      "method": "PUT",
      "url": "MedicationStatement/UKE-0010-E-1-MS-3"
    }
  }, {
    "fullUrl": "Medication/Medication--991660026",
    "resource": {
      "resourceType": "Medication",
      "id": "Medication--991660026",
      "meta": {
        "profile": [ "https://www.medizininformatik-initiative.de/fhir/core/modul-medikation/StructureDefinition/Medication" ]
      },
      "identifier": [ {
        "value": "Medication--991660026"
      } ],
      "code": {
        "coding": [ {
          "system": "http://fhir.de/CodeSystem/ifa/pzn",
          "code": "04007393"
        }, {
          "system": "http://fhir.de/CodeSystem/bfarm/atc",
          "code": "A11CC05"
        } ],
        "text": "Colecalciferol"
      },
      "ingredient": [ {
        "itemCodeableConcept": {
          "coding": [ {
            "system": "http://fhir.de/CodeSystem/ask",
            "_code": {
              "extension": [ {
                "url": "http://terminology.hl7.org/CodeSystem/data-absent-reason",
                "valueCode": "unknown"
              } ]
            }
          } ]
        },
        "strength": {
          "numerator": {
            "value": 20000,
            "unit": "international unit",
            "system": "http://unitsofmeasure.org",
            "code": "[iU]"
          },
          "denominator": {
            "value": 1,
            "system": "http://XXX",
            "code": "Tabletten"
          }
        }
      } ]
    },
    "request": {
      "method": "PUT",
      "url": "Medication/Medication--991660026"
    }
  }, {
    "fullUrl": "MedicationStatement/UKE-0010-E-1-MS-4",
    "resource": {
      "resourceType": "MedicationStatement",
      "id": "UKE-0010-E-1-MS-4",
      "meta": {
        "profile": [ "https://www.medizininformatik-initiative.de/fhir/core/modul-medikation/StructureDefinition/MedicationStatement" ]
      },
      "status": "active",
      "medicationReference": {
        "reference": "Medication/Medication--991660026"
      },
      "subject": {
        "reference": "Patient/UKE-0010"
      },
      "context": {
        "reference": "Encounter/UKE-0010-E-1"
      },
      "effectiveDateTime": "2020-09-04T00:00:00+02:00",
      "dosage": [ {
        "doseAndRate": [ {
          "doseQuantity": {
            "value": 1,
            "unit": "Tabletten",
            "system": "http://unitsofmeasure.org",
            "code": "1"
          }
        } ]
      } ]
    },
    "request": {
      "method": "PUT",
      "url": "MedicationStatement/UKE-0010-E-1-MS-4"
    }
  }, {
    "fullUrl": "Medication/Medication--132842198",
    "resource": {
      "resourceType": "Medication",
      "id": "Medication--132842198",
      "meta": {
        "profile": [ "https://www.medizininformatik-initiative.de/fhir/core/modul-medikation/StructureDefinition/Medication" ]
      },
      "identifier": [ {
        "value": "Medication--132842198"
      } ],
      "code": {
        "coding": [ {
          "system": "http://fhir.de/CodeSystem/ifa/pzn",
          "code": "01647838"
        }, {
          "system": "http://fhir.de/CodeSystem/bfarm/atc",
          "code": "B01AF02"
        } ],
        "text": "Apixapan"
      },
      "ingredient": [ {
        "itemCodeableConcept": {
          "coding": [ {
            "system": "http://fhir.de/CodeSystem/ask",
            "_code": {
              "extension": [ {
                "url": "http://terminology.hl7.org/CodeSystem/data-absent-reason",
                "valueCode": "unknown"
              } ]
            }
          } ]
        },
        "strength": {
          "numerator": {
            "value": 5,
            "unit": "milligram",
            "system": "http://unitsofmeasure.org",
            "code": "mg"
          },
          "denominator": {
            "value": 1,
            "system": "http://XXX",
            "code": "Tabletten"
          }
        }
      } ]
    },
    "request": {
      "method": "PUT",
      "url": "Medication/Medication--132842198"
    }
  }, {
    "fullUrl": "MedicationStatement/UKE-0010-E-1-MS-5",
    "resource": {
      "resourceType": "MedicationStatement",
      "id": "UKE-0010-E-1-MS-5",
      "meta": {
        "profile": [ "https://www.medizininformatik-initiative.de/fhir/core/modul-medikation/StructureDefinition/MedicationStatement" ]
      },
      "status": "active",
      "medicationReference": {
        "reference": "Medication/Medication--132842198"
      },
      "subject": {
        "reference": "Patient/UKE-0010"
      },
      "context": {
        "reference": "Encounter/UKE-0010-E-1"
      },
      "effectiveDateTime": "2020-09-04T00:00:00+02:00",
      "dosage": [ {
        "doseAndRate": [ {
          "doseQuantity": {
            "value": 2,
            "unit": "Tabletten",
            "system": "http://unitsofmeasure.org",
            "code": "1"
          }
        } ]
      } ]
    },
    "request": {
      "method": "PUT",
      "url": "MedicationStatement/UKE-0010-E-1-MS-5"
    }
  }, {
    "fullUrl": "Medication/Medication-899054828",
    "resource": {
      "resourceType": "Medication",
      "id": "Medication-899054828",
      "meta": {
        "profile": [ "https://www.medizininformatik-initiative.de/fhir/core/modul-medikation/StructureDefinition/Medication" ]
      },
      "identifier": [ {
        "value": "Medication-899054828"
      } ],
      "code": {
        "coding": [ {
          "system": "http://fhir.de/CodeSystem/ifa/pzn",
          "code": "02532770"
        }, {
          "system": "http://fhir.de/CodeSystem/bfarm/atc",
          "code": "H03AA01"
        } ],
        "text": "L-Thyroxin"
      },
      "ingredient": [ {
        "itemCodeableConcept": {
          "coding": [ {
            "system": "http://fhir.de/CodeSystem/ask",
            "_code": {
              "extension": [ {
                "url": "http://terminology.hl7.org/CodeSystem/data-absent-reason",
                "valueCode": "unknown"
              } ]
            }
          } ]
        },
        "strength": {
          "numerator": {
            "value": 100,
            "unit": "microgram",
            "system": "http://unitsofmeasure.org",
            "code": "ug"
          },
          "denominator": {
            "value": 1,
            "system": "http://XXX",
            "code": "Tabletten"
          }
        }
      } ]
    },
    "request": {
      "method": "PUT",
      "url": "Medication/Medication-899054828"
    }
  }, {
    "fullUrl": "MedicationStatement/UKE-0010-E-1-MS-6",
    "resource": {
      "resourceType": "MedicationStatement",
      "id": "UKE-0010-E-1-MS-6",
      "meta": {
        "profile": [ "https://www.medizininformatik-initiative.de/fhir/core/modul-medikation/StructureDefinition/MedicationStatement" ]
      },
      "status": "active",
      "medicationReference": {
        "reference": "Medication/Medication-899054828"
      },
      "subject": {
        "reference": "Patient/UKE-0010"
      },
      "context": {
        "reference": "Encounter/UKE-0010-E-1"
      },
      "effectiveDateTime": "2020-09-04T00:00:00+02:00",
      "dosage": [ {
        "doseAndRate": [ {
          "doseQuantity": {
            "value": 1,
            "unit": "Tabletten",
            "system": "http://unitsofmeasure.org",
            "code": "1"
          }
        } ]
      } ]
    },
    "request": {
      "method": "PUT",
      "url": "MedicationStatement/UKE-0010-E-1-MS-6"
    }
  }, {
    "fullUrl": "Medication/Medication-1931902315",
    "resource": {
      "resourceType": "Medication",
      "id": "Medication-1931902315",
      "meta": {
        "profile": [ "https://www.medizininformatik-initiative.de/fhir/core/modul-medikation/StructureDefinition/Medication" ]
      },
      "identifier": [ {
        "value": "Medication-1931902315"
      } ],
      "code": {
        "coding": [ {
          "system": "http://fhir.de/CodeSystem/ifa/pzn",
          "code": "03120271"
        }, {
          "system": "http://fhir.de/CodeSystem/bfarm/atc",
          "code": "N06AX11"
        } ],
        "text": "Mirtazapin"
      },
      "ingredient": [ {
        "itemCodeableConcept": {
          "coding": [ {
            "system": "http://fhir.de/CodeSystem/ask",
            "_code": {
              "extension": [ {
                "url": "http://terminology.hl7.org/CodeSystem/data-absent-reason",
                "valueCode": "unknown"
              } ]
            }
          } ]
        },
        "strength": {
          "numerator": {
            "value": 15,
            "unit": "milligram",
            "system": "http://unitsofmeasure.org",
            "code": "mg"
          },
          "denominator": {
            "value": 1,
            "system": "http://XXX",
            "code": "Tabletten"
          }
        }
      } ]
    },
    "request": {
      "method": "PUT",
      "url": "Medication/Medication-1931902315"
    }
  }, {
    "fullUrl": "MedicationStatement/UKE-0010-E-1-MS-7",
    "resource": {
      "resourceType": "MedicationStatement",
      "id": "UKE-0010-E-1-MS-7",
      "meta": {
        "profile": [ "https://www.medizininformatik-initiative.de/fhir/core/modul-medikation/StructureDefinition/MedicationStatement" ]
      },
      "status": "active",
      "medicationReference": {
        "reference": "Medication/Medication-1931902315"
      },
      "subject": {
        "reference": "Patient/UKE-0010"
      },
      "context": {
        "reference": "Encounter/UKE-0010-E-1"
      },
      "effectiveDateTime": "2020-09-04T00:00:00+02:00",
      "dosage": [ {
        "doseAndRate": [ {
          "doseQuantity": {
            "value": 1,
            "unit": "Tabletten",
            "system": "http://unitsofmeasure.org",
            "code": "1"
          }
        } ]
      } ]
    },
    "request": {
      "method": "PUT",
      "url": "MedicationStatement/UKE-0010-E-1-MS-7"
    }
  }, {
    "fullUrl": "Medication/Medication--1019395450",
    "resource": {
      "resourceType": "Medication",
      "id": "Medication--1019395450",
      "meta": {
        "profile": [ "https://www.medizininformatik-initiative.de/fhir/core/modul-medikation/StructureDefinition/Medication" ]
      },
      "identifier": [ {
        "value": "Medication--1019395450"
      } ],
      "code": {
        "coding": [ {
          "system": "http://fhir.de/CodeSystem/ifa/pzn",
          "code": "11357188"
        }, {
          "system": "http://fhir.de/CodeSystem/bfarm/atc",
          "code": "A02BC02"
        } ],
        "text": "Pantoprazol"
      },
      "ingredient": [ {
        "itemCodeableConcept": {
          "coding": [ {
            "system": "http://fhir.de/CodeSystem/ask",
            "_code": {
              "extension": [ {
                "url": "http://terminology.hl7.org/CodeSystem/data-absent-reason",
                "valueCode": "unknown"
              } ]
            }
          } ]
        },
        "strength": {
          "numerator": {
            "value": 40,
            "unit": "milligram",
            "system": "http://unitsofmeasure.org",
            "code": "mg"
          },
          "denominator": {
            "value": 1,
            "system": "http://XXX",
            "code": "Tabletten"
          }
        }
      } ]
    },
    "request": {
      "method": "PUT",
      "url": "Medication/Medication--1019395450"
    }
  }, {
    "fullUrl": "MedicationStatement/UKE-0010-E-1-MS-8",
    "resource": {
      "resourceType": "MedicationStatement",
      "id": "UKE-0010-E-1-MS-8",
      "meta": {
        "profile": [ "https://www.medizininformatik-initiative.de/fhir/core/modul-medikation/StructureDefinition/MedicationStatement" ]
      },
      "status": "active",
      "medicationReference": {
        "reference": "Medication/Medication--1019395450"
      },
      "subject": {
        "reference": "Patient/UKE-0010"
      },
      "context": {
        "reference": "Encounter/UKE-0010-E-1"
      },
      "effectiveDateTime": "2020-09-04T00:00:00+02:00",
      "dosage": [ {
        "doseAndRate": [ {
          "doseQuantity": {
            "value": 1,
            "unit": "Tabletten",
            "system": "http://unitsofmeasure.org",
            "code": "1"
          }
        } ]
      } ]
    },
    "request": {
      "method": "PUT",
      "url": "MedicationStatement/UKE-0010-E-1-MS-8"
    }
  }, {
    "fullUrl": "Medication/Medication-762044849",
    "resource": {
      "resourceType": "Medication",
      "id": "Medication-762044849",
      "meta": {
        "profile": [ "https://www.medizininformatik-initiative.de/fhir/core/modul-medikation/StructureDefinition/Medication" ]
      },
      "identifier": [ {
        "value": "Medication-762044849"
      } ],
      "code": {
        "coding": [ {
          "system": "http://fhir.de/CodeSystem/ifa/pzn",
          "code": "05905964"
        }, {
          "system": "http://fhir.de/CodeSystem/bfarm/atc",
          "code": "C09AA05"
        } ],
        "text": "Ramipril"
      },
      "ingredient": [ {
        "itemCodeableConcept": {
          "coding": [ {
            "system": "http://fhir.de/CodeSystem/ask",
            "_code": {
              "extension": [ {
                "url": "http://terminology.hl7.org/CodeSystem/data-absent-reason",
                "valueCode": "unknown"
              } ]
            }
          } ]
        },
        "strength": {
          "numerator": {
            "value": 5,
            "unit": "milligram",
            "system": "http://unitsofmeasure.org",
            "code": "mg"
          },
          "denominator": {
            "value": 1,
            "system": "http://XXX",
            "code": "Tabletten"
          }
        }
      } ]
    },
    "request": {
      "method": "PUT",
      "url": "Medication/Medication-762044849"
    }
  }, {
    "fullUrl": "MedicationStatement/UKE-0010-E-1-MS-9",
    "resource": {
      "resourceType": "MedicationStatement",
      "id": "UKE-0010-E-1-MS-9",
      "meta": {
        "profile": [ "https://www.medizininformatik-initiative.de/fhir/core/modul-medikation/StructureDefinition/MedicationStatement" ]
      },
      "status": "active",
      "medicationReference": {
        "reference": "Medication/Medication-762044849"
      },
      "subject": {
        "reference": "Patient/UKE-0010"
      },
      "context": {
        "reference": "Encounter/UKE-0010-E-1"
      },
      "effectiveDateTime": "2020-09-04T00:00:00+02:00",
      "dosage": [ {
        "doseAndRate": [ {
          "doseQuantity": {
            "value": 2,
            "unit": "Tabletten",
            "system": "http://unitsofmeasure.org",
            "code": "1"
          }
        } ]
      } ]
    },
    "request": {
      "method": "PUT",
      "url": "MedicationStatement/UKE-0010-E-1-MS-9"
    }
  }, {
    "fullUrl": "Medication/Medication-12534251",
    "resource": {
      "resourceType": "Medication",
      "id": "Medication-12534251",
      "meta": {
        "profile": [ "https://www.medizininformatik-initiative.de/fhir/core/modul-medikation/StructureDefinition/Medication" ]
      },
      "identifier": [ {
        "value": "Medication-12534251"
      } ],
      "code": {
        "coding": [ {
          "system": "http://fhir.de/CodeSystem/ifa/pzn",
          "code": "01057344"
        }, {
          "system": "http://fhir.de/CodeSystem/bfarm/atc",
          "code": "G04CA02"
        } ],
        "text": "Tamsulosin hydrochlorid"
      },
      "ingredient": [ {
        "itemCodeableConcept": {
          "coding": [ {
            "system": "http://fhir.de/CodeSystem/ask",
            "_code": {
              "extension": [ {
                "url": "http://terminology.hl7.org/CodeSystem/data-absent-reason",
                "valueCode": "unknown"
              } ]
            }
          } ]
        },
        "strength": {
          "numerator": {
            "value": 0.4,
            "unit": "milligram",
            "system": "http://unitsofmeasure.org",
            "code": "mg"
          },
          "denominator": {
            "value": 1,
            "system": "http://XXX",
            "code": "Tabletten"
          }
        }
      } ]
    },
    "request": {
      "method": "PUT",
      "url": "Medication/Medication-12534251"
    }
  }, {
    "fullUrl": "MedicationStatement/UKE-0010-E-1-MS-10",
    "resource": {
      "resourceType": "MedicationStatement",
      "id": "UKE-0010-E-1-MS-10",
      "meta": {
        "profile": [ "https://www.medizininformatik-initiative.de/fhir/core/modul-medikation/StructureDefinition/MedicationStatement" ]
      },
      "status": "active",
      "medicationReference": {
        "reference": "Medication/Medication-12534251"
      },
      "subject": {
        "reference": "Patient/UKE-0010"
      },
      "context": {
        "reference": "Encounter/UKE-0010-E-1"
      },
      "effectiveDateTime": "2020-09-04T00:00:00+02:00",
      "dosage": [ {
        "doseAndRate": [ {
          "doseQuantity": {
            "value": 1,
            "unit": "Tabletten",
            "system": "http://unitsofmeasure.org",
            "code": "1"
          }
        } ]
      } ]
    },
    "request": {
      "method": "PUT",
      "url": "MedicationStatement/UKE-0010-E-1-MS-10"
    }
  }, {
    "fullUrl": "Medication/Medication-1184187801",
    "resource": {
      "resourceType": "Medication",
      "id": "Medication-1184187801",
      "meta": {
        "profile": [ "https://www.medizininformatik-initiative.de/fhir/core/modul-medikation/StructureDefinition/Medication" ]
      },
      "identifier": [ {
        "value": "Medication-1184187801"
      } ],
      "code": {
        "coding": [ {
          "system": "http://fhir.de/CodeSystem/ifa/pzn",
          "code": "02286549"
        }, {
          "system": "http://fhir.de/CodeSystem/bfarm/atc",
          "code": "R03BB04"
        } ],
        "text": "Tiotropium-Kation"
      },
      "ingredient": [ {
        "itemCodeableConcept": {
          "coding": [ {
            "system": "http://fhir.de/CodeSystem/ask",
            "_code": {
              "extension": [ {
                "url": "http://terminology.hl7.org/CodeSystem/data-absent-reason",
                "valueCode": "unknown"
              } ]
            }
          } ]
        },
        "strength": {
          "numerator": {
            "value": 18,
            "unit": "microgram",
            "system": "http://unitsofmeasure.org",
            "code": "ug"
          },
          "denominator": {
            "value": 1,
            "system": "http://XXX",
            "code": "Inhalationsampullen"
          }
        }
      } ]
    },
    "request": {
      "method": "PUT",
      "url": "Medication/Medication-1184187801"
    }
  }, {
    "fullUrl": "MedicationStatement/UKE-0010-E-1-MS-11",
    "resource": {
      "resourceType": "MedicationStatement",
      "id": "UKE-0010-E-1-MS-11",
      "meta": {
        "profile": [ "https://www.medizininformatik-initiative.de/fhir/core/modul-medikation/StructureDefinition/MedicationStatement" ]
      },
      "status": "active",
      "medicationReference": {
        "reference": "Medication/Medication-1184187801"
      },
      "subject": {
        "reference": "Patient/UKE-0010"
      },
      "context": {
        "reference": "Encounter/UKE-0010-E-1"
      },
      "effectiveDateTime": "2020-09-04T00:00:00+02:00",
      "dosage": [ {
        "doseAndRate": [ {
          "doseQuantity": {
            "value": 2,
            "unit": "Inhalationsampullen",
            "system": "http://unitsofmeasure.org",
            "code": "1"
          }
        } ]
      } ]
    },
    "request": {
      "method": "PUT",
      "url": "MedicationStatement/UKE-0010-E-1-MS-11"
    }
  }, {
    "fullUrl": "Medication/Medication-1928216850",
    "resource": {
      "resourceType": "Medication",
      "id": "Medication-1928216850",
      "meta": {
        "profile": [ "https://www.medizininformatik-initiative.de/fhir/core/modul-medikation/StructureDefinition/Medication" ]
      },
      "identifier": [ {
        "value": "Medication-1928216850"
      } ],
      "code": {
        "coding": [ {
          "system": "http://fhir.de/CodeSystem/ifa/pzn",
          "code": "06882768"
        }, {
          "system": "http://fhir.de/CodeSystem/bfarm/atc",
          "code": "N02BB02"
        } ],
        "text": "Metamizol natrium-1-Wasser"
      },
      "ingredient": [ {
        "itemCodeableConcept": {
          "coding": [ {
            "system": "http://fhir.de/CodeSystem/ask",
            "_code": {
              "extension": [ {
                "url": "http://terminology.hl7.org/CodeSystem/data-absent-reason",
                "valueCode": "unknown"
              } ]
            }
          } ]
        },
        "strength": {
          "numerator": {
            "value": 1000,
            "unit": "milligram",
            "system": "http://unitsofmeasure.org",
            "code": "mg"
          },
          "denominator": {
            "value": 1,
            "system": "http://XXX",
            "code": "Injektionslösung"
          }
        }
      } ]
    },
    "request": {
      "method": "PUT",
      "url": "Medication/Medication-1928216850"
    }
  }, {
    "fullUrl": "MedicationStatement/UKE-0010-E-1-MS-12",
    "resource": {
      "resourceType": "MedicationStatement",
      "id": "UKE-0010-E-1-MS-12",
      "meta": {
        "profile": [ "https://www.medizininformatik-initiative.de/fhir/core/modul-medikation/StructureDefinition/MedicationStatement" ]
      },
      "status": "active",
      "medicationReference": {
        "reference": "Medication/Medication-1928216850"
      },
      "subject": {
        "reference": "Patient/UKE-0010"
      },
      "context": {
        "reference": "Encounter/UKE-0010-E-1"
      },
      "effectiveDateTime": "2020-09-04T00:00:00+02:00",
      "dosage": [ {
        "doseAndRate": [ {
          "doseQuantity": {
            "value": 4,
            "unit": "Injektionslösung",
            "system": "http://unitsofmeasure.org",
            "code": "1"
          }
        } ]
      } ]
    },
    "request": {
      "method": "PUT",
      "url": "MedicationStatement/UKE-0010-E-1-MS-12"
    }
  }, {
    "fullUrl": "MedicationStatement/UKE-0010-E-1-MS-13",
    "resource": {
      "resourceType": "MedicationStatement",
      "id": "UKE-0010-E-1-MS-13",
      "meta": {
        "profile": [ "https://www.medizininformatik-initiative.de/fhir/core/modul-medikation/StructureDefinition/MedicationStatement" ]
      },
      "status": "active",
      "medicationReference": {
        "reference": "Medication/Medication--1622676225"
      },
      "subject": {
        "reference": "Patient/UKE-0010"
      },
      "context": {
        "reference": "Encounter/UKE-0010-E-1"
      },
      "effectiveDateTime": "2020-09-05T00:00:00+02:00",
      "dosage": [ {
        "doseAndRate": [ {
          "doseQuantity": {
            "value": 3,
            "unit": "Pulver zur Herstellung einer Injektions-, Infusions-oder Inhalationslösung",
            "system": "http://unitsofmeasure.org",
            "code": "1"
          }
        } ]
      } ]
    },
    "request": {
      "method": "PUT",
      "url": "MedicationStatement/UKE-0010-E-1-MS-13"
    }
  }, {
    "fullUrl": "MedicationStatement/UKE-0010-E-1-MS-14",
    "resource": {
      "resourceType": "MedicationStatement",
      "id": "UKE-0010-E-1-MS-14",
      "meta": {
        "profile": [ "https://www.medizininformatik-initiative.de/fhir/core/modul-medikation/StructureDefinition/MedicationStatement" ]
      },
      "status": "active",
      "medicationReference": {
        "reference": "Medication/Medication-761180906"
      },
      "subject": {
        "reference": "Patient/UKE-0010"
      },
      "context": {
        "reference": "Encounter/UKE-0010-E-1"
      },
      "effectiveDateTime": "2020-09-05T00:00:00+02:00",
      "dosage": [ {
        "doseAndRate": [ {
          "doseQuantity": {
            "value": 2,
            "unit": "Tabletten",
            "system": "http://unitsofmeasure.org",
            "code": "1"
          }
        } ]
      } ]
    },
    "request": {
      "method": "PUT",
      "url": "MedicationStatement/UKE-0010-E-1-MS-14"
    }
  }, {
    "fullUrl": "MedicationStatement/UKE-0010-E-1-MS-15",
    "resource": {
      "resourceType": "MedicationStatement",
      "id": "UKE-0010-E-1-MS-15",
      "meta": {
        "profile": [ "https://www.medizininformatik-initiative.de/fhir/core/modul-medikation/StructureDefinition/MedicationStatement" ]
      },
      "status": "active",
      "medicationReference": {
        "reference": "Medication/Medication-782362311"
      },
      "subject": {
        "reference": "Patient/UKE-0010"
      },
      "context": {
        "reference": "Encounter/UKE-0010-E-1"
      },
      "effectiveDateTime": "2020-09-05T00:00:00+02:00",
      "dosage": [ {
        "doseAndRate": [ {
          "doseQuantity": {
            "value": 1,
            "unit": "Tabletten",
            "system": "http://unitsofmeasure.org",
            "code": "1"
          }
        } ]
      } ]
    },
    "request": {
      "method": "PUT",
      "url": "MedicationStatement/UKE-0010-E-1-MS-15"
    }
  }, {
    "fullUrl": "MedicationStatement/UKE-0010-E-1-MS-16",
    "resource": {
      "resourceType": "MedicationStatement",
      "id": "UKE-0010-E-1-MS-16",
      "meta": {
        "profile": [ "https://www.medizininformatik-initiative.de/fhir/core/modul-medikation/StructureDefinition/MedicationStatement" ]
      },
      "status": "active",
      "medicationReference": {
        "reference": "Medication/Medication--991660026"
      },
      "subject": {
        "reference": "Patient/UKE-0010"
      },
      "context": {
        "reference": "Encounter/UKE-0010-E-1"
      },
      "effectiveDateTime": "2020-09-05T00:00:00+02:00",
      "dosage": [ {
        "doseAndRate": [ {
          "doseQuantity": {
            "value": 1,
            "unit": "Tabletten",
            "system": "http://unitsofmeasure.org",
            "code": "1"
          }
        } ]
      } ]
    },
    "request": {
      "method": "PUT",
      "url": "MedicationStatement/UKE-0010-E-1-MS-16"
    }
  }, {
    "fullUrl": "MedicationStatement/UKE-0010-E-1-MS-17",
    "resource": {
      "resourceType": "MedicationStatement",
      "id": "UKE-0010-E-1-MS-17",
      "meta": {
        "profile": [ "https://www.medizininformatik-initiative.de/fhir/core/modul-medikation/StructureDefinition/MedicationStatement" ]
      },
      "status": "active",
      "medicationReference": {
        "reference": "Medication/Medication--132842198"
      },
      "subject": {
        "reference": "Patient/UKE-0010"
      },
      "context": {
        "reference": "Encounter/UKE-0010-E-1"
      },
      "effectiveDateTime": "2020-09-05T00:00:00+02:00",
      "dosage": [ {
        "doseAndRate": [ {
          "doseQuantity": {
            "value": 2,
            "unit": "Tabletten",
            "system": "http://unitsofmeasure.org",
            "code": "1"
          }
        } ]
      } ]
    },
    "request": {
      "method": "PUT",
      "url": "MedicationStatement/UKE-0010-E-1-MS-17"
    }
  }, {
    "fullUrl": "MedicationStatement/UKE-0010-E-1-MS-18",
    "resource": {
      "resourceType": "MedicationStatement",
      "id": "UKE-0010-E-1-MS-18",
      "meta": {
        "profile": [ "https://www.medizininformatik-initiative.de/fhir/core/modul-medikation/StructureDefinition/MedicationStatement" ]
      },
      "status": "active",
      "medicationReference": {
        "reference": "Medication/Medication-899054828"
      },
      "subject": {
        "reference": "Patient/UKE-0010"
      },
      "context": {
        "reference": "Encounter/UKE-0010-E-1"
      },
      "effectiveDateTime": "2020-09-05T00:00:00+02:00",
      "dosage": [ {
        "doseAndRate": [ {
          "doseQuantity": {
            "value": 1,
            "unit": "Tabletten",
            "system": "http://unitsofmeasure.org",
            "code": "1"
          }
        } ]
      } ]
    },
    "request": {
      "method": "PUT",
      "url": "MedicationStatement/UKE-0010-E-1-MS-18"
    }
  }, {
    "fullUrl": "MedicationStatement/UKE-0010-E-1-MS-19",
    "resource": {
      "resourceType": "MedicationStatement",
      "id": "UKE-0010-E-1-MS-19",
      "meta": {
        "profile": [ "https://www.medizininformatik-initiative.de/fhir/core/modul-medikation/StructureDefinition/MedicationStatement" ]
      },
      "status": "active",
      "medicationReference": {
        "reference": "Medication/Medication-1931902315"
      },
      "subject": {
        "reference": "Patient/UKE-0010"
      },
      "context": {
        "reference": "Encounter/UKE-0010-E-1"
      },
      "effectiveDateTime": "2020-09-05T00:00:00+02:00",
      "dosage": [ {
        "doseAndRate": [ {
          "doseQuantity": {
            "value": 1,
            "unit": "Tabletten",
            "system": "http://unitsofmeasure.org",
            "code": "1"
          }
        } ]
      } ]
    },
    "request": {
      "method": "PUT",
      "url": "MedicationStatement/UKE-0010-E-1-MS-19"
    }
  }, {
    "fullUrl": "MedicationStatement/UKE-0010-E-1-MS-20",
    "resource": {
      "resourceType": "MedicationStatement",
      "id": "UKE-0010-E-1-MS-20",
      "meta": {
        "profile": [ "https://www.medizininformatik-initiative.de/fhir/core/modul-medikation/StructureDefinition/MedicationStatement" ]
      },
      "status": "active",
      "medicationReference": {
        "reference": "Medication/Medication--1019395450"
      },
      "subject": {
        "reference": "Patient/UKE-0010"
      },
      "context": {
        "reference": "Encounter/UKE-0010-E-1"
      },
      "effectiveDateTime": "2020-09-05T00:00:00+02:00",
      "dosage": [ {
        "doseAndRate": [ {
          "doseQuantity": {
            "value": 1,
            "unit": "Tabletten",
            "system": "http://unitsofmeasure.org",
            "code": "1"
          }
        } ]
      } ]
    },
    "request": {
      "method": "PUT",
      "url": "MedicationStatement/UKE-0010-E-1-MS-20"
    }
  }, {
    "fullUrl": "MedicationStatement/UKE-0010-E-1-MS-21",
    "resource": {
      "resourceType": "MedicationStatement",
      "id": "UKE-0010-E-1-MS-21",
      "meta": {
        "profile": [ "https://www.medizininformatik-initiative.de/fhir/core/modul-medikation/StructureDefinition/MedicationStatement" ]
      },
      "status": "active",
      "medicationReference": {
        "reference": "Medication/Medication-762044849"
      },
      "subject": {
        "reference": "Patient/UKE-0010"
      },
      "context": {
        "reference": "Encounter/UKE-0010-E-1"
      },
      "effectiveDateTime": "2020-09-05T00:00:00+02:00",
      "dosage": [ {
        "doseAndRate": [ {
          "doseQuantity": {
            "value": 2,
            "unit": "Tabletten",
            "system": "http://unitsofmeasure.org",
            "code": "1"
          }
        } ]
      } ]
    },
    "request": {
      "method": "PUT",
      "url": "MedicationStatement/UKE-0010-E-1-MS-21"
    }
  }, {
    "fullUrl": "MedicationStatement/UKE-0010-E-1-MS-22",
    "resource": {
      "resourceType": "MedicationStatement",
      "id": "UKE-0010-E-1-MS-22",
      "meta": {
        "profile": [ "https://www.medizininformatik-initiative.de/fhir/core/modul-medikation/StructureDefinition/MedicationStatement" ]
      },
      "status": "active",
      "medicationReference": {
        "reference": "Medication/Medication-12534251"
      },
      "subject": {
        "reference": "Patient/UKE-0010"
      },
      "context": {
        "reference": "Encounter/UKE-0010-E-1"
      },
      "effectiveDateTime": "2020-09-05T00:00:00+02:00",
      "dosage": [ {
        "doseAndRate": [ {
          "doseQuantity": {
            "value": 1,
            "unit": "Tabletten",
            "system": "http://unitsofmeasure.org",
            "code": "1"
          }
        } ]
      } ]
    },
    "request": {
      "method": "PUT",
      "url": "MedicationStatement/UKE-0010-E-1-MS-22"
    }
  }, {
    "fullUrl": "MedicationStatement/UKE-0010-E-1-MS-23",
    "resource": {
      "resourceType": "MedicationStatement",
      "id": "UKE-0010-E-1-MS-23",
      "meta": {
        "profile": [ "https://www.medizininformatik-initiative.de/fhir/core/modul-medikation/StructureDefinition/MedicationStatement" ]
      },
      "status": "active",
      "medicationReference": {
        "reference": "Medication/Medication-1184187801"
      },
      "subject": {
        "reference": "Patient/UKE-0010"
      },
      "context": {
        "reference": "Encounter/UKE-0010-E-1"
      },
      "effectiveDateTime": "2020-09-05T00:00:00+02:00",
      "dosage": [ {
        "doseAndRate": [ {
          "doseQuantity": {
            "value": 2,
            "unit": "Inhalationsampullen",
            "system": "http://unitsofmeasure.org",
            "code": "1"
          }
        } ]
      } ]
    },
    "request": {
      "method": "PUT",
      "url": "MedicationStatement/UKE-0010-E-1-MS-23"
    }
  }, {
    "fullUrl": "MedicationStatement/UKE-0010-E-1-MS-24",
    "resource": {
      "resourceType": "MedicationStatement",
      "id": "UKE-0010-E-1-MS-24",
      "meta": {
        "profile": [ "https://www.medizininformatik-initiative.de/fhir/core/modul-medikation/StructureDefinition/MedicationStatement" ]
      },
      "status": "active",
      "medicationReference": {
        "reference": "Medication/Medication-1928216850"
      },
      "subject": {
        "reference": "Patient/UKE-0010"
      },
      "context": {
        "reference": "Encounter/UKE-0010-E-1"
      },
      "effectiveDateTime": "2020-09-05T00:00:00+02:00",
      "dosage": [ {
        "doseAndRate": [ {
          "doseQuantity": {
            "value": 4,
            "unit": "Injektionslösung",
            "system": "http://unitsofmeasure.org",
            "code": "1"
          }
        } ]
      } ]
    },
    "request": {
      "method": "PUT",
      "url": "MedicationStatement/UKE-0010-E-1-MS-24"
    }
  }, {
    "fullUrl": "MedicationStatement/UKE-0010-E-1-MS-25",
    "resource": {
      "resourceType": "MedicationStatement",
      "id": "UKE-0010-E-1-MS-25",
      "meta": {
        "profile": [ "https://www.medizininformatik-initiative.de/fhir/core/modul-medikation/StructureDefinition/MedicationStatement" ]
      },
      "status": "active",
      "medicationReference": {
        "reference": "Medication/Medication--1622676225"
      },
      "subject": {
        "reference": "Patient/UKE-0010"
      },
      "context": {
        "reference": "Encounter/UKE-0010-E-1"
      },
      "effectiveDateTime": "2020-09-06T00:00:00+02:00",
      "dosage": [ {
        "doseAndRate": [ {
          "doseQuantity": {
            "value": 3,
            "unit": "Pulver zur Herstellung einer Injektions-, Infusions-oder Inhalationslösung",
            "system": "http://unitsofmeasure.org",
            "code": "1"
          }
        } ]
      } ]
    },
    "request": {
      "method": "PUT",
      "url": "MedicationStatement/UKE-0010-E-1-MS-25"
    }
  }, {
    "fullUrl": "MedicationStatement/UKE-0010-E-1-MS-26",
    "resource": {
      "resourceType": "MedicationStatement",
      "id": "UKE-0010-E-1-MS-26",
      "meta": {
        "profile": [ "https://www.medizininformatik-initiative.de/fhir/core/modul-medikation/StructureDefinition/MedicationStatement" ]
      },
      "status": "active",
      "medicationReference": {
        "reference": "Medication/Medication-761180906"
      },
      "subject": {
        "reference": "Patient/UKE-0010"
      },
      "context": {
        "reference": "Encounter/UKE-0010-E-1"
      },
      "effectiveDateTime": "2020-09-06T00:00:00+02:00",
      "dosage": [ {
        "doseAndRate": [ {
          "doseQuantity": {
            "value": 2,
            "unit": "Tabletten",
            "system": "http://unitsofmeasure.org",
            "code": "1"
          }
        } ]
      } ]
    },
    "request": {
      "method": "PUT",
      "url": "MedicationStatement/UKE-0010-E-1-MS-26"
    }
  }, {
    "fullUrl": "MedicationStatement/UKE-0010-E-1-MS-27",
    "resource": {
      "resourceType": "MedicationStatement",
      "id": "UKE-0010-E-1-MS-27",
      "meta": {
        "profile": [ "https://www.medizininformatik-initiative.de/fhir/core/modul-medikation/StructureDefinition/MedicationStatement" ]
      },
      "status": "active",
      "medicationReference": {
        "reference": "Medication/Medication-782362311"
      },
      "subject": {
        "reference": "Patient/UKE-0010"
      },
      "context": {
        "reference": "Encounter/UKE-0010-E-1"
      },
      "effectiveDateTime": "2020-09-06T00:00:00+02:00",
      "dosage": [ {
        "doseAndRate": [ {
          "doseQuantity": {
            "value": 1,
            "unit": "Tabletten",
            "system": "http://unitsofmeasure.org",
            "code": "1"
          }
        } ]
      } ]
    },
    "request": {
      "method": "PUT",
      "url": "MedicationStatement/UKE-0010-E-1-MS-27"
    }
  }, {
    "fullUrl": "MedicationStatement/UKE-0010-E-1-MS-28",
    "resource": {
      "resourceType": "MedicationStatement",
      "id": "UKE-0010-E-1-MS-28",
      "meta": {
        "profile": [ "https://www.medizininformatik-initiative.de/fhir/core/modul-medikation/StructureDefinition/MedicationStatement" ]
      },
      "status": "active",
      "medicationReference": {
        "reference": "Medication/Medication--991660026"
      },
      "subject": {
        "reference": "Patient/UKE-0010"
      },
      "context": {
        "reference": "Encounter/UKE-0010-E-1"
      },
      "effectiveDateTime": "2020-09-06T00:00:00+02:00",
      "dosage": [ {
        "doseAndRate": [ {
          "doseQuantity": {
            "value": 1,
            "unit": "Tabletten",
            "system": "http://unitsofmeasure.org",
            "code": "1"
          }
        } ]
      } ]
    },
    "request": {
      "method": "PUT",
      "url": "MedicationStatement/UKE-0010-E-1-MS-28"
    }
  }, {
    "fullUrl": "MedicationStatement/UKE-0010-E-1-MS-29",
    "resource": {
      "resourceType": "MedicationStatement",
      "id": "UKE-0010-E-1-MS-29",
      "meta": {
        "profile": [ "https://www.medizininformatik-initiative.de/fhir/core/modul-medikation/StructureDefinition/MedicationStatement" ]
      },
      "status": "active",
      "medicationReference": {
        "reference": "Medication/Medication--132842198"
      },
      "subject": {
        "reference": "Patient/UKE-0010"
      },
      "context": {
        "reference": "Encounter/UKE-0010-E-1"
      },
      "effectiveDateTime": "2020-09-06T00:00:00+02:00",
      "dosage": [ {
        "doseAndRate": [ {
          "doseQuantity": {
            "value": 2,
            "unit": "Tabletten",
            "system": "http://unitsofmeasure.org",
            "code": "1"
          }
        } ]
      } ]
    },
    "request": {
      "method": "PUT",
      "url": "MedicationStatement/UKE-0010-E-1-MS-29"
    }
  }, {
    "fullUrl": "MedicationStatement/UKE-0010-E-1-MS-30",
    "resource": {
      "resourceType": "MedicationStatement",
      "id": "UKE-0010-E-1-MS-30",
      "meta": {
        "profile": [ "https://www.medizininformatik-initiative.de/fhir/core/modul-medikation/StructureDefinition/MedicationStatement" ]
      },
      "status": "active",
      "medicationReference": {
        "reference": "Medication/Medication-899054828"
      },
      "subject": {
        "reference": "Patient/UKE-0010"
      },
      "context": {
        "reference": "Encounter/UKE-0010-E-1"
      },
      "effectiveDateTime": "2020-09-06T00:00:00+02:00",
      "dosage": [ {
        "doseAndRate": [ {
          "doseQuantity": {
            "value": 1,
            "unit": "Tabletten",
            "system": "http://unitsofmeasure.org",
            "code": "1"
          }
        } ]
      } ]
    },
    "request": {
      "method": "PUT",
      "url": "MedicationStatement/UKE-0010-E-1-MS-30"
    }
  }, {
    "fullUrl": "MedicationStatement/UKE-0010-E-1-MS-31",
    "resource": {
      "resourceType": "MedicationStatement",
      "id": "UKE-0010-E-1-MS-31",
      "meta": {
        "profile": [ "https://www.medizininformatik-initiative.de/fhir/core/modul-medikation/StructureDefinition/MedicationStatement" ]
      },
      "status": "active",
      "medicationReference": {
        "reference": "Medication/Medication-1931902315"
      },
      "subject": {
        "reference": "Patient/UKE-0010"
      },
      "context": {
        "reference": "Encounter/UKE-0010-E-1"
      },
      "effectiveDateTime": "2020-09-06T00:00:00+02:00",
      "dosage": [ {
        "doseAndRate": [ {
          "doseQuantity": {
            "value": 1,
            "unit": "Tabletten",
            "system": "http://unitsofmeasure.org",
            "code": "1"
          }
        } ]
      } ]
    },
    "request": {
      "method": "PUT",
      "url": "MedicationStatement/UKE-0010-E-1-MS-31"
    }
  }, {
    "fullUrl": "MedicationStatement/UKE-0010-E-1-MS-32",
    "resource": {
      "resourceType": "MedicationStatement",
      "id": "UKE-0010-E-1-MS-32",
      "meta": {
        "profile": [ "https://www.medizininformatik-initiative.de/fhir/core/modul-medikation/StructureDefinition/MedicationStatement" ]
      },
      "status": "active",
      "medicationReference": {
        "reference": "Medication/Medication--1019395450"
      },
      "subject": {
        "reference": "Patient/UKE-0010"
      },
      "context": {
        "reference": "Encounter/UKE-0010-E-1"
      },
      "effectiveDateTime": "2020-09-06T00:00:00+02:00",
      "dosage": [ {
        "doseAndRate": [ {
          "doseQuantity": {
            "value": 1,
            "unit": "Tabletten",
            "system": "http://unitsofmeasure.org",
            "code": "1"
          }
        } ]
      } ]
    },
    "request": {
      "method": "PUT",
      "url": "MedicationStatement/UKE-0010-E-1-MS-32"
    }
  }, {
    "fullUrl": "MedicationStatement/UKE-0010-E-1-MS-33",
    "resource": {
      "resourceType": "MedicationStatement",
      "id": "UKE-0010-E-1-MS-33",
      "meta": {
        "profile": [ "https://www.medizininformatik-initiative.de/fhir/core/modul-medikation/StructureDefinition/MedicationStatement" ]
      },
      "status": "active",
      "medicationReference": {
        "reference": "Medication/Medication-762044849"
      },
      "subject": {
        "reference": "Patient/UKE-0010"
      },
      "context": {
        "reference": "Encounter/UKE-0010-E-1"
      },
      "effectiveDateTime": "2020-09-06T00:00:00+02:00",
      "dosage": [ {
        "doseAndRate": [ {
          "doseQuantity": {
            "value": 2,
            "unit": "Tabletten",
            "system": "http://unitsofmeasure.org",
            "code": "1"
          }
        } ]
      } ]
    },
    "request": {
      "method": "PUT",
      "url": "MedicationStatement/UKE-0010-E-1-MS-33"
    }
  }, {
    "fullUrl": "MedicationStatement/UKE-0010-E-1-MS-34",
    "resource": {
      "resourceType": "MedicationStatement",
      "id": "UKE-0010-E-1-MS-34",
      "meta": {
        "profile": [ "https://www.medizininformatik-initiative.de/fhir/core/modul-medikation/StructureDefinition/MedicationStatement" ]
      },
      "status": "active",
      "medicationReference": {
        "reference": "Medication/Medication-12534251"
      },
      "subject": {
        "reference": "Patient/UKE-0010"
      },
      "context": {
        "reference": "Encounter/UKE-0010-E-1"
      },
      "effectiveDateTime": "2020-09-06T00:00:00+02:00",
      "dosage": [ {
        "doseAndRate": [ {
          "doseQuantity": {
            "value": 1,
            "unit": "Tabletten",
            "system": "http://unitsofmeasure.org",
            "code": "1"
          }
        } ]
      } ]
    },
    "request": {
      "method": "PUT",
      "url": "MedicationStatement/UKE-0010-E-1-MS-34"
    }
  }, {
    "fullUrl": "MedicationStatement/UKE-0010-E-1-MS-35",
    "resource": {
      "resourceType": "MedicationStatement",
      "id": "UKE-0010-E-1-MS-35",
      "meta": {
        "profile": [ "https://www.medizininformatik-initiative.de/fhir/core/modul-medikation/StructureDefinition/MedicationStatement" ]
      },
      "status": "active",
      "medicationReference": {
        "reference": "Medication/Medication-1184187801"
      },
      "subject": {
        "reference": "Patient/UKE-0010"
      },
      "context": {
        "reference": "Encounter/UKE-0010-E-1"
      },
      "effectiveDateTime": "2020-09-06T00:00:00+02:00",
      "dosage": [ {
        "doseAndRate": [ {
          "doseQuantity": {
            "value": 2,
            "unit": "Inhalationsampullen",
            "system": "http://unitsofmeasure.org",
            "code": "1"
          }
        } ]
      } ]
    },
    "request": {
      "method": "PUT",
      "url": "MedicationStatement/UKE-0010-E-1-MS-35"
    }
  }, {
    "fullUrl": "MedicationStatement/UKE-0010-E-1-MS-36",
    "resource": {
      "resourceType": "MedicationStatement",
      "id": "UKE-0010-E-1-MS-36",
      "meta": {
        "profile": [ "https://www.medizininformatik-initiative.de/fhir/core/modul-medikation/StructureDefinition/MedicationStatement" ]
      },
      "status": "active",
      "medicationReference": {
        "reference": "Medication/Medication-1928216850"
      },
      "subject": {
        "reference": "Patient/UKE-0010"
      },
      "context": {
        "reference": "Encounter/UKE-0010-E-1"
      },
      "effectiveDateTime": "2020-09-06T00:00:00+02:00",
      "dosage": [ {
        "doseAndRate": [ {
          "doseQuantity": {
            "value": 4,
            "unit": "Injektionslösung",
            "system": "http://unitsofmeasure.org",
            "code": "1"
          }
        } ]
      } ]
    },
    "request": {
      "method": "PUT",
      "url": "MedicationStatement/UKE-0010-E-1-MS-36"
    }
  }, {
    "fullUrl": "MedicationStatement/UKE-0010-E-1-MS-37",
    "resource": {
      "resourceType": "MedicationStatement",
      "id": "UKE-0010-E-1-MS-37",
      "meta": {
        "profile": [ "https://www.medizininformatik-initiative.de/fhir/core/modul-medikation/StructureDefinition/MedicationStatement" ]
      },
      "status": "active",
      "medicationReference": {
        "reference": "Medication/Medication--1622676225"
      },
      "subject": {
        "reference": "Patient/UKE-0010"
      },
      "context": {
        "reference": "Encounter/UKE-0010-E-1"
      },
      "effectiveDateTime": "2020-09-07T00:00:00+02:00",
      "dosage": [ {
        "doseAndRate": [ {
          "doseQuantity": {
            "value": 3,
            "unit": "Pulver zur Herstellung einer Injektions-, Infusions-oder Inhalationslösung",
            "system": "http://unitsofmeasure.org",
            "code": "1"
          }
        } ]
      } ]
    },
    "request": {
      "method": "PUT",
      "url": "MedicationStatement/UKE-0010-E-1-MS-37"
    }
  }, {
    "fullUrl": "MedicationStatement/UKE-0010-E-1-MS-38",
    "resource": {
      "resourceType": "MedicationStatement",
      "id": "UKE-0010-E-1-MS-38",
      "meta": {
        "profile": [ "https://www.medizininformatik-initiative.de/fhir/core/modul-medikation/StructureDefinition/MedicationStatement" ]
      },
      "status": "active",
      "medicationReference": {
        "reference": "Medication/Medication-761180906"
      },
      "subject": {
        "reference": "Patient/UKE-0010"
      },
      "context": {
        "reference": "Encounter/UKE-0010-E-1"
      },
      "effectiveDateTime": "2020-09-07T00:00:00+02:00",
      "dosage": [ {
        "doseAndRate": [ {
          "doseQuantity": {
            "value": 2,
            "unit": "Tabletten",
            "system": "http://unitsofmeasure.org",
            "code": "1"
          }
        } ]
      } ]
    },
    "request": {
      "method": "PUT",
      "url": "MedicationStatement/UKE-0010-E-1-MS-38"
    }
  }, {
    "fullUrl": "MedicationStatement/UKE-0010-E-1-MS-39",
    "resource": {
      "resourceType": "MedicationStatement",
      "id": "UKE-0010-E-1-MS-39",
      "meta": {
        "profile": [ "https://www.medizininformatik-initiative.de/fhir/core/modul-medikation/StructureDefinition/MedicationStatement" ]
      },
      "status": "active",
      "medicationReference": {
        "reference": "Medication/Medication-782362311"
      },
      "subject": {
        "reference": "Patient/UKE-0010"
      },
      "context": {
        "reference": "Encounter/UKE-0010-E-1"
      },
      "effectiveDateTime": "2020-09-07T00:00:00+02:00",
      "dosage": [ {
        "doseAndRate": [ {
          "doseQuantity": {
            "value": 1,
            "unit": "Tabletten",
            "system": "http://unitsofmeasure.org",
            "code": "1"
          }
        } ]
      } ]
    },
    "request": {
      "method": "PUT",
      "url": "MedicationStatement/UKE-0010-E-1-MS-39"
    }
  }, {
    "fullUrl": "MedicationStatement/UKE-0010-E-1-MS-40",
    "resource": {
      "resourceType": "MedicationStatement",
      "id": "UKE-0010-E-1-MS-40",
      "meta": {
        "profile": [ "https://www.medizininformatik-initiative.de/fhir/core/modul-medikation/StructureDefinition/MedicationStatement" ]
      },
      "status": "active",
      "medicationReference": {
        "reference": "Medication/Medication--991660026"
      },
      "subject": {
        "reference": "Patient/UKE-0010"
      },
      "context": {
        "reference": "Encounter/UKE-0010-E-1"
      },
      "effectiveDateTime": "2020-09-07T00:00:00+02:00",
      "dosage": [ {
        "doseAndRate": [ {
          "doseQuantity": {
            "value": 1,
            "unit": "Tabletten",
            "system": "http://unitsofmeasure.org",
            "code": "1"
          }
        } ]
      } ]
    },
    "request": {
      "method": "PUT",
      "url": "MedicationStatement/UKE-0010-E-1-MS-40"
    }
  }, {
    "fullUrl": "MedicationStatement/UKE-0010-E-1-MS-41",
    "resource": {
      "resourceType": "MedicationStatement",
      "id": "UKE-0010-E-1-MS-41",
      "meta": {
        "profile": [ "https://www.medizininformatik-initiative.de/fhir/core/modul-medikation/StructureDefinition/MedicationStatement" ]
      },
      "status": "active",
      "medicationReference": {
        "reference": "Medication/Medication--132842198"
      },
      "subject": {
        "reference": "Patient/UKE-0010"
      },
      "context": {
        "reference": "Encounter/UKE-0010-E-1"
      },
      "effectiveDateTime": "2020-09-07T00:00:00+02:00",
      "dosage": [ {
        "doseAndRate": [ {
          "doseQuantity": {
            "value": 2,
            "unit": "Tabletten",
            "system": "http://unitsofmeasure.org",
            "code": "1"
          }
        } ]
      } ]
    },
    "request": {
      "method": "PUT",
      "url": "MedicationStatement/UKE-0010-E-1-MS-41"
    }
  }, {
    "fullUrl": "MedicationStatement/UKE-0010-E-1-MS-42",
    "resource": {
      "resourceType": "MedicationStatement",
      "id": "UKE-0010-E-1-MS-42",
      "meta": {
        "profile": [ "https://www.medizininformatik-initiative.de/fhir/core/modul-medikation/StructureDefinition/MedicationStatement" ]
      },
      "status": "active",
      "medicationReference": {
        "reference": "Medication/Medication-899054828"
      },
      "subject": {
        "reference": "Patient/UKE-0010"
      },
      "context": {
        "reference": "Encounter/UKE-0010-E-1"
      },
      "effectiveDateTime": "2020-09-07T00:00:00+02:00",
      "dosage": [ {
        "doseAndRate": [ {
          "doseQuantity": {
            "value": 1,
            "unit": "Tabletten",
            "system": "http://unitsofmeasure.org",
            "code": "1"
          }
        } ]
      } ]
    },
    "request": {
      "method": "PUT",
      "url": "MedicationStatement/UKE-0010-E-1-MS-42"
    }
  }, {
    "fullUrl": "MedicationStatement/UKE-0010-E-1-MS-43",
    "resource": {
      "resourceType": "MedicationStatement",
      "id": "UKE-0010-E-1-MS-43",
      "meta": {
        "profile": [ "https://www.medizininformatik-initiative.de/fhir/core/modul-medikation/StructureDefinition/MedicationStatement" ]
      },
      "status": "active",
      "medicationReference": {
        "reference": "Medication/Medication-1931902315"
      },
      "subject": {
        "reference": "Patient/UKE-0010"
      },
      "context": {
        "reference": "Encounter/UKE-0010-E-1"
      },
      "effectiveDateTime": "2020-09-07T00:00:00+02:00",
      "dosage": [ {
        "doseAndRate": [ {
          "doseQuantity": {
            "value": 1,
            "unit": "Tabletten",
            "system": "http://unitsofmeasure.org",
            "code": "1"
          }
        } ]
      } ]
    },
    "request": {
      "method": "PUT",
      "url": "MedicationStatement/UKE-0010-E-1-MS-43"
    }
  }, {
    "fullUrl": "MedicationStatement/UKE-0010-E-1-MS-44",
    "resource": {
      "resourceType": "MedicationStatement",
      "id": "UKE-0010-E-1-MS-44",
      "meta": {
        "profile": [ "https://www.medizininformatik-initiative.de/fhir/core/modul-medikation/StructureDefinition/MedicationStatement" ]
      },
      "status": "active",
      "medicationReference": {
        "reference": "Medication/Medication--1019395450"
      },
      "subject": {
        "reference": "Patient/UKE-0010"
      },
      "context": {
        "reference": "Encounter/UKE-0010-E-1"
      },
      "effectiveDateTime": "2020-09-07T00:00:00+02:00",
      "dosage": [ {
        "doseAndRate": [ {
          "doseQuantity": {
            "value": 1,
            "unit": "Tabletten",
            "system": "http://unitsofmeasure.org",
            "code": "1"
          }
        } ]
      } ]
    },
    "request": {
      "method": "PUT",
      "url": "MedicationStatement/UKE-0010-E-1-MS-44"
    }
  }, {
    "fullUrl": "MedicationStatement/UKE-0010-E-1-MS-45",
    "resource": {
      "resourceType": "MedicationStatement",
      "id": "UKE-0010-E-1-MS-45",
      "meta": {
        "profile": [ "https://www.medizininformatik-initiative.de/fhir/core/modul-medikation/StructureDefinition/MedicationStatement" ]
      },
      "status": "active",
      "medicationReference": {
        "reference": "Medication/Medication-762044849"
      },
      "subject": {
        "reference": "Patient/UKE-0010"
      },
      "context": {
        "reference": "Encounter/UKE-0010-E-1"
      },
      "effectiveDateTime": "2020-09-07T00:00:00+02:00",
      "dosage": [ {
        "doseAndRate": [ {
          "doseQuantity": {
            "value": 2,
            "unit": "Tabletten",
            "system": "http://unitsofmeasure.org",
            "code": "1"
          }
        } ]
      } ]
    },
    "request": {
      "method": "PUT",
      "url": "MedicationStatement/UKE-0010-E-1-MS-45"
    }
  }, {
    "fullUrl": "MedicationStatement/UKE-0010-E-1-MS-46",
    "resource": {
      "resourceType": "MedicationStatement",
      "id": "UKE-0010-E-1-MS-46",
      "meta": {
        "profile": [ "https://www.medizininformatik-initiative.de/fhir/core/modul-medikation/StructureDefinition/MedicationStatement" ]
      },
      "status": "active",
      "medicationReference": {
        "reference": "Medication/Medication-12534251"
      },
      "subject": {
        "reference": "Patient/UKE-0010"
      },
      "context": {
        "reference": "Encounter/UKE-0010-E-1"
      },
      "effectiveDateTime": "2020-09-07T00:00:00+02:00",
      "dosage": [ {
        "doseAndRate": [ {
          "doseQuantity": {
            "value": 1,
            "unit": "Tabletten",
            "system": "http://unitsofmeasure.org",
            "code": "1"
          }
        } ]
      } ]
    },
    "request": {
      "method": "PUT",
      "url": "MedicationStatement/UKE-0010-E-1-MS-46"
    }
  }, {
    "fullUrl": "MedicationStatement/UKE-0010-E-1-MS-47",
    "resource": {
      "resourceType": "MedicationStatement",
      "id": "UKE-0010-E-1-MS-47",
      "meta": {
        "profile": [ "https://www.medizininformatik-initiative.de/fhir/core/modul-medikation/StructureDefinition/MedicationStatement" ]
      },
      "status": "active",
      "medicationReference": {
        "reference": "Medication/Medication-1184187801"
      },
      "subject": {
        "reference": "Patient/UKE-0010"
      },
      "context": {
        "reference": "Encounter/UKE-0010-E-1"
      },
      "effectiveDateTime": "2020-09-07T00:00:00+02:00",
      "dosage": [ {
        "doseAndRate": [ {
          "doseQuantity": {
            "value": 2,
            "unit": "Inhalationsampullen",
            "system": "http://unitsofmeasure.org",
            "code": "1"
          }
        } ]
      } ]
    },
    "request": {
      "method": "PUT",
      "url": "MedicationStatement/UKE-0010-E-1-MS-47"
    }
  }, {
    "fullUrl": "MedicationStatement/UKE-0010-E-1-MS-48",
    "resource": {
      "resourceType": "MedicationStatement",
      "id": "UKE-0010-E-1-MS-48",
      "meta": {
        "profile": [ "https://www.medizininformatik-initiative.de/fhir/core/modul-medikation/StructureDefinition/MedicationStatement" ]
      },
      "status": "active",
      "medicationReference": {
        "reference": "Medication/Medication-1928216850"
      },
      "subject": {
        "reference": "Patient/UKE-0010"
      },
      "context": {
        "reference": "Encounter/UKE-0010-E-1"
      },
      "effectiveDateTime": "2020-09-07T00:00:00+02:00",
      "dosage": [ {
        "doseAndRate": [ {
          "doseQuantity": {
            "value": 4,
            "unit": "Injektionslösung",
            "system": "http://unitsofmeasure.org",
            "code": "1"
          }
        } ]
      } ]
    },
    "request": {
      "method": "PUT",
      "url": "MedicationStatement/UKE-0010-E-1-MS-48"
    }
  }, {
    "fullUrl": "MedicationStatement/UKE-0010-E-1-MS-49",
    "resource": {
      "resourceType": "MedicationStatement",
      "id": "UKE-0010-E-1-MS-49",
      "meta": {
        "profile": [ "https://www.medizininformatik-initiative.de/fhir/core/modul-medikation/StructureDefinition/MedicationStatement" ]
      },
      "status": "active",
      "medicationReference": {
        "reference": "Medication/Medication--1622676225"
      },
      "subject": {
        "reference": "Patient/UKE-0010"
      },
      "context": {
        "reference": "Encounter/UKE-0010-E-1"
      },
      "effectiveDateTime": "2020-09-08T00:00:00+02:00",
      "dosage": [ {
        "doseAndRate": [ {
          "doseQuantity": {
            "value": 3,
            "unit": "Pulver zur Herstellung einer Injektions-, Infusions-oder Inhalationslösung",
            "system": "http://unitsofmeasure.org",
            "code": "1"
          }
        } ]
      } ]
    },
    "request": {
      "method": "PUT",
      "url": "MedicationStatement/UKE-0010-E-1-MS-49"
    }
  }, {
    "fullUrl": "MedicationStatement/UKE-0010-E-1-MS-50",
    "resource": {
      "resourceType": "MedicationStatement",
      "id": "UKE-0010-E-1-MS-50",
      "meta": {
        "profile": [ "https://www.medizininformatik-initiative.de/fhir/core/modul-medikation/StructureDefinition/MedicationStatement" ]
      },
      "status": "active",
      "medicationReference": {
        "reference": "Medication/Medication-761180906"
      },
      "subject": {
        "reference": "Patient/UKE-0010"
      },
      "context": {
        "reference": "Encounter/UKE-0010-E-1"
      },
      "effectiveDateTime": "2020-09-08T00:00:00+02:00",
      "dosage": [ {
        "doseAndRate": [ {
          "doseQuantity": {
            "value": 2,
            "unit": "Tabletten",
            "system": "http://unitsofmeasure.org",
            "code": "1"
          }
        } ]
      } ]
    },
    "request": {
      "method": "PUT",
      "url": "MedicationStatement/UKE-0010-E-1-MS-50"
    }
  }, {
    "fullUrl": "MedicationStatement/UKE-0010-E-1-MS-51",
    "resource": {
      "resourceType": "MedicationStatement",
      "id": "UKE-0010-E-1-MS-51",
      "meta": {
        "profile": [ "https://www.medizininformatik-initiative.de/fhir/core/modul-medikation/StructureDefinition/MedicationStatement" ]
      },
      "status": "active",
      "medicationReference": {
        "reference": "Medication/Medication-782362311"
      },
      "subject": {
        "reference": "Patient/UKE-0010"
      },
      "context": {
        "reference": "Encounter/UKE-0010-E-1"
      },
      "effectiveDateTime": "2020-09-08T00:00:00+02:00",
      "dosage": [ {
        "doseAndRate": [ {
          "doseQuantity": {
            "value": 1,
            "unit": "Tabletten",
            "system": "http://unitsofmeasure.org",
            "code": "1"
          }
        } ]
      } ]
    },
    "request": {
      "method": "PUT",
      "url": "MedicationStatement/UKE-0010-E-1-MS-51"
    }
  }, {
    "fullUrl": "MedicationStatement/UKE-0010-E-1-MS-52",
    "resource": {
      "resourceType": "MedicationStatement",
      "id": "UKE-0010-E-1-MS-52",
      "meta": {
        "profile": [ "https://www.medizininformatik-initiative.de/fhir/core/modul-medikation/StructureDefinition/MedicationStatement" ]
      },
      "status": "active",
      "medicationReference": {
        "reference": "Medication/Medication--991660026"
      },
      "subject": {
        "reference": "Patient/UKE-0010"
      },
      "context": {
        "reference": "Encounter/UKE-0010-E-1"
      },
      "effectiveDateTime": "2020-09-08T00:00:00+02:00",
      "dosage": [ {
        "doseAndRate": [ {
          "doseQuantity": {
            "value": 1,
            "unit": "Tabletten",
            "system": "http://unitsofmeasure.org",
            "code": "1"
          }
        } ]
      } ]
    },
    "request": {
      "method": "PUT",
      "url": "MedicationStatement/UKE-0010-E-1-MS-52"
    }
  }, {
    "fullUrl": "MedicationStatement/UKE-0010-E-1-MS-53",
    "resource": {
      "resourceType": "MedicationStatement",
      "id": "UKE-0010-E-1-MS-53",
      "meta": {
        "profile": [ "https://www.medizininformatik-initiative.de/fhir/core/modul-medikation/StructureDefinition/MedicationStatement" ]
      },
      "status": "active",
      "medicationReference": {
        "reference": "Medication/Medication--132842198"
      },
      "subject": {
        "reference": "Patient/UKE-0010"
      },
      "context": {
        "reference": "Encounter/UKE-0010-E-1"
      },
      "effectiveDateTime": "2020-09-08T00:00:00+02:00",
      "dosage": [ {
        "doseAndRate": [ {
          "doseQuantity": {
            "value": 2,
            "unit": "Tabletten",
            "system": "http://unitsofmeasure.org",
            "code": "1"
          }
        } ]
      } ]
    },
    "request": {
      "method": "PUT",
      "url": "MedicationStatement/UKE-0010-E-1-MS-53"
    }
  }, {
    "fullUrl": "MedicationStatement/UKE-0010-E-1-MS-54",
    "resource": {
      "resourceType": "MedicationStatement",
      "id": "UKE-0010-E-1-MS-54",
      "meta": {
        "profile": [ "https://www.medizininformatik-initiative.de/fhir/core/modul-medikation/StructureDefinition/MedicationStatement" ]
      },
      "status": "active",
      "medicationReference": {
        "reference": "Medication/Medication-899054828"
      },
      "subject": {
        "reference": "Patient/UKE-0010"
      },
      "context": {
        "reference": "Encounter/UKE-0010-E-1"
      },
      "effectiveDateTime": "2020-09-08T00:00:00+02:00",
      "dosage": [ {
        "doseAndRate": [ {
          "doseQuantity": {
            "value": 1,
            "unit": "Tabletten",
            "system": "http://unitsofmeasure.org",
            "code": "1"
          }
        } ]
      } ]
    },
    "request": {
      "method": "PUT",
      "url": "MedicationStatement/UKE-0010-E-1-MS-54"
    }
  }, {
    "fullUrl": "MedicationStatement/UKE-0010-E-1-MS-55",
    "resource": {
      "resourceType": "MedicationStatement",
      "id": "UKE-0010-E-1-MS-55",
      "meta": {
        "profile": [ "https://www.medizininformatik-initiative.de/fhir/core/modul-medikation/StructureDefinition/MedicationStatement" ]
      },
      "status": "active",
      "medicationReference": {
        "reference": "Medication/Medication-1931902315"
      },
      "subject": {
        "reference": "Patient/UKE-0010"
      },
      "context": {
        "reference": "Encounter/UKE-0010-E-1"
      },
      "effectiveDateTime": "2020-09-08T00:00:00+02:00",
      "dosage": [ {
        "doseAndRate": [ {
          "doseQuantity": {
            "value": 1,
            "unit": "Tabletten",
            "system": "http://unitsofmeasure.org",
            "code": "1"
          }
        } ]
      } ]
    },
    "request": {
      "method": "PUT",
      "url": "MedicationStatement/UKE-0010-E-1-MS-55"
    }
  }, {
    "fullUrl": "MedicationStatement/UKE-0010-E-1-MS-56",
    "resource": {
      "resourceType": "MedicationStatement",
      "id": "UKE-0010-E-1-MS-56",
      "meta": {
        "profile": [ "https://www.medizininformatik-initiative.de/fhir/core/modul-medikation/StructureDefinition/MedicationStatement" ]
      },
      "status": "active",
      "medicationReference": {
        "reference": "Medication/Medication--1019395450"
      },
      "subject": {
        "reference": "Patient/UKE-0010"
      },
      "context": {
        "reference": "Encounter/UKE-0010-E-1"
      },
      "effectiveDateTime": "2020-09-08T00:00:00+02:00",
      "dosage": [ {
        "doseAndRate": [ {
          "doseQuantity": {
            "value": 1,
            "unit": "Tabletten",
            "system": "http://unitsofmeasure.org",
            "code": "1"
          }
        } ]
      } ]
    },
    "request": {
      "method": "PUT",
      "url": "MedicationStatement/UKE-0010-E-1-MS-56"
    }
  }, {
    "fullUrl": "MedicationStatement/UKE-0010-E-1-MS-57",
    "resource": {
      "resourceType": "MedicationStatement",
      "id": "UKE-0010-E-1-MS-57",
      "meta": {
        "profile": [ "https://www.medizininformatik-initiative.de/fhir/core/modul-medikation/StructureDefinition/MedicationStatement" ]
      },
      "status": "active",
      "medicationReference": {
        "reference": "Medication/Medication-762044849"
      },
      "subject": {
        "reference": "Patient/UKE-0010"
      },
      "context": {
        "reference": "Encounter/UKE-0010-E-1"
      },
      "effectiveDateTime": "2020-09-08T00:00:00+02:00",
      "dosage": [ {
        "doseAndRate": [ {
          "doseQuantity": {
            "value": 2,
            "unit": "Tabletten",
            "system": "http://unitsofmeasure.org",
            "code": "1"
          }
        } ]
      } ]
    },
    "request": {
      "method": "PUT",
      "url": "MedicationStatement/UKE-0010-E-1-MS-57"
    }
  }, {
    "fullUrl": "MedicationStatement/UKE-0010-E-1-MS-58",
    "resource": {
      "resourceType": "MedicationStatement",
      "id": "UKE-0010-E-1-MS-58",
      "meta": {
        "profile": [ "https://www.medizininformatik-initiative.de/fhir/core/modul-medikation/StructureDefinition/MedicationStatement" ]
      },
      "status": "active",
      "medicationReference": {
        "reference": "Medication/Medication-12534251"
      },
      "subject": {
        "reference": "Patient/UKE-0010"
      },
      "context": {
        "reference": "Encounter/UKE-0010-E-1"
      },
      "effectiveDateTime": "2020-09-08T00:00:00+02:00",
      "dosage": [ {
        "doseAndRate": [ {
          "doseQuantity": {
            "value": 1,
            "unit": "Tabletten",
            "system": "http://unitsofmeasure.org",
            "code": "1"
          }
        } ]
      } ]
    },
    "request": {
      "method": "PUT",
      "url": "MedicationStatement/UKE-0010-E-1-MS-58"
    }
  }, {
    "fullUrl": "MedicationStatement/UKE-0010-E-1-MS-59",
    "resource": {
      "resourceType": "MedicationStatement",
      "id": "UKE-0010-E-1-MS-59",
      "meta": {
        "profile": [ "https://www.medizininformatik-initiative.de/fhir/core/modul-medikation/StructureDefinition/MedicationStatement" ]
      },
      "status": "active",
      "medicationReference": {
        "reference": "Medication/Medication-1184187801"
      },
      "subject": {
        "reference": "Patient/UKE-0010"
      },
      "context": {
        "reference": "Encounter/UKE-0010-E-1"
      },
      "effectiveDateTime": "2020-09-08T00:00:00+02:00",
      "dosage": [ {
        "doseAndRate": [ {
          "doseQuantity": {
            "value": 2,
            "unit": "Inhalationsampullen",
            "system": "http://unitsofmeasure.org",
            "code": "1"
          }
        } ]
      } ]
    },
    "request": {
      "method": "PUT",
      "url": "MedicationStatement/UKE-0010-E-1-MS-59"
    }
  }, {
    "fullUrl": "MedicationStatement/UKE-0010-E-1-MS-60",
    "resource": {
      "resourceType": "MedicationStatement",
      "id": "UKE-0010-E-1-MS-60",
      "meta": {
        "profile": [ "https://www.medizininformatik-initiative.de/fhir/core/modul-medikation/StructureDefinition/MedicationStatement" ]
      },
      "status": "active",
      "medicationReference": {
        "reference": "Medication/Medication-1928216850"
      },
      "subject": {
        "reference": "Patient/UKE-0010"
      },
      "context": {
        "reference": "Encounter/UKE-0010-E-1"
      },
      "effectiveDateTime": "2020-09-08T00:00:00+02:00",
      "dosage": [ {
        "doseAndRate": [ {
          "doseQuantity": {
            "value": 4,
            "unit": "Injektionslösung",
            "system": "http://unitsofmeasure.org",
            "code": "1"
          }
        } ]
      } ]
    },
    "request": {
      "method": "PUT",
      "url": "MedicationStatement/UKE-0010-E-1-MS-60"
    }
  }, {
    "fullUrl": "MedicationStatement/UKE-0010-E-1-MS-61",
    "resource": {
      "resourceType": "MedicationStatement",
      "id": "UKE-0010-E-1-MS-61",
      "meta": {
        "profile": [ "https://www.medizininformatik-initiative.de/fhir/core/modul-medikation/StructureDefinition/MedicationStatement" ]
      },
      "status": "active",
      "medicationReference": {
        "reference": "Medication/Medication--1622676225"
      },
      "subject": {
        "reference": "Patient/UKE-0010"
      },
      "context": {
        "reference": "Encounter/UKE-0010-E-1"
      },
      "effectiveDateTime": "2020-09-09T00:00:00+02:00",
      "dosage": [ {
        "doseAndRate": [ {
          "doseQuantity": {
            "value": 3,
            "unit": "Pulver zur Herstellung einer Injektions-, Infusions-oder Inhalationslösung",
            "system": "http://unitsofmeasure.org",
            "code": "1"
          }
        } ]
      } ]
    },
    "request": {
      "method": "PUT",
      "url": "MedicationStatement/UKE-0010-E-1-MS-61"
    }
  }, {
    "fullUrl": "MedicationStatement/UKE-0010-E-1-MS-62",
    "resource": {
      "resourceType": "MedicationStatement",
      "id": "UKE-0010-E-1-MS-62",
      "meta": {
        "profile": [ "https://www.medizininformatik-initiative.de/fhir/core/modul-medikation/StructureDefinition/MedicationStatement" ]
      },
      "status": "active",
      "medicationReference": {
        "reference": "Medication/Medication-761180906"
      },
      "subject": {
        "reference": "Patient/UKE-0010"
      },
      "context": {
        "reference": "Encounter/UKE-0010-E-1"
      },
      "effectiveDateTime": "2020-09-09T00:00:00+02:00",
      "dosage": [ {
        "doseAndRate": [ {
          "doseQuantity": {
            "value": 2,
            "unit": "Tabletten",
            "system": "http://unitsofmeasure.org",
            "code": "1"
          }
        } ]
      } ]
    },
    "request": {
      "method": "PUT",
      "url": "MedicationStatement/UKE-0010-E-1-MS-62"
    }
  }, {
    "fullUrl": "MedicationStatement/UKE-0010-E-1-MS-63",
    "resource": {
      "resourceType": "MedicationStatement",
      "id": "UKE-0010-E-1-MS-63",
      "meta": {
        "profile": [ "https://www.medizininformatik-initiative.de/fhir/core/modul-medikation/StructureDefinition/MedicationStatement" ]
      },
      "status": "active",
      "medicationReference": {
        "reference": "Medication/Medication-782362311"
      },
      "subject": {
        "reference": "Patient/UKE-0010"
      },
      "context": {
        "reference": "Encounter/UKE-0010-E-1"
      },
      "effectiveDateTime": "2020-09-09T00:00:00+02:00",
      "dosage": [ {
        "doseAndRate": [ {
          "doseQuantity": {
            "value": 1,
            "unit": "Tabletten",
            "system": "http://unitsofmeasure.org",
            "code": "1"
          }
        } ]
      } ]
    },
    "request": {
      "method": "PUT",
      "url": "MedicationStatement/UKE-0010-E-1-MS-63"
    }
  }, {
    "fullUrl": "MedicationStatement/UKE-0010-E-1-MS-64",
    "resource": {
      "resourceType": "MedicationStatement",
      "id": "UKE-0010-E-1-MS-64",
      "meta": {
        "profile": [ "https://www.medizininformatik-initiative.de/fhir/core/modul-medikation/StructureDefinition/MedicationStatement" ]
      },
      "status": "active",
      "medicationReference": {
        "reference": "Medication/Medication--991660026"
      },
      "subject": {
        "reference": "Patient/UKE-0010"
      },
      "context": {
        "reference": "Encounter/UKE-0010-E-1"
      },
      "effectiveDateTime": "2020-09-09T00:00:00+02:00",
      "dosage": [ {
        "doseAndRate": [ {
          "doseQuantity": {
            "value": 1,
            "unit": "Tabletten",
            "system": "http://unitsofmeasure.org",
            "code": "1"
          }
        } ]
      } ]
    },
    "request": {
      "method": "PUT",
      "url": "MedicationStatement/UKE-0010-E-1-MS-64"
    }
  }, {
    "fullUrl": "MedicationStatement/UKE-0010-E-1-MS-65",
    "resource": {
      "resourceType": "MedicationStatement",
      "id": "UKE-0010-E-1-MS-65",
      "meta": {
        "profile": [ "https://www.medizininformatik-initiative.de/fhir/core/modul-medikation/StructureDefinition/MedicationStatement" ]
      },
      "status": "active",
      "medicationReference": {
        "reference": "Medication/Medication--132842198"
      },
      "subject": {
        "reference": "Patient/UKE-0010"
      },
      "context": {
        "reference": "Encounter/UKE-0010-E-1"
      },
      "effectiveDateTime": "2020-09-09T00:00:00+02:00",
      "dosage": [ {
        "doseAndRate": [ {
          "doseQuantity": {
            "value": 2,
            "unit": "Tabletten",
            "system": "http://unitsofmeasure.org",
            "code": "1"
          }
        } ]
      } ]
    },
    "request": {
      "method": "PUT",
      "url": "MedicationStatement/UKE-0010-E-1-MS-65"
    }
  }, {
    "fullUrl": "MedicationStatement/UKE-0010-E-1-MS-66",
    "resource": {
      "resourceType": "MedicationStatement",
      "id": "UKE-0010-E-1-MS-66",
      "meta": {
        "profile": [ "https://www.medizininformatik-initiative.de/fhir/core/modul-medikation/StructureDefinition/MedicationStatement" ]
      },
      "status": "active",
      "medicationReference": {
        "reference": "Medication/Medication-899054828"
      },
      "subject": {
        "reference": "Patient/UKE-0010"
      },
      "context": {
        "reference": "Encounter/UKE-0010-E-1"
      },
      "effectiveDateTime": "2020-09-09T00:00:00+02:00",
      "dosage": [ {
        "doseAndRate": [ {
          "doseQuantity": {
            "value": 1,
            "unit": "Tabletten",
            "system": "http://unitsofmeasure.org",
            "code": "1"
          }
        } ]
      } ]
    },
    "request": {
      "method": "PUT",
      "url": "MedicationStatement/UKE-0010-E-1-MS-66"
    }
  }, {
    "fullUrl": "MedicationStatement/UKE-0010-E-1-MS-67",
    "resource": {
      "resourceType": "MedicationStatement",
      "id": "UKE-0010-E-1-MS-67",
      "meta": {
        "profile": [ "https://www.medizininformatik-initiative.de/fhir/core/modul-medikation/StructureDefinition/MedicationStatement" ]
      },
      "status": "active",
      "medicationReference": {
        "reference": "Medication/Medication-1931902315"
      },
      "subject": {
        "reference": "Patient/UKE-0010"
      },
      "context": {
        "reference": "Encounter/UKE-0010-E-1"
      },
      "effectiveDateTime": "2020-09-09T00:00:00+02:00",
      "dosage": [ {
        "doseAndRate": [ {
          "doseQuantity": {
            "value": 1,
            "unit": "Tabletten",
            "system": "http://unitsofmeasure.org",
            "code": "1"
          }
        } ]
      } ]
    },
    "request": {
      "method": "PUT",
      "url": "MedicationStatement/UKE-0010-E-1-MS-67"
    }
  }, {
    "fullUrl": "MedicationStatement/UKE-0010-E-1-MS-68",
    "resource": {
      "resourceType": "MedicationStatement",
      "id": "UKE-0010-E-1-MS-68",
      "meta": {
        "profile": [ "https://www.medizininformatik-initiative.de/fhir/core/modul-medikation/StructureDefinition/MedicationStatement" ]
      },
      "status": "active",
      "medicationReference": {
        "reference": "Medication/Medication--1019395450"
      },
      "subject": {
        "reference": "Patient/UKE-0010"
      },
      "context": {
        "reference": "Encounter/UKE-0010-E-1"
      },
      "effectiveDateTime": "2020-09-09T00:00:00+02:00",
      "dosage": [ {
        "doseAndRate": [ {
          "doseQuantity": {
            "value": 1,
            "unit": "Tabletten",
            "system": "http://unitsofmeasure.org",
            "code": "1"
          }
        } ]
      } ]
    },
    "request": {
      "method": "PUT",
      "url": "MedicationStatement/UKE-0010-E-1-MS-68"
    }
  }, {
    "fullUrl": "MedicationStatement/UKE-0010-E-1-MS-69",
    "resource": {
      "resourceType": "MedicationStatement",
      "id": "UKE-0010-E-1-MS-69",
      "meta": {
        "profile": [ "https://www.medizininformatik-initiative.de/fhir/core/modul-medikation/StructureDefinition/MedicationStatement" ]
      },
      "status": "active",
      "medicationReference": {
        "reference": "Medication/Medication-762044849"
      },
      "subject": {
        "reference": "Patient/UKE-0010"
      },
      "context": {
        "reference": "Encounter/UKE-0010-E-1"
      },
      "effectiveDateTime": "2020-09-09T00:00:00+02:00",
      "dosage": [ {
        "doseAndRate": [ {
          "doseQuantity": {
            "value": 2,
            "unit": "Tabletten",
            "system": "http://unitsofmeasure.org",
            "code": "1"
          }
        } ]
      } ]
    },
    "request": {
      "method": "PUT",
      "url": "MedicationStatement/UKE-0010-E-1-MS-69"
    }
  }, {
    "fullUrl": "MedicationStatement/UKE-0010-E-1-MS-70",
    "resource": {
      "resourceType": "MedicationStatement",
      "id": "UKE-0010-E-1-MS-70",
      "meta": {
        "profile": [ "https://www.medizininformatik-initiative.de/fhir/core/modul-medikation/StructureDefinition/MedicationStatement" ]
      },
      "status": "active",
      "medicationReference": {
        "reference": "Medication/Medication-12534251"
      },
      "subject": {
        "reference": "Patient/UKE-0010"
      },
      "context": {
        "reference": "Encounter/UKE-0010-E-1"
      },
      "effectiveDateTime": "2020-09-09T00:00:00+02:00",
      "dosage": [ {
        "doseAndRate": [ {
          "doseQuantity": {
            "value": 1,
            "unit": "Tabletten",
            "system": "http://unitsofmeasure.org",
            "code": "1"
          }
        } ]
      } ]
    },
    "request": {
      "method": "PUT",
      "url": "MedicationStatement/UKE-0010-E-1-MS-70"
    }
  }, {
    "fullUrl": "MedicationStatement/UKE-0010-E-1-MS-71",
    "resource": {
      "resourceType": "MedicationStatement",
      "id": "UKE-0010-E-1-MS-71",
      "meta": {
        "profile": [ "https://www.medizininformatik-initiative.de/fhir/core/modul-medikation/StructureDefinition/MedicationStatement" ]
      },
      "status": "active",
      "medicationReference": {
        "reference": "Medication/Medication-1184187801"
      },
      "subject": {
        "reference": "Patient/UKE-0010"
      },
      "context": {
        "reference": "Encounter/UKE-0010-E-1"
      },
      "effectiveDateTime": "2020-09-09T00:00:00+02:00",
      "dosage": [ {
        "doseAndRate": [ {
          "doseQuantity": {
            "value": 2,
            "unit": "Inhalationsampullen",
            "system": "http://unitsofmeasure.org",
            "code": "1"
          }
        } ]
      } ]
    },
    "request": {
      "method": "PUT",
      "url": "MedicationStatement/UKE-0010-E-1-MS-71"
    }
  }, {
    "fullUrl": "MedicationStatement/UKE-0010-E-1-MS-72",
    "resource": {
      "resourceType": "MedicationStatement",
      "id": "UKE-0010-E-1-MS-72",
      "meta": {
        "profile": [ "https://www.medizininformatik-initiative.de/fhir/core/modul-medikation/StructureDefinition/MedicationStatement" ]
      },
      "status": "active",
      "medicationReference": {
        "reference": "Medication/Medication-1928216850"
      },
      "subject": {
        "reference": "Patient/UKE-0010"
      },
      "context": {
        "reference": "Encounter/UKE-0010-E-1"
      },
      "effectiveDateTime": "2020-09-09T00:00:00+02:00",
      "dosage": [ {
        "doseAndRate": [ {
          "doseQuantity": {
            "value": 4,
            "unit": "Injektionslösung",
            "system": "http://unitsofmeasure.org",
            "code": "1"
          }
        } ]
      } ]
    },
    "request": {
      "method": "PUT",
      "url": "MedicationStatement/UKE-0010-E-1-MS-72"
    }
  } ]
}