{
  "resourceType": "Bundle",
  "type": "transaction",
  "entry": [ {
    "fullUrl": "Patient/UKE-0003",
    "resource": {
      "resourceType": "Patient",
      "id": "UKE-0003",
      "meta": {
        "profile": [ "https://www.medizininformatik-initiative.de/fhir/core/modul-person/StructureDefinition/Patient" ]
      },
      "identifier": [ {
        "use": "usual",
        "type": {
          "coding": [ {
            "system": "http://terminology.hl7.org/CodeSystem/v2-0203",
            "code": "MR"
          } ]
        },
        "system": "https://UKE.de/pid",
        "value": "UKE-0003"
      } ],
      "name": [ {
        "use": "official",
        "family": "f",
        "given": [ "c" ]
      } ],
      "gender": "female",
      "birthDate": "1941-01-01",
      "address": [ {
        "extension": [ {
          "url": "http://terminology.hl7.org/CodeSystem/data-absent-reason",
          "valueCode": "unknown"
        } ]
      } ],
      "generalPractitioner": [ {
        "display": "AOK"
      } ]
    },
    "request": {
      "method": "PUT",
      "url": "Patient/UKE-0003"
    }
  }, {
    "fullUrl": "Encounter/UKE-0003-E-1",
    "resource": {
      "resourceType": "Encounter",
      "id": "UKE-0003-E-1",
      "meta": {
        "profile": [ "https://www.medizininformatik-initiative.de/fhir/core/modul-fall/StructureDefinition/KontaktGesundheitseinrichtung" ]
      },
      "identifier": [ {
        "type": {
          "coding": [ {
            "system": "http://terminology.hl7.org/CodeSystem/v2-0203",
            "code": "VN"
          } ]
        },
        "_system": {
          "extension": [ {
            "url": "http://terminology.hl7.org/CodeSystem/data-absent-reason",
            "valueCode": "unknown"
          } ]
        },
        "value": "UKE-0003-E-1",
        "assigner": {
          "identifier": {
            "system": "https://www.medizininformatik-initiative.de/fhir/core/NamingSystem/org-identifier",
            "value": "UKE"
          }
        }
      } ],
      "status": "finished",
      "class": {
        "system": "http://terminology.hl7.org/CodeSystem/v3-ActCode",
        "code": "IMP",
        "display": "inpatient encounter"
      },
      "type": [ {
        "coding": [ {
          "code": "einrichtungskontakt",
          "display": "Einrichtungskontakt"
        } ]
      } ],
      "subject": {
        "reference": "Patient/UKE-0003"
      },
      "period": {
        "start": "2020-02-26T00:00:00+01:00",
        "end": "2020-03-02T00:00:00+01:00"
      },
      "diagnosis": [ {
        "condition": {
          "reference": "Condition/UKE-0003-E-1-D-1"
        },
        "use": {
          "coding": [ {
            "system": "http://terminology.hl7.org/CodeSystem/diagnosis-role",
            "code": "AD",
            "display": "Admission diagnosis"
          } ]
        }
      }, {
        "condition": {
          "reference": "Condition/UKE-0003-E-1-D-2"
        },
        "use": {
          "coding": [ {
            "system": "http://terminology.hl7.org/CodeSystem/diagnosis-role",
            "code": "AD",
            "display": "Admission diagnosis"
          } ]
        }
      }, {
        "condition": {
          "reference": "Condition/UKE-0003-E-1-D-3"
        },
        "use": {
          "coding": [ {
            "system": "http://terminology.hl7.org/CodeSystem/diagnosis-role",
            "code": "AD",
            "display": "Admission diagnosis"
          } ]
        }
      } ]
    },
    "request": {
      "method": "PUT",
      "url": "Encounter/UKE-0003-E-1"
    }
  }, {
    "fullUrl": "Encounter/UKE-0003-E-1-A-1",
    "resource": {
      "resourceType": "Encounter",
      "id": "UKE-0003-E-1-A-1",
      "meta": {
        "profile": [ "https://www.medizininformatik-initiative.de/fhir/core/modul-fall/StructureDefinition/KontaktGesundheitseinrichtung" ]
      },
      "status": "finished",
      "class": {
        "extension": [ {
          "url": "http://terminology.hl7.org/CodeSystem/data-absent-reason",
          "valueCode": "unknown"
        } ]
      },
      "type": [ {
        "coding": [ {
          "code": "abteilungskontakt",
          "display": "Abteilungskontakt"
        } ]
      } ],
      "serviceType": {
        "coding": [ {
          "system": "http://fhir.de/CodeSystem/dkgev/Fachabteilungsschluessel",
          "code": "0100",
          "display": "Innere Medizin"
        } ]
      },
      "subject": {
        "reference": "Patient/UKE-0003"
      },
      "period": {
        "start": "2020-02-26T00:00:00+01:00",
        "end": "2020-03-02T00:00:00+01:00"
      },
      "diagnosis": [ {
        "condition": {
          "_reference": {
            "extension": [ {
              "url": "http://terminology.hl7.org/CodeSystem/data-absent-reason",
              "valueCode": "unknown"
            } ]
          }
        }
      } ],
      "partOf": {
        "reference": "Encounter/UKE-0003-E-1"
      }
    },
    "request": {
      "method": "PUT",
      "url": "Encounter/UKE-0003-E-1-A-1"
    }
  }, {
    "fullUrl": "Condition/UKE-0003-E-1-D-1",
    "resource": {
      "resourceType": "Condition",
      "id": "UKE-0003-E-1-D-1",
      "meta": {
        "profile": [ "https://www.medizininformatik-initiative.de/fhir/core/modul-diagnose/StructureDefinition/Diagnose" ]
      },
      "identifier": [ {
        "value": "UKE-0003-E-1-D-1"
      } ],
      "code": {
        "coding": [ {
          "system": "http://fhir.de/CodeSystem/bfarm/icd-10-gm",
          "version": "2020",
          "code": "I10.90"
        } ]
      },
      "subject": {
        "reference": "Patient/UKE-0003"
      },
      "recordedDate": "2020-02-26T00:00:00+01:00"
    },
    "request": {
      "method": "PUT",
      "url": "Condition/UKE-0003-E-1-D-1"
    }
  }, {
    "fullUrl": "Condition/UKE-0003-E-1-D-2",
    "resource": {
      "resourceType": "Condition",
      "id": "UKE-0003-E-1-D-2",
      "meta": {
        "profile": [ "https://www.medizininformatik-initiative.de/fhir/core/modul-diagnose/StructureDefinition/Diagnose" ]
      },
      "identifier": [ {
        "value": "UKE-0003-E-1-D-2"
      } ],
      "code": {
        "coding": [ {
          "system": "http://fhir.de/CodeSystem/bfarm/icd-10-gm",
          "version": "2020",
          "code": "I25.2"
        } ]
      },
      "subject": {
        "reference": "Patient/UKE-0003"
      },
      "recordedDate": "2020-02-26T00:00:00+01:00"
    },
    "request": {
      "method": "PUT",
      "url": "Condition/UKE-0003-E-1-D-2"
    }
  }, {
    "fullUrl": "Condition/UKE-0003-E-1-D-3",
    "resource": {
      "resourceType": "Condition",
      "id": "UKE-0003-E-1-D-3",
      "meta": {
        "profile": [ "https://www.medizininformatik-initiative.de/fhir/core/modul-diagnose/StructureDefinition/Diagnose" ]
      },
      "identifier": [ {
        "value": "UKE-0003-E-1-D-3"
      } ],
      "code": {
        "coding": [ {
          "system": "http://fhir.de/CodeSystem/bfarm/icd-10-gm",
          "version": "2020",
          "code": "N18.2"
        } ]
      },
      "subject": {
        "reference": "Patient/UKE-0003"
      },
      "recordedDate": "2020-02-26T00:00:00+01:00"
    },
    "request": {
      "method": "PUT",
      "url": "Condition/UKE-0003-E-1-D-3"
    }
  }, {
    "fullUrl": "Medication/Medication--132846039",
    "resource": {
      "resourceType": "Medication",
      "id": "Medication--132846039",
      "meta": {
        "profile": [ "https://www.medizininformatik-initiative.de/fhir/core/modul-medikation/StructureDefinition/Medication" ]
      },
      "identifier": [ {
        "value": "Medication--132846039"
      } ],
      "code": {
        "coding": [ {
          "system": "http://fhir.de/CodeSystem/ifa/pzn",
          "code": "05013266"
        }, {
          "system": "http://fhir.de/CodeSystem/bfarm/atc",
          "code": "B01AB05"
        } ],
        "text": "Enoxaparin"
      },
      "ingredient": [ {
        "itemCodeableConcept": {
          "coding": [ {
            "system": "http://fhir.de/CodeSystem/ask",
            "_code": {
              "extension": [ {
                "url": "http://terminology.hl7.org/CodeSystem/data-absent-reason",
                "valueCode": "unknown"
              } ]
            }
          } ]
        },
        "strength": {
          "numerator": {
            "value": 20,
            "unit": "milligram",
            "system": "http://unitsofmeasure.org",
            "code": "mg"
          },
          "denominator": {
            "value": 1,
            "system": "http://XXX",
            "code": "Fertigspritzen"
          }
        }
      } ]
    },
    "request": {
      "method": "PUT",
      "url": "Medication/Medication--132846039"
    }
  }, {
    "fullUrl": "MedicationStatement/UKE-0003-E-1-MS-1",
    "resource": {
      "resourceType": "MedicationStatement",
      "id": "UKE-0003-E-1-MS-1",
      "meta": {
        "profile": [ "https://www.medizininformatik-initiative.de/fhir/core/modul-medikation/StructureDefinition/MedicationStatement" ]
      },
      "status": "active",
      "medicationReference": {
        "reference": "Medication/Medication--132846039"
      },
      "subject": {
        "reference": "Patient/UKE-0003"
      },
      "context": {
        "reference": "Encounter/UKE-0003-E-1"
      },
      "effectiveDateTime": "2020-02-26T00:00:00+01:00",
      "dosage": [ {
        "doseAndRate": [ {
          "doseQuantity": {
            "value": 1,
            "unit": "Fertigspritzen",
            "system": "http://unitsofmeasure.org",
            "code": "1"
          }
        } ]
      } ]
    },
    "request": {
      "method": "PUT",
      "url": "MedicationStatement/UKE-0003-E-1-MS-1"
    }
  }, {
    "fullUrl": "Medication/Medication--990768222",
    "resource": {
      "resourceType": "Medication",
      "id": "Medication--990768222",
      "meta": {
        "profile": [ "https://www.medizininformatik-initiative.de/fhir/core/modul-medikation/StructureDefinition/Medication" ]
      },
      "identifier": [ {
        "value": "Medication--990768222"
      } ],
      "code": {
        "coding": [ {
          "system": "http://fhir.de/CodeSystem/ifa/pzn",
          "code": "02758209"
        }, {
          "system": "http://fhir.de/CodeSystem/bfarm/atc",
          "code": "A12BA01"
        } ],
        "text": "Kalium chlorid"
      },
      "ingredient": [ {
        "itemCodeableConcept": {
          "coding": [ {
            "system": "http://fhir.de/CodeSystem/ask",
            "_code": {
              "extension": [ {
                "url": "http://terminology.hl7.org/CodeSystem/data-absent-reason",
                "valueCode": "unknown"
              } ]
            }
          } ]
        },
        "strength": {
          "numerator": {
            "value": 600,
            "unit": "milligram",
            "system": "http://unitsofmeasure.org",
            "code": "mg"
          },
          "denominator": {
            "value": 1,
            "system": "http://XXX",
            "code": "Tabletten"
          }
        }
      } ]
    },
    "request": {
      "method": "PUT",
      "url": "Medication/Medication--990768222"
    }
  }, {
    "fullUrl": "MedicationStatement/UKE-0003-E-1-MS-2",
    "resource": {
      "resourceType": "MedicationStatement",
      "id": "UKE-0003-E-1-MS-2",
      "meta": {
        "profile": [ "https://www.medizininformatik-initiative.de/fhir/core/modul-medikation/StructureDefinition/MedicationStatement" ]
      },
      "status": "active",
      "medicationReference": {
        "reference": "Medication/Medication--990768222"
      },
      "subject": {
        "reference": "Patient/UKE-0003"
      },
      "context": {
        "reference": "Encounter/UKE-0003-E-1"
      },
      "effectiveDateTime": "2020-02-26T00:00:00+01:00",
      "dosage": [ {
        "doseAndRate": [ {
          "doseQuantity": {
            "value": 5,
            "unit": "Tabletten",
            "system": "http://unitsofmeasure.org",
            "code": "1"
          }
        } ]
      } ]
    },
    "request": {
      "method": "PUT",
      "url": "MedicationStatement/UKE-0003-E-1-MS-2"
    }
  }, {
    "fullUrl": "Medication/Medication--1019395450",
    "resource": {
      "resourceType": "Medication",
      "id": "Medication--1019395450",
      "meta": {
        "profile": [ "https://www.medizininformatik-initiative.de/fhir/core/modul-medikation/StructureDefinition/Medication" ]
      },
      "identifier": [ {
        "value": "Medication--1019395450"
      } ],
      "code": {
        "coding": [ {
          "system": "http://fhir.de/CodeSystem/ifa/pzn",
          "code": "16014056"
        }, {
          "system": "http://fhir.de/CodeSystem/bfarm/atc",
          "code": "A02BC02"
        } ],
        "text": "Pantoprazol Natrium 1,5 Wasser"
      },
      "ingredient": [ {
        "itemCodeableConcept": {
          "coding": [ {
            "system": "http://fhir.de/CodeSystem/ask",
            "_code": {
              "extension": [ {
                "url": "http://terminology.hl7.org/CodeSystem/data-absent-reason",
                "valueCode": "unknown"
              } ]
            }
          } ]
        },
        "strength": {
          "numerator": {
            "value": 40,
            "unit": "milligram",
            "system": "http://unitsofmeasure.org",
            "code": "mg"
          },
          "denominator": {
            "value": 1,
            "system": "http://XXX",
            "code": "Infusionslösung"
          }
        }
      } ]
    },
    "request": {
      "method": "PUT",
      "url": "Medication/Medication--1019395450"
    }
  }, {
    "fullUrl": "MedicationStatement/UKE-0003-E-1-MS-3",
    "resource": {
      "resourceType": "MedicationStatement",
      "id": "UKE-0003-E-1-MS-3",
      "meta": {
        "profile": [ "https://www.medizininformatik-initiative.de/fhir/core/modul-medikation/StructureDefinition/MedicationStatement" ]
      },
      "status": "active",
      "medicationReference": {
        "reference": "Medication/Medication--1019395450"
      },
      "subject": {
        "reference": "Patient/UKE-0003"
      },
      "context": {
        "reference": "Encounter/UKE-0003-E-1"
      },
      "effectiveDateTime": "2020-02-26T00:00:00+01:00",
      "dosage": [ {
        "doseAndRate": [ {
          "doseQuantity": {
            "value": 1,
            "unit": "Infusionslösung",
            "system": "http://unitsofmeasure.org",
            "code": "1"
          }
        } ]
      } ]
    },
    "request": {
      "method": "PUT",
      "url": "MedicationStatement/UKE-0003-E-1-MS-3"
    }
  }, {
    "fullUrl": "Medication/Medication-756563304",
    "resource": {
      "resourceType": "Medication",
      "id": "Medication-756563304",
      "meta": {
        "profile": [ "https://www.medizininformatik-initiative.de/fhir/core/modul-medikation/StructureDefinition/Medication" ]
      },
      "identifier": [ {
        "value": "Medication-756563304"
      } ],
      "code": {
        "coding": [ {
          "system": "http://fhir.de/CodeSystem/ifa/pzn",
          "code": "06564548"
        }, {
          "system": "http://fhir.de/CodeSystem/bfarm/atc",
          "code": "C03CA04"
        } ],
        "text": "Torasemid"
      },
      "ingredient": [ {
        "itemCodeableConcept": {
          "coding": [ {
            "system": "http://fhir.de/CodeSystem/ask",
            "_code": {
              "extension": [ {
                "url": "http://terminology.hl7.org/CodeSystem/data-absent-reason",
                "valueCode": "unknown"
              } ]
            }
          } ]
        },
        "strength": {
          "numerator": {
            "value": 5,
            "unit": "milligram",
            "system": "http://unitsofmeasure.org",
            "code": "mg"
          },
          "denominator": {
            "value": 1,
            "system": "http://XXX",
            "code": "Tabletten"
          }
        }
      } ]
    },
    "request": {
      "method": "PUT",
      "url": "Medication/Medication-756563304"
    }
  }, {
    "fullUrl": "MedicationStatement/UKE-0003-E-1-MS-4",
    "resource": {
      "resourceType": "MedicationStatement",
      "id": "UKE-0003-E-1-MS-4",
      "meta": {
        "profile": [ "https://www.medizininformatik-initiative.de/fhir/core/modul-medikation/StructureDefinition/MedicationStatement" ]
      },
      "status": "active",
      "medicationReference": {
        "reference": "Medication/Medication-756563304"
      },
      "subject": {
        "reference": "Patient/UKE-0003"
      },
      "context": {
        "reference": "Encounter/UKE-0003-E-1"
      },
      "effectiveDateTime": "2020-02-26T00:00:00+01:00",
      "dosage": [ {
        "doseAndRate": [ {
          "doseQuantity": {
            "value": 1,
            "unit": "Tabletten",
            "system": "http://unitsofmeasure.org",
            "code": "1"
          }
        } ]
      } ]
    },
    "request": {
      "method": "PUT",
      "url": "MedicationStatement/UKE-0003-E-1-MS-4"
    }
  }, {
    "fullUrl": "Medication/Medication-899054828",
    "resource": {
      "resourceType": "Medication",
      "id": "Medication-899054828",
      "meta": {
        "profile": [ "https://www.medizininformatik-initiative.de/fhir/core/modul-medikation/StructureDefinition/Medication" ]
      },
      "identifier": [ {
        "value": "Medication-899054828"
      } ],
      "code": {
        "coding": [ {
          "system": "http://fhir.de/CodeSystem/ifa/pzn",
          "code": "02532675"
        }, {
          "system": "http://fhir.de/CodeSystem/bfarm/atc",
          "code": "H03AA01"
        } ],
        "text": "L-Thyroxin"
      },
      "ingredient": [ {
        "itemCodeableConcept": {
          "coding": [ {
            "system": "http://fhir.de/CodeSystem/ask",
            "_code": {
              "extension": [ {
                "url": "http://terminology.hl7.org/CodeSystem/data-absent-reason",
                "valueCode": "unknown"
              } ]
            }
          } ]
        },
        "strength": {
          "numerator": {
            "value": 0.0125,
            "unit": "milligram",
            "system": "http://unitsofmeasure.org",
            "code": "mg"
          },
          "denominator": {
            "value": 1,
            "system": "http://XXX",
            "code": "Tabletten"
          }
        }
      } ]
    },
    "request": {
      "method": "PUT",
      "url": "Medication/Medication-899054828"
    }
  }, {
    "fullUrl": "MedicationStatement/UKE-0003-E-1-MS-5",
    "resource": {
      "resourceType": "MedicationStatement",
      "id": "UKE-0003-E-1-MS-5",
      "meta": {
        "profile": [ "https://www.medizininformatik-initiative.de/fhir/core/modul-medikation/StructureDefinition/MedicationStatement" ]
      },
      "status": "active",
      "medicationReference": {
        "reference": "Medication/Medication-899054828"
      },
      "subject": {
        "reference": "Patient/UKE-0003"
      },
      "context": {
        "reference": "Encounter/UKE-0003-E-1"
      },
      "effectiveDateTime": "2020-02-26T00:00:00+01:00",
      "dosage": [ {
        "doseAndRate": [ {
          "doseQuantity": {
            "value": 1,
            "unit": "Tabletten",
            "system": "http://unitsofmeasure.org",
            "code": "1"
          }
        } ]
      } ]
    },
    "request": {
      "method": "PUT",
      "url": "MedicationStatement/UKE-0003-E-1-MS-5"
    }
  }, {
    "fullUrl": "Medication/Medication-1928216850",
    "resource": {
      "resourceType": "Medication",
      "id": "Medication-1928216850",
      "meta": {
        "profile": [ "https://www.medizininformatik-initiative.de/fhir/core/modul-medikation/StructureDefinition/Medication" ]
      },
      "identifier": [ {
        "value": "Medication-1928216850"
      } ],
      "code": {
        "coding": [ {
          "system": "http://fhir.de/CodeSystem/ifa/pzn",
          "code": "06882768"
        }, {
          "system": "http://fhir.de/CodeSystem/bfarm/atc",
          "code": "N02BB02"
        } ],
        "text": "Metamizol Natrium 1-Wasser"
      },
      "ingredient": [ {
        "itemCodeableConcept": {
          "coding": [ {
            "system": "http://fhir.de/CodeSystem/ask",
            "_code": {
              "extension": [ {
                "url": "http://terminology.hl7.org/CodeSystem/data-absent-reason",
                "valueCode": "unknown"
              } ]
            }
          } ]
        },
        "strength": {
          "numerator": {
            "value": 125,
            "unit": "milligram",
            "system": "http://unitsofmeasure.org",
            "code": "mg"
          },
          "denominator": {
            "value": 1,
            "system": "http://XXX",
            "code": "Infusionslösung"
          }
        }
      } ]
    },
    "request": {
      "method": "PUT",
      "url": "Medication/Medication-1928216850"
    }
  }, {
    "fullUrl": "MedicationStatement/UKE-0003-E-1-MS-6",
    "resource": {
      "resourceType": "MedicationStatement",
      "id": "UKE-0003-E-1-MS-6",
      "meta": {
        "profile": [ "https://www.medizininformatik-initiative.de/fhir/core/modul-medikation/StructureDefinition/MedicationStatement" ]
      },
      "status": "active",
      "medicationReference": {
        "reference": "Medication/Medication-1928216850"
      },
      "subject": {
        "reference": "Patient/UKE-0003"
      },
      "context": {
        "reference": "Encounter/UKE-0003-E-1"
      },
      "effectiveDateTime": "2020-02-26T00:00:00+01:00",
      "dosage": [ {
        "doseAndRate": [ {
          "doseQuantity": {
            "value": 4,
            "unit": "Infusionslösung",
            "system": "http://unitsofmeasure.org",
            "code": "1"
          }
        } ]
      } ]
    },
    "request": {
      "method": "PUT",
      "url": "MedicationStatement/UKE-0003-E-1-MS-6"
    }
  }, {
    "fullUrl": "MedicationStatement/UKE-0003-E-1-MS-7",
    "resource": {
      "resourceType": "MedicationStatement",
      "id": "UKE-0003-E-1-MS-7",
      "meta": {
        "profile": [ "https://www.medizininformatik-initiative.de/fhir/core/modul-medikation/StructureDefinition/MedicationStatement" ]
      },
      "status": "active",
      "medicationReference": {
        "reference": "Medication/Medication--132846039"
      },
      "subject": {
        "reference": "Patient/UKE-0003"
      },
      "context": {
        "reference": "Encounter/UKE-0003-E-1"
      },
      "effectiveDateTime": "2020-02-27T00:00:00+01:00",
      "dosage": [ {
        "doseAndRate": [ {
          "doseQuantity": {
            "value": 1,
            "unit": "Fertigspritzen",
            "system": "http://unitsofmeasure.org",
            "code": "1"
          }
        } ]
      } ]
    },
    "request": {
      "method": "PUT",
      "url": "MedicationStatement/UKE-0003-E-1-MS-7"
    }
  }, {
    "fullUrl": "MedicationStatement/UKE-0003-E-1-MS-8",
    "resource": {
      "resourceType": "MedicationStatement",
      "id": "UKE-0003-E-1-MS-8",
      "meta": {
        "profile": [ "https://www.medizininformatik-initiative.de/fhir/core/modul-medikation/StructureDefinition/MedicationStatement" ]
      },
      "status": "active",
      "medicationReference": {
        "reference": "Medication/Medication--990768222"
      },
      "subject": {
        "reference": "Patient/UKE-0003"
      },
      "context": {
        "reference": "Encounter/UKE-0003-E-1"
      },
      "effectiveDateTime": "2020-02-27T00:00:00+01:00",
      "dosage": [ {
        "doseAndRate": [ {
          "doseQuantity": {
            "value": 5,
            "unit": "Tabletten",
            "system": "http://unitsofmeasure.org",
            "code": "1"
          }
        } ]
      } ]
    },
    "request": {
      "method": "PUT",
      "url": "MedicationStatement/UKE-0003-E-1-MS-8"
    }
  }, {
    "fullUrl": "MedicationStatement/UKE-0003-E-1-MS-9",
    "resource": {
      "resourceType": "MedicationStatement",
      "id": "UKE-0003-E-1-MS-9",
      "meta": {
        "profile": [ "https://www.medizininformatik-initiative.de/fhir/core/modul-medikation/StructureDefinition/MedicationStatement" ]
      },
      "status": "active",
      "medicationReference": {
        "reference": "Medication/Medication--1019395450"
      },
      "subject": {
        "reference": "Patient/UKE-0003"
      },
      "context": {
        "reference": "Encounter/UKE-0003-E-1"
      },
      "effectiveDateTime": "2020-02-27T00:00:00+01:00",
      "dosage": [ {
        "doseAndRate": [ {
          "doseQuantity": {
            "value": 1,
            "unit": "Infusionslösung",
            "system": "http://unitsofmeasure.org",
            "code": "1"
          }
        } ]
      } ]
    },
    "request": {
      "method": "PUT",
      "url": "MedicationStatement/UKE-0003-E-1-MS-9"
    }
  }, {
    "fullUrl": "MedicationStatement/UKE-0003-E-1-MS-10",
    "resource": {
      "resourceType": "MedicationStatement",
      "id": "UKE-0003-E-1-MS-10",
      "meta": {
        "profile": [ "https://www.medizininformatik-initiative.de/fhir/core/modul-medikation/StructureDefinition/MedicationStatement" ]
      },
      "status": "active",
      "medicationReference": {
        "reference": "Medication/Medication-756563304"
      },
      "subject": {
        "reference": "Patient/UKE-0003"
      },
      "context": {
        "reference": "Encounter/UKE-0003-E-1"
      },
      "effectiveDateTime": "2020-02-27T00:00:00+01:00",
      "dosage": [ {
        "doseAndRate": [ {
          "doseQuantity": {
            "value": 1,
            "unit": "Tabletten",
            "system": "http://unitsofmeasure.org",
            "code": "1"
          }
        } ]
      } ]
    },
    "request": {
      "method": "PUT",
      "url": "MedicationStatement/UKE-0003-E-1-MS-10"
    }
  }, {
    "fullUrl": "MedicationStatement/UKE-0003-E-1-MS-11",
    "resource": {
      "resourceType": "MedicationStatement",
      "id": "UKE-0003-E-1-MS-11",
      "meta": {
        "profile": [ "https://www.medizininformatik-initiative.de/fhir/core/modul-medikation/StructureDefinition/MedicationStatement" ]
      },
      "status": "active",
      "medicationReference": {
        "reference": "Medication/Medication-899054828"
      },
      "subject": {
        "reference": "Patient/UKE-0003"
      },
      "context": {
        "reference": "Encounter/UKE-0003-E-1"
      },
      "effectiveDateTime": "2020-02-27T00:00:00+01:00",
      "dosage": [ {
        "doseAndRate": [ {
          "doseQuantity": {
            "value": 1,
            "unit": "Tabletten",
            "system": "http://unitsofmeasure.org",
            "code": "1"
          }
        } ]
      } ]
    },
    "request": {
      "method": "PUT",
      "url": "MedicationStatement/UKE-0003-E-1-MS-11"
    }
  }, {
    "fullUrl": "MedicationStatement/UKE-0003-E-1-MS-12",
    "resource": {
      "resourceType": "MedicationStatement",
      "id": "UKE-0003-E-1-MS-12",
      "meta": {
        "profile": [ "https://www.medizininformatik-initiative.de/fhir/core/modul-medikation/StructureDefinition/MedicationStatement" ]
      },
      "status": "active",
      "medicationReference": {
        "reference": "Medication/Medication-1928216850"
      },
      "subject": {
        "reference": "Patient/UKE-0003"
      },
      "context": {
        "reference": "Encounter/UKE-0003-E-1"
      },
      "effectiveDateTime": "2020-02-27T00:00:00+01:00",
      "dosage": [ {
        "doseAndRate": [ {
          "doseQuantity": {
            "value": 4,
            "unit": "Infusionslösung",
            "system": "http://unitsofmeasure.org",
            "code": "1"
          }
        } ]
      } ]
    },
    "request": {
      "method": "PUT",
      "url": "MedicationStatement/UKE-0003-E-1-MS-12"
    }
  }, {
    "fullUrl": "MedicationStatement/UKE-0003-E-1-MS-13",
    "resource": {
      "resourceType": "MedicationStatement",
      "id": "UKE-0003-E-1-MS-13",
      "meta": {
        "profile": [ "https://www.medizininformatik-initiative.de/fhir/core/modul-medikation/StructureDefinition/MedicationStatement" ]
      },
      "status": "active",
      "medicationReference": {
        "reference": "Medication/Medication--132846039"
      },
      "subject": {
        "reference": "Patient/UKE-0003"
      },
      "context": {
        "reference": "Encounter/UKE-0003-E-1"
      },
      "effectiveDateTime": "2020-02-28T00:00:00+01:00",
      "dosage": [ {
        "doseAndRate": [ {
          "doseQuantity": {
            "value": 1,
            "unit": "Fertigspritzen",
            "system": "http://unitsofmeasure.org",
            "code": "1"
          }
        } ]
      } ]
    },
    "request": {
      "method": "PUT",
      "url": "MedicationStatement/UKE-0003-E-1-MS-13"
    }
  }, {
    "fullUrl": "MedicationStatement/UKE-0003-E-1-MS-14",
    "resource": {
      "resourceType": "MedicationStatement",
      "id": "UKE-0003-E-1-MS-14",
      "meta": {
        "profile": [ "https://www.medizininformatik-initiative.de/fhir/core/modul-medikation/StructureDefinition/MedicationStatement" ]
      },
      "status": "active",
      "medicationReference": {
        "reference": "Medication/Medication--990768222"
      },
      "subject": {
        "reference": "Patient/UKE-0003"
      },
      "context": {
        "reference": "Encounter/UKE-0003-E-1"
      },
      "effectiveDateTime": "2020-02-28T00:00:00+01:00",
      "dosage": [ {
        "doseAndRate": [ {
          "doseQuantity": {
            "value": 5,
            "unit": "Tabletten",
            "system": "http://unitsofmeasure.org",
            "code": "1"
          }
        } ]
      } ]
    },
    "request": {
      "method": "PUT",
      "url": "MedicationStatement/UKE-0003-E-1-MS-14"
    }
  }, {
    "fullUrl": "MedicationStatement/UKE-0003-E-1-MS-15",
    "resource": {
      "resourceType": "MedicationStatement",
      "id": "UKE-0003-E-1-MS-15",
      "meta": {
        "profile": [ "https://www.medizininformatik-initiative.de/fhir/core/modul-medikation/StructureDefinition/MedicationStatement" ]
      },
      "status": "active",
      "medicationReference": {
        "reference": "Medication/Medication--1019395450"
      },
      "subject": {
        "reference": "Patient/UKE-0003"
      },
      "context": {
        "reference": "Encounter/UKE-0003-E-1"
      },
      "effectiveDateTime": "2020-02-28T00:00:00+01:00",
      "dosage": [ {
        "doseAndRate": [ {
          "doseQuantity": {
            "value": 1,
            "unit": "Infusionslösung",
            "system": "http://unitsofmeasure.org",
            "code": "1"
          }
        } ]
      } ]
    },
    "request": {
      "method": "PUT",
      "url": "MedicationStatement/UKE-0003-E-1-MS-15"
    }
  }, {
    "fullUrl": "MedicationStatement/UKE-0003-E-1-MS-16",
    "resource": {
      "resourceType": "MedicationStatement",
      "id": "UKE-0003-E-1-MS-16",
      "meta": {
        "profile": [ "https://www.medizininformatik-initiative.de/fhir/core/modul-medikation/StructureDefinition/MedicationStatement" ]
      },
      "status": "active",
      "medicationReference": {
        "reference": "Medication/Medication-756563304"
      },
      "subject": {
        "reference": "Patient/UKE-0003"
      },
      "context": {
        "reference": "Encounter/UKE-0003-E-1"
      },
      "effectiveDateTime": "2020-02-28T00:00:00+01:00",
      "dosage": [ {
        "doseAndRate": [ {
          "doseQuantity": {
            "value": 1,
            "unit": "Tabletten",
            "system": "http://unitsofmeasure.org",
            "code": "1"
          }
        } ]
      } ]
    },
    "request": {
      "method": "PUT",
      "url": "MedicationStatement/UKE-0003-E-1-MS-16"
    }
  }, {
    "fullUrl": "MedicationStatement/UKE-0003-E-1-MS-17",
    "resource": {
      "resourceType": "MedicationStatement",
      "id": "UKE-0003-E-1-MS-17",
      "meta": {
        "profile": [ "https://www.medizininformatik-initiative.de/fhir/core/modul-medikation/StructureDefinition/MedicationStatement" ]
      },
      "status": "active",
      "medicationReference": {
        "reference": "Medication/Medication-899054828"
      },
      "subject": {
        "reference": "Patient/UKE-0003"
      },
      "context": {
        "reference": "Encounter/UKE-0003-E-1"
      },
      "effectiveDateTime": "2020-02-28T00:00:00+01:00",
      "dosage": [ {
        "doseAndRate": [ {
          "doseQuantity": {
            "value": 1,
            "unit": "Tabletten",
            "system": "http://unitsofmeasure.org",
            "code": "1"
          }
        } ]
      } ]
    },
    "request": {
      "method": "PUT",
      "url": "MedicationStatement/UKE-0003-E-1-MS-17"
    }
  }, {
    "fullUrl": "MedicationStatement/UKE-0003-E-1-MS-18",
    "resource": {
      "resourceType": "MedicationStatement",
      "id": "UKE-0003-E-1-MS-18",
      "meta": {
        "profile": [ "https://www.medizininformatik-initiative.de/fhir/core/modul-medikation/StructureDefinition/MedicationStatement" ]
      },
      "status": "active",
      "medicationReference": {
        "reference": "Medication/Medication-1928216850"
      },
      "subject": {
        "reference": "Patient/UKE-0003"
      },
      "context": {
        "reference": "Encounter/UKE-0003-E-1"
      },
      "effectiveDateTime": "2020-02-28T00:00:00+01:00",
      "dosage": [ {
        "doseAndRate": [ {
          "doseQuantity": {
            "value": 4,
            "unit": "Infusionslösung",
            "system": "http://unitsofmeasure.org",
            "code": "1"
          }
        } ]
      } ]
    },
    "request": {
      "method": "PUT",
      "url": "MedicationStatement/UKE-0003-E-1-MS-18"
    }
  }, {
    "fullUrl": "MedicationStatement/UKE-0003-E-1-MS-19",
    "resource": {
      "resourceType": "MedicationStatement",
      "id": "UKE-0003-E-1-MS-19",
      "meta": {
        "profile": [ "https://www.medizininformatik-initiative.de/fhir/core/modul-medikation/StructureDefinition/MedicationStatement" ]
      },
      "status": "active",
      "medicationReference": {
        "reference": "Medication/Medication--132846039"
      },
      "subject": {
        "reference": "Patient/UKE-0003"
      },
      "context": {
        "reference": "Encounter/UKE-0003-E-1"
      },
      "effectiveDateTime": "2020-02-29T00:00:00+01:00",
      "dosage": [ {
        "doseAndRate": [ {
          "doseQuantity": {
            "value": 1,
            "unit": "Fertigspritzen",
            "system": "http://unitsofmeasure.org",
            "code": "1"
          }
        } ]
      } ]
    },
    "request": {
      "method": "PUT",
      "url": "MedicationStatement/UKE-0003-E-1-MS-19"
    }
  }, {
    "fullUrl": "MedicationStatement/UKE-0003-E-1-MS-20",
    "resource": {
      "resourceType": "MedicationStatement",
      "id": "UKE-0003-E-1-MS-20",
      "meta": {
        "profile": [ "https://www.medizininformatik-initiative.de/fhir/core/modul-medikation/StructureDefinition/MedicationStatement" ]
      },
      "status": "active",
      "medicationReference": {
        "reference": "Medication/Medication--990768222"
      },
      "subject": {
        "reference": "Patient/UKE-0003"
      },
      "context": {
        "reference": "Encounter/UKE-0003-E-1"
      },
      "effectiveDateTime": "2020-02-29T00:00:00+01:00",
      "dosage": [ {
        "doseAndRate": [ {
          "doseQuantity": {
            "value": 5,
            "unit": "Tabletten",
            "system": "http://unitsofmeasure.org",
            "code": "1"
          }
        } ]
      } ]
    },
    "request": {
      "method": "PUT",
      "url": "MedicationStatement/UKE-0003-E-1-MS-20"
    }
  }, {
    "fullUrl": "MedicationStatement/UKE-0003-E-1-MS-21",
    "resource": {
      "resourceType": "MedicationStatement",
      "id": "UKE-0003-E-1-MS-21",
      "meta": {
        "profile": [ "https://www.medizininformatik-initiative.de/fhir/core/modul-medikation/StructureDefinition/MedicationStatement" ]
      },
      "status": "active",
      "medicationReference": {
        "reference": "Medication/Medication--1019395450"
      },
      "subject": {
        "reference": "Patient/UKE-0003"
      },
      "context": {
        "reference": "Encounter/UKE-0003-E-1"
      },
      "effectiveDateTime": "2020-02-29T00:00:00+01:00",
      "dosage": [ {
        "doseAndRate": [ {
          "doseQuantity": {
            "value": 1,
            "unit": "Infusionslösung",
            "system": "http://unitsofmeasure.org",
            "code": "1"
          }
        } ]
      } ]
    },
    "request": {
      "method": "PUT",
      "url": "MedicationStatement/UKE-0003-E-1-MS-21"
    }
  }, {
    "fullUrl": "MedicationStatement/UKE-0003-E-1-MS-22",
    "resource": {
      "resourceType": "MedicationStatement",
      "id": "UKE-0003-E-1-MS-22",
      "meta": {
        "profile": [ "https://www.medizininformatik-initiative.de/fhir/core/modul-medikation/StructureDefinition/MedicationStatement" ]
      },
      "status": "active",
      "medicationReference": {
        "reference": "Medication/Medication-756563304"
      },
      "subject": {
        "reference": "Patient/UKE-0003"
      },
      "context": {
        "reference": "Encounter/UKE-0003-E-1"
      },
      "effectiveDateTime": "2020-02-29T00:00:00+01:00",
      "dosage": [ {
        "doseAndRate": [ {
          "doseQuantity": {
            "value": 1,
            "unit": "Tabletten",
            "system": "http://unitsofmeasure.org",
            "code": "1"
          }
        } ]
      } ]
    },
    "request": {
      "method": "PUT",
      "url": "MedicationStatement/UKE-0003-E-1-MS-22"
    }
  }, {
    "fullUrl": "MedicationStatement/UKE-0003-E-1-MS-23",
    "resource": {
      "resourceType": "MedicationStatement",
      "id": "UKE-0003-E-1-MS-23",
      "meta": {
        "profile": [ "https://www.medizininformatik-initiative.de/fhir/core/modul-medikation/StructureDefinition/MedicationStatement" ]
      },
      "status": "active",
      "medicationReference": {
        "reference": "Medication/Medication-899054828"
      },
      "subject": {
        "reference": "Patient/UKE-0003"
      },
      "context": {
        "reference": "Encounter/UKE-0003-E-1"
      },
      "effectiveDateTime": "2020-02-29T00:00:00+01:00",
      "dosage": [ {
        "doseAndRate": [ {
          "doseQuantity": {
            "value": 1,
            "unit": "Tabletten",
            "system": "http://unitsofmeasure.org",
            "code": "1"
          }
        } ]
      } ]
    },
    "request": {
      "method": "PUT",
      "url": "MedicationStatement/UKE-0003-E-1-MS-23"
    }
  }, {
    "fullUrl": "MedicationStatement/UKE-0003-E-1-MS-24",
    "resource": {
      "resourceType": "MedicationStatement",
      "id": "UKE-0003-E-1-MS-24",
      "meta": {
        "profile": [ "https://www.medizininformatik-initiative.de/fhir/core/modul-medikation/StructureDefinition/MedicationStatement" ]
      },
      "status": "active",
      "medicationReference": {
        "reference": "Medication/Medication-1928216850"
      },
      "subject": {
        "reference": "Patient/UKE-0003"
      },
      "context": {
        "reference": "Encounter/UKE-0003-E-1"
      },
      "effectiveDateTime": "2020-02-29T00:00:00+01:00",
      "dosage": [ {
        "doseAndRate": [ {
          "doseQuantity": {
            "value": 4,
            "unit": "Infusionslösung",
            "system": "http://unitsofmeasure.org",
            "code": "1"
          }
        } ]
      } ]
    },
    "request": {
      "method": "PUT",
      "url": "MedicationStatement/UKE-0003-E-1-MS-24"
    }
  }, {
    "fullUrl": "MedicationStatement/UKE-0003-E-1-MS-25",
    "resource": {
      "resourceType": "MedicationStatement",
      "id": "UKE-0003-E-1-MS-25",
      "meta": {
        "profile": [ "https://www.medizininformatik-initiative.de/fhir/core/modul-medikation/StructureDefinition/MedicationStatement" ]
      },
      "status": "active",
      "medicationReference": {
        "reference": "Medication/Medication--132846039"
      },
      "subject": {
        "reference": "Patient/UKE-0003"
      },
      "context": {
        "reference": "Encounter/UKE-0003-E-1"
      },
      "effectiveDateTime": "2020-03-01T00:00:00+01:00",
      "dosage": [ {
        "doseAndRate": [ {
          "doseQuantity": {
            "value": 1,
            "unit": "Fertigspritzen",
            "system": "http://unitsofmeasure.org",
            "code": "1"
          }
        } ]
      } ]
    },
    "request": {
      "method": "PUT",
      "url": "MedicationStatement/UKE-0003-E-1-MS-25"
    }
  }, {
    "fullUrl": "MedicationStatement/UKE-0003-E-1-MS-26",
    "resource": {
      "resourceType": "MedicationStatement",
      "id": "UKE-0003-E-1-MS-26",
      "meta": {
        "profile": [ "https://www.medizininformatik-initiative.de/fhir/core/modul-medikation/StructureDefinition/MedicationStatement" ]
      },
      "status": "active",
      "medicationReference": {
        "reference": "Medication/Medication--990768222"
      },
      "subject": {
        "reference": "Patient/UKE-0003"
      },
      "context": {
        "reference": "Encounter/UKE-0003-E-1"
      },
      "effectiveDateTime": "2020-03-01T00:00:00+01:00",
      "dosage": [ {
        "doseAndRate": [ {
          "doseQuantity": {
            "value": 5,
            "unit": "Tabletten",
            "system": "http://unitsofmeasure.org",
            "code": "1"
          }
        } ]
      } ]
    },
    "request": {
      "method": "PUT",
      "url": "MedicationStatement/UKE-0003-E-1-MS-26"
    }
  }, {
    "fullUrl": "MedicationStatement/UKE-0003-E-1-MS-27",
    "resource": {
      "resourceType": "MedicationStatement",
      "id": "UKE-0003-E-1-MS-27",
      "meta": {
        "profile": [ "https://www.medizininformatik-initiative.de/fhir/core/modul-medikation/StructureDefinition/MedicationStatement" ]
      },
      "status": "active",
      "medicationReference": {
        "reference": "Medication/Medication--1019395450"
      },
      "subject": {
        "reference": "Patient/UKE-0003"
      },
      "context": {
        "reference": "Encounter/UKE-0003-E-1"
      },
      "effectiveDateTime": "2020-03-01T00:00:00+01:00",
      "dosage": [ {
        "doseAndRate": [ {
          "doseQuantity": {
            "value": 1,
            "unit": "Infusionslösung",
            "system": "http://unitsofmeasure.org",
            "code": "1"
          }
        } ]
      } ]
    },
    "request": {
      "method": "PUT",
      "url": "MedicationStatement/UKE-0003-E-1-MS-27"
    }
  }, {
    "fullUrl": "MedicationStatement/UKE-0003-E-1-MS-28",
    "resource": {
      "resourceType": "MedicationStatement",
      "id": "UKE-0003-E-1-MS-28",
      "meta": {
        "profile": [ "https://www.medizininformatik-initiative.de/fhir/core/modul-medikation/StructureDefinition/MedicationStatement" ]
      },
      "status": "active",
      "medicationReference": {
        "reference": "Medication/Medication-756563304"
      },
      "subject": {
        "reference": "Patient/UKE-0003"
      },
      "context": {
        "reference": "Encounter/UKE-0003-E-1"
      },
      "effectiveDateTime": "2020-03-01T00:00:00+01:00",
      "dosage": [ {
        "doseAndRate": [ {
          "doseQuantity": {
            "value": 1,
            "unit": "Tabletten",
            "system": "http://unitsofmeasure.org",
            "code": "1"
          }
        } ]
      } ]
    },
    "request": {
      "method": "PUT",
      "url": "MedicationStatement/UKE-0003-E-1-MS-28"
    }
  }, {
    "fullUrl": "MedicationStatement/UKE-0003-E-1-MS-29",
    "resource": {
      "resourceType": "MedicationStatement",
      "id": "UKE-0003-E-1-MS-29",
      "meta": {
        "profile": [ "https://www.medizininformatik-initiative.de/fhir/core/modul-medikation/StructureDefinition/MedicationStatement" ]
      },
      "status": "active",
      "medicationReference": {
        "reference": "Medication/Medication-899054828"
      },
      "subject": {
        "reference": "Patient/UKE-0003"
      },
      "context": {
        "reference": "Encounter/UKE-0003-E-1"
      },
      "effectiveDateTime": "2020-03-01T00:00:00+01:00",
      "dosage": [ {
        "doseAndRate": [ {
          "doseQuantity": {
            "value": 1,
            "unit": "Tabletten",
            "system": "http://unitsofmeasure.org",
            "code": "1"
          }
        } ]
      } ]
    },
    "request": {
      "method": "PUT",
      "url": "MedicationStatement/UKE-0003-E-1-MS-29"
    }
  }, {
    "fullUrl": "MedicationStatement/UKE-0003-E-1-MS-30",
    "resource": {
      "resourceType": "MedicationStatement",
      "id": "UKE-0003-E-1-MS-30",
      "meta": {
        "profile": [ "https://www.medizininformatik-initiative.de/fhir/core/modul-medikation/StructureDefinition/MedicationStatement" ]
      },
      "status": "active",
      "medicationReference": {
        "reference": "Medication/Medication-1928216850"
      },
      "subject": {
        "reference": "Patient/UKE-0003"
      },
      "context": {
        "reference": "Encounter/UKE-0003-E-1"
      },
      "effectiveDateTime": "2020-03-01T00:00:00+01:00",
      "dosage": [ {
        "doseAndRate": [ {
          "doseQuantity": {
            "value": 4,
            "unit": "Infusionslösung",
            "system": "http://unitsofmeasure.org",
            "code": "1"
          }
        } ]
      } ]
    },
    "request": {
      "method": "PUT",
      "url": "MedicationStatement/UKE-0003-E-1-MS-30"
    }
  }, {
    "fullUrl": "MedicationStatement/UKE-0003-E-1-MS-31",
    "resource": {
      "resourceType": "MedicationStatement",
      "id": "UKE-0003-E-1-MS-31",
      "meta": {
        "profile": [ "https://www.medizininformatik-initiative.de/fhir/core/modul-medikation/StructureDefinition/MedicationStatement" ]
      },
      "status": "active",
      "medicationReference": {
        "reference": "Medication/Medication--132846039"
      },
      "subject": {
        "reference": "Patient/UKE-0003"
      },
      "context": {
        "reference": "Encounter/UKE-0003-E-1"
      },
      "effectiveDateTime": "2020-03-02T00:00:00+01:00",
      "dosage": [ {
        "doseAndRate": [ {
          "doseQuantity": {
            "value": 1,
            "unit": "Fertigspritzen",
            "system": "http://unitsofmeasure.org",
            "code": "1"
          }
        } ]
      } ]
    },
    "request": {
      "method": "PUT",
      "url": "MedicationStatement/UKE-0003-E-1-MS-31"
    }
  }, {
    "fullUrl": "MedicationStatement/UKE-0003-E-1-MS-32",
    "resource": {
      "resourceType": "MedicationStatement",
      "id": "UKE-0003-E-1-MS-32",
      "meta": {
        "profile": [ "https://www.medizininformatik-initiative.de/fhir/core/modul-medikation/StructureDefinition/MedicationStatement" ]
      },
      "status": "active",
      "medicationReference": {
        "reference": "Medication/Medication--990768222"
      },
      "subject": {
        "reference": "Patient/UKE-0003"
      },
      "context": {
        "reference": "Encounter/UKE-0003-E-1"
      },
      "effectiveDateTime": "2020-03-02T00:00:00+01:00",
      "dosage": [ {
        "doseAndRate": [ {
          "doseQuantity": {
            "value": 5,
            "unit": "Tabletten",
            "system": "http://unitsofmeasure.org",
            "code": "1"
          }
        } ]
      } ]
    },
    "request": {
      "method": "PUT",
      "url": "MedicationStatement/UKE-0003-E-1-MS-32"
    }
  }, {
    "fullUrl": "MedicationStatement/UKE-0003-E-1-MS-33",
    "resource": {
      "resourceType": "MedicationStatement",
      "id": "UKE-0003-E-1-MS-33",
      "meta": {
        "profile": [ "https://www.medizininformatik-initiative.de/fhir/core/modul-medikation/StructureDefinition/MedicationStatement" ]
      },
      "status": "active",
      "medicationReference": {
        "reference": "Medication/Medication--1019395450"
      },
      "subject": {
        "reference": "Patient/UKE-0003"
      },
      "context": {
        "reference": "Encounter/UKE-0003-E-1"
      },
      "effectiveDateTime": "2020-03-02T00:00:00+01:00",
      "dosage": [ {
        "doseAndRate": [ {
          "doseQuantity": {
            "value": 1,
            "unit": "Infusionslösung",
            "system": "http://unitsofmeasure.org",
            "code": "1"
          }
        } ]
      } ]
    },
    "request": {
      "method": "PUT",
      "url": "MedicationStatement/UKE-0003-E-1-MS-33"
    }
  }, {
    "fullUrl": "MedicationStatement/UKE-0003-E-1-MS-34",
    "resource": {
      "resourceType": "MedicationStatement",
      "id": "UKE-0003-E-1-MS-34",
      "meta": {
        "profile": [ "https://www.medizininformatik-initiative.de/fhir/core/modul-medikation/StructureDefinition/MedicationStatement" ]
      },
      "status": "active",
      "medicationReference": {
        "reference": "Medication/Medication-756563304"
      },
      "subject": {
        "reference": "Patient/UKE-0003"
      },
      "context": {
        "reference": "Encounter/UKE-0003-E-1"
      },
      "effectiveDateTime": "2020-03-02T00:00:00+01:00",
      "dosage": [ {
        "doseAndRate": [ {
          "doseQuantity": {
            "value": 1,
            "unit": "Tabletten",
            "system": "http://unitsofmeasure.org",
            "code": "1"
          }
        } ]
      } ]
    },
    "request": {
      "method": "PUT",
      "url": "MedicationStatement/UKE-0003-E-1-MS-34"
    }
  }, {
    "fullUrl": "MedicationStatement/UKE-0003-E-1-MS-35",
    "resource": {
      "resourceType": "MedicationStatement",
      "id": "UKE-0003-E-1-MS-35",
      "meta": {
        "profile": [ "https://www.medizininformatik-initiative.de/fhir/core/modul-medikation/StructureDefinition/MedicationStatement" ]
      },
      "status": "active",
      "medicationReference": {
        "reference": "Medication/Medication-899054828"
      },
      "subject": {
        "reference": "Patient/UKE-0003"
      },
      "context": {
        "reference": "Encounter/UKE-0003-E-1"
      },
      "effectiveDateTime": "2020-03-02T00:00:00+01:00",
      "dosage": [ {
        "doseAndRate": [ {
          "doseQuantity": {
            "value": 1,
            "unit": "Tabletten",
            "system": "http://unitsofmeasure.org",
            "code": "1"
          }
        } ]
      } ]
    },
    "request": {
      "method": "PUT",
      "url": "MedicationStatement/UKE-0003-E-1-MS-35"
    }
  }, {
    "fullUrl": "MedicationStatement/UKE-0003-E-1-MS-36",
    "resource": {
      "resourceType": "MedicationStatement",
      "id": "UKE-0003-E-1-MS-36",
      "meta": {
        "profile": [ "https://www.medizininformatik-initiative.de/fhir/core/modul-medikation/StructureDefinition/MedicationStatement" ]
      },
      "status": "active",
      "medicationReference": {
        "reference": "Medication/Medication-1928216850"
      },
      "subject": {
        "reference": "Patient/UKE-0003"
      },
      "context": {
        "reference": "Encounter/UKE-0003-E-1"
      },
      "effectiveDateTime": "2020-03-02T00:00:00+01:00",
      "dosage": [ {
        "doseAndRate": [ {
          "doseQuantity": {
            "value": 4,
            "unit": "Infusionslösung",
            "system": "http://unitsofmeasure.org",
            "code": "1"
          }
        } ]
      } ]
    },
    "request": {
      "method": "PUT",
      "url": "MedicationStatement/UKE-0003-E-1-MS-36"
    }
  } ]
}