{
  "resourceType": "Bundle",
  "type": "transaction",
  "entry": [ {
    "fullUrl": "Patient/UKE-0004",
    "resource": {
      "resourceType": "Patient",
      "id": "UKE-0004",
      "meta": {
        "profile": [ "https://www.medizininformatik-initiative.de/fhir/core/modul-person/StructureDefinition/Patient" ]
      },
      "identifier": [ {
        "use": "usual",
        "type": {
          "coding": [ {
            "system": "http://terminology.hl7.org/CodeSystem/v2-0203",
            "code": "MR"
          } ]
        },
        "system": "https://UKE.de/pid",
        "value": "UKE-0004"
      } ],
      "name": [ {
        "use": "official",
        "family": "g",
        "given": [ "d" ]
      } ],
      "gender": "female",
      "birthDate": "1956-01-01",
      "address": [ {
        "extension": [ {
          "url": "http://terminology.hl7.org/CodeSystem/data-absent-reason",
          "valueCode": "unknown"
        } ]
      } ],
      "generalPractitioner": [ {
        "display": "AOK"
      } ]
    },
    "request": {
      "method": "PUT",
      "url": "Patient/UKE-0004"
    }
  }, {
    "fullUrl": "Encounter/UKE-0004-E-1",
    "resource": {
      "resourceType": "Encounter",
      "id": "UKE-0004-E-1",
      "meta": {
        "profile": [ "https://www.medizininformatik-initiative.de/fhir/core/modul-fall/StructureDefinition/KontaktGesundheitseinrichtung" ]
      },
      "identifier": [ {
        "type": {
          "coding": [ {
            "system": "http://terminology.hl7.org/CodeSystem/v2-0203",
            "code": "VN"
          } ]
        },
        "_system": {
          "extension": [ {
            "url": "http://terminology.hl7.org/CodeSystem/data-absent-reason",
            "valueCode": "unknown"
          } ]
        },
        "value": "UKE-0004-E-1",
        "assigner": {
          "identifier": {
            "system": "https://www.medizininformatik-initiative.de/fhir/core/NamingSystem/org-identifier",
            "value": "UKE"
          }
        }
      } ],
      "status": "finished",
      "class": {
        "system": "http://terminology.hl7.org/CodeSystem/v3-ActCode",
        "code": "IMP",
        "display": "inpatient encounter"
      },
      "type": [ {
        "coding": [ {
          "code": "einrichtungskontakt",
          "display": "Einrichtungskontakt"
        } ]
      } ],
      "subject": {
        "reference": "Patient/UKE-0004"
      },
      "period": {
        "start": "2020-05-01T00:00:00+02:00",
        "end": "2020-05-07T00:00:00+02:00"
      },
      "diagnosis": [ {
        "condition": {
          "reference": "Condition/UKE-0004-E-1-D-1"
        },
        "use": {
          "coding": [ {
            "system": "http://terminology.hl7.org/CodeSystem/diagnosis-role",
            "code": "CM",
            "display": "Comorbidity diagnosis"
          } ]
        }
      }, {
        "condition": {
          "reference": "Condition/UKE-0004-E-1-D-2"
        },
        "use": {
          "coding": [ {
            "system": "http://terminology.hl7.org/CodeSystem/diagnosis-role",
            "code": "CM",
            "display": "Comorbidity diagnosis"
          } ]
        }
      }, {
        "condition": {
          "reference": "Condition/UKE-0004-E-1-D-3"
        },
        "use": {
          "coding": [ {
            "system": "http://terminology.hl7.org/CodeSystem/diagnosis-role",
            "code": "CM",
            "display": "Comorbidity diagnosis"
          } ]
        }
      } ]
    },
    "request": {
      "method": "PUT",
      "url": "Encounter/UKE-0004-E-1"
    }
  }, {
    "fullUrl": "Encounter/UKE-0004-E-1-A-1",
    "resource": {
      "resourceType": "Encounter",
      "id": "UKE-0004-E-1-A-1",
      "meta": {
        "profile": [ "https://www.medizininformatik-initiative.de/fhir/core/modul-fall/StructureDefinition/KontaktGesundheitseinrichtung" ]
      },
      "status": "finished",
      "class": {
        "extension": [ {
          "url": "http://terminology.hl7.org/CodeSystem/data-absent-reason",
          "valueCode": "unknown"
        } ]
      },
      "type": [ {
        "coding": [ {
          "code": "abteilungskontakt",
          "display": "Abteilungskontakt"
        } ]
      } ],
      "serviceType": {
        "coding": [ {
          "system": "http://fhir.de/CodeSystem/dkgev/Fachabteilungsschluessel",
          "code": "0100",
          "display": "Innere Medizin"
        } ]
      },
      "subject": {
        "reference": "Patient/UKE-0004"
      },
      "period": {
        "start": "2020-05-01T00:00:00+02:00",
        "end": "2020-05-07T00:00:00+02:00"
      },
      "diagnosis": [ {
        "condition": {
          "_reference": {
            "extension": [ {
              "url": "http://terminology.hl7.org/CodeSystem/data-absent-reason",
              "valueCode": "unknown"
            } ]
          }
        }
      } ],
      "partOf": {
        "reference": "Encounter/UKE-0004-E-1"
      }
    },
    "request": {
      "method": "PUT",
      "url": "Encounter/UKE-0004-E-1-A-1"
    }
  }, {
    "fullUrl": "Condition/UKE-0004-E-1-D-1",
    "resource": {
      "resourceType": "Condition",
      "id": "UKE-0004-E-1-D-1",
      "meta": {
        "profile": [ "https://www.medizininformatik-initiative.de/fhir/core/modul-diagnose/StructureDefinition/Diagnose" ]
      },
      "identifier": [ {
        "value": "UKE-0004-E-1-D-1"
      } ],
      "code": {
        "coding": [ {
          "system": "http://fhir.de/CodeSystem/bfarm/icd-10-gm",
          "version": "2020",
          "code": "I10.90"
        } ]
      },
      "subject": {
        "reference": "Patient/UKE-0004"
      },
      "recordedDate": "2020-05-01T00:00:00+02:00"
    },
    "request": {
      "method": "PUT",
      "url": "Condition/UKE-0004-E-1-D-1"
    }
  }, {
    "fullUrl": "Condition/UKE-0004-E-1-D-2",
    "resource": {
      "resourceType": "Condition",
      "id": "UKE-0004-E-1-D-2",
      "meta": {
        "profile": [ "https://www.medizininformatik-initiative.de/fhir/core/modul-diagnose/StructureDefinition/Diagnose" ]
      },
      "identifier": [ {
        "value": "UKE-0004-E-1-D-2"
      } ],
      "code": {
        "coding": [ {
          "system": "http://fhir.de/CodeSystem/bfarm/icd-10-gm",
          "version": "2020",
          "code": "E78.2"
        } ]
      },
      "subject": {
        "reference": "Patient/UKE-0004"
      },
      "recordedDate": "2020-05-01T00:00:00+02:00"
    },
    "request": {
      "method": "PUT",
      "url": "Condition/UKE-0004-E-1-D-2"
    }
  }, {
    "fullUrl": "Condition/UKE-0004-E-1-D-3",
    "resource": {
      "resourceType": "Condition",
      "id": "UKE-0004-E-1-D-3",
      "meta": {
        "profile": [ "https://www.medizininformatik-initiative.de/fhir/core/modul-diagnose/StructureDefinition/Diagnose" ]
      },
      "identifier": [ {
        "value": "UKE-0004-E-1-D-3"
      } ],
      "code": {
        "coding": [ {
          "system": "http://fhir.de/CodeSystem/bfarm/icd-10-gm",
          "version": "2020",
          "code": "I34.0"
        } ]
      },
      "subject": {
        "reference": "Patient/UKE-0004"
      },
      "recordedDate": "2020-05-01T00:00:00+02:00"
    },
    "request": {
      "method": "PUT",
      "url": "Condition/UKE-0004-E-1-D-3"
    }
  }, {
    "fullUrl": "Medication/Medication--132846039",
    "resource": {
      "resourceType": "Medication",
      "id": "Medication--132846039",
      "meta": {
        "profile": [ "https://www.medizininformatik-initiative.de/fhir/core/modul-medikation/StructureDefinition/Medication" ]
      },
      "identifier": [ {
        "value": "Medication--132846039"
      } ],
      "code": {
        "coding": [ {
          "system": "http://fhir.de/CodeSystem/ifa/pzn",
          "code": "05013355"
        }, {
          "system": "http://fhir.de/CodeSystem/bfarm/atc",
          "code": "B01AB05"
        } ],
        "text": "Enoxaparin"
      },
      "ingredient": [ {
        "itemCodeableConcept": {
          "coding": [ {
            "system": "http://fhir.de/CodeSystem/ask",
            "_code": {
              "extension": [ {
                "url": "http://terminology.hl7.org/CodeSystem/data-absent-reason",
                "valueCode": "unknown"
              } ]
            }
          } ]
        },
        "strength": {
          "numerator": {
            "value": 40,
            "unit": "milligram",
            "system": "http://unitsofmeasure.org",
            "code": "mg"
          },
          "denominator": {
            "value": 1,
            "system": "http://XXX",
            "code": "Fertigspritzen"
          }
        }
      } ]
    },
    "request": {
      "method": "PUT",
      "url": "Medication/Medication--132846039"
    }
  }, {
    "fullUrl": "MedicationStatement/UKE-0004-E-1-MS-1",
    "resource": {
      "resourceType": "MedicationStatement",
      "id": "UKE-0004-E-1-MS-1",
      "meta": {
        "profile": [ "https://www.medizininformatik-initiative.de/fhir/core/modul-medikation/StructureDefinition/MedicationStatement" ]
      },
      "status": "active",
      "medicationReference": {
        "reference": "Medication/Medication--132846039"
      },
      "subject": {
        "reference": "Patient/UKE-0004"
      },
      "context": {
        "reference": "Encounter/UKE-0004-E-1"
      },
      "effectiveDateTime": "2020-05-01T00:00:00+02:00",
      "dosage": [ {
        "doseAndRate": [ {
          "doseQuantity": {
            "value": 1,
            "unit": "Fertigspritzen",
            "system": "http://unitsofmeasure.org",
            "code": "1"
          }
        } ]
      } ]
    },
    "request": {
      "method": "PUT",
      "url": "MedicationStatement/UKE-0004-E-1-MS-1"
    }
  }, {
    "fullUrl": "Medication/Medication-762104432",
    "resource": {
      "resourceType": "Medication",
      "id": "Medication-762104432",
      "meta": {
        "profile": [ "https://www.medizininformatik-initiative.de/fhir/core/modul-medikation/StructureDefinition/Medication" ]
      },
      "identifier": [ {
        "value": "Medication-762104432"
      } ],
      "code": {
        "coding": [ {
          "system": "http://fhir.de/CodeSystem/ifa/pzn",
          "code": "09614376"
        }, {
          "system": "http://fhir.de/CodeSystem/bfarm/atc",
          "code": "C09CA06"
        } ],
        "text": "Candesartan cilexetil"
      },
      "ingredient": [ {
        "itemCodeableConcept": {
          "coding": [ {
            "system": "http://fhir.de/CodeSystem/ask",
            "_code": {
              "extension": [ {
                "url": "http://terminology.hl7.org/CodeSystem/data-absent-reason",
                "valueCode": "unknown"
              } ]
            }
          } ]
        },
        "strength": {
          "numerator": {
            "value": 32,
            "unit": "milligram",
            "system": "http://unitsofmeasure.org",
            "code": "mg"
          },
          "denominator": {
            "value": 1,
            "system": "http://XXX",
            "code": "Tabletten"
          }
        }
      } ]
    },
    "request": {
      "method": "PUT",
      "url": "Medication/Medication-762104432"
    }
  }, {
    "fullUrl": "MedicationStatement/UKE-0004-E-1-MS-2",
    "resource": {
      "resourceType": "MedicationStatement",
      "id": "UKE-0004-E-1-MS-2",
      "meta": {
        "profile": [ "https://www.medizininformatik-initiative.de/fhir/core/modul-medikation/StructureDefinition/MedicationStatement" ]
      },
      "status": "active",
      "medicationReference": {
        "reference": "Medication/Medication-762104432"
      },
      "subject": {
        "reference": "Patient/UKE-0004"
      },
      "context": {
        "reference": "Encounter/UKE-0004-E-1"
      },
      "effectiveDateTime": "2020-05-01T00:00:00+02:00",
      "dosage": [ {
        "doseAndRate": [ {
          "doseQuantity": {
            "value": 1,
            "unit": "Tabletten",
            "system": "http://unitsofmeasure.org",
            "code": "1"
          }
        } ]
      } ]
    },
    "request": {
      "method": "PUT",
      "url": "MedicationStatement/UKE-0004-E-1-MS-2"
    }
  }, {
    "fullUrl": "Medication/Medication-898132273",
    "resource": {
      "resourceType": "Medication",
      "id": "Medication-898132273",
      "meta": {
        "profile": [ "https://www.medizininformatik-initiative.de/fhir/core/modul-medikation/StructureDefinition/Medication" ]
      },
      "identifier": [ {
        "value": "Medication-898132273"
      } ],
      "code": {
        "coding": [ {
          "system": "http://fhir.de/CodeSystem/ifa/pzn",
          "code": "04862158"
        }, {
          "system": "http://fhir.de/CodeSystem/bfarm/atc",
          "code": "H02AB06"
        } ],
        "text": "Prednisolon"
      },
      "ingredient": [ {
        "itemCodeableConcept": {
          "coding": [ {
            "system": "http://fhir.de/CodeSystem/ask",
            "_code": {
              "extension": [ {
                "url": "http://terminology.hl7.org/CodeSystem/data-absent-reason",
                "valueCode": "unknown"
              } ]
            }
          } ]
        },
        "strength": {
          "numerator": {
            "value": 2.5,
            "unit": "milligram",
            "system": "http://unitsofmeasure.org",
            "code": "mg"
          },
          "denominator": {
            "value": 1,
            "system": "http://XXX",
            "code": "Tabletten"
          }
        }
      } ]
    },
    "request": {
      "method": "PUT",
      "url": "Medication/Medication-898132273"
    }
  }, {
    "fullUrl": "MedicationStatement/UKE-0004-E-1-MS-3",
    "resource": {
      "resourceType": "MedicationStatement",
      "id": "UKE-0004-E-1-MS-3",
      "meta": {
        "profile": [ "https://www.medizininformatik-initiative.de/fhir/core/modul-medikation/StructureDefinition/MedicationStatement" ]
      },
      "status": "active",
      "medicationReference": {
        "reference": "Medication/Medication-898132273"
      },
      "subject": {
        "reference": "Patient/UKE-0004"
      },
      "context": {
        "reference": "Encounter/UKE-0004-E-1"
      },
      "effectiveDateTime": "2020-05-01T00:00:00+02:00",
      "dosage": [ {
        "doseAndRate": [ {
          "doseQuantity": {
            "value": 2,
            "unit": "Tabletten",
            "system": "http://unitsofmeasure.org",
            "code": "1"
          }
        } ]
      } ]
    },
    "request": {
      "method": "PUT",
      "url": "MedicationStatement/UKE-0004-E-1-MS-3"
    }
  }, {
    "fullUrl": "Medication/Medication-761180939",
    "resource": {
      "resourceType": "Medication",
      "id": "Medication-761180939",
      "meta": {
        "profile": [ "https://www.medizininformatik-initiative.de/fhir/core/modul-medikation/StructureDefinition/Medication" ]
      },
      "identifier": [ {
        "value": "Medication-761180939"
      } ],
      "code": {
        "coding": [ {
          "system": "http://fhir.de/CodeSystem/ifa/pzn",
          "code": "00544378"
        }, {
          "system": "http://fhir.de/CodeSystem/bfarm/atc",
          "code": "C08CA13"
        } ],
        "text": "Lercanidipin hydrochlorid"
      },
      "ingredient": [ {
        "itemCodeableConcept": {
          "coding": [ {
            "system": "http://fhir.de/CodeSystem/ask",
            "_code": {
              "extension": [ {
                "url": "http://terminology.hl7.org/CodeSystem/data-absent-reason",
                "valueCode": "unknown"
              } ]
            }
          } ]
        },
        "strength": {
          "numerator": {
            "value": 10,
            "unit": "milligram",
            "system": "http://unitsofmeasure.org",
            "code": "mg"
          },
          "denominator": {
            "value": 1,
            "system": "http://XXX",
            "code": "Tabletten"
          }
        }
      } ]
    },
    "request": {
      "method": "PUT",
      "url": "Medication/Medication-761180939"
    }
  }, {
    "fullUrl": "MedicationStatement/UKE-0004-E-1-MS-4",
    "resource": {
      "resourceType": "MedicationStatement",
      "id": "UKE-0004-E-1-MS-4",
      "meta": {
        "profile": [ "https://www.medizininformatik-initiative.de/fhir/core/modul-medikation/StructureDefinition/MedicationStatement" ]
      },
      "status": "active",
      "medicationReference": {
        "reference": "Medication/Medication-761180939"
      },
      "subject": {
        "reference": "Patient/UKE-0004"
      },
      "context": {
        "reference": "Encounter/UKE-0004-E-1"
      },
      "effectiveDateTime": "2020-05-01T00:00:00+02:00",
      "dosage": [ {
        "doseAndRate": [ {
          "doseQuantity": {
            "value": 2,
            "unit": "Tabletten",
            "system": "http://unitsofmeasure.org",
            "code": "1"
          }
        } ]
      } ]
    },
    "request": {
      "method": "PUT",
      "url": "MedicationStatement/UKE-0004-E-1-MS-4"
    }
  }, {
    "fullUrl": "Medication/Medication--992615263",
    "resource": {
      "resourceType": "Medication",
      "id": "Medication--992615263",
      "meta": {
        "profile": [ "https://www.medizininformatik-initiative.de/fhir/core/modul-medikation/StructureDefinition/Medication" ]
      },
      "identifier": [ {
        "value": "Medication--992615263"
      } ],
      "code": {
        "coding": [ {
          "system": "http://fhir.de/CodeSystem/ifa/pzn",
          "code": "02386423"
        }, {
          "system": "http://fhir.de/CodeSystem/bfarm/atc",
          "code": "A10BA02"
        } ],
        "text": "Metformin hydrochlorid"
      },
      "ingredient": [ {
        "itemCodeableConcept": {
          "coding": [ {
            "system": "http://fhir.de/CodeSystem/ask",
            "_code": {
              "extension": [ {
                "url": "http://terminology.hl7.org/CodeSystem/data-absent-reason",
                "valueCode": "unknown"
              } ]
            }
          } ]
        },
        "strength": {
          "numerator": {
            "value": 250,
            "unit": "milligram",
            "system": "http://unitsofmeasure.org",
            "code": "mg"
          },
          "denominator": {
            "value": 1,
            "system": "http://XXX",
            "code": "Tabletten"
          }
        }
      } ]
    },
    "request": {
      "method": "PUT",
      "url": "Medication/Medication--992615263"
    }
  }, {
    "fullUrl": "MedicationStatement/UKE-0004-E-1-MS-5",
    "resource": {
      "resourceType": "MedicationStatement",
      "id": "UKE-0004-E-1-MS-5",
      "meta": {
        "profile": [ "https://www.medizininformatik-initiative.de/fhir/core/modul-medikation/StructureDefinition/MedicationStatement" ]
      },
      "status": "active",
      "medicationReference": {
        "reference": "Medication/Medication--992615263"
      },
      "subject": {
        "reference": "Patient/UKE-0004"
      },
      "context": {
        "reference": "Encounter/UKE-0004-E-1"
      },
      "effectiveDateTime": "2020-05-01T00:00:00+02:00",
      "dosage": [ {
        "doseAndRate": [ {
          "doseQuantity": {
            "value": 2,
            "unit": "Tabletten",
            "system": "http://unitsofmeasure.org",
            "code": "1"
          }
        } ]
      } ]
    },
    "request": {
      "method": "PUT",
      "url": "MedicationStatement/UKE-0004-E-1-MS-5"
    }
  }, {
    "fullUrl": "Medication/Medication-760198765",
    "resource": {
      "resourceType": "Medication",
      "id": "Medication-760198765",
      "meta": {
        "profile": [ "https://www.medizininformatik-initiative.de/fhir/core/modul-medikation/StructureDefinition/Medication" ]
      },
      "identifier": [ {
        "value": "Medication-760198765"
      } ],
      "code": {
        "coding": [ {
          "system": "http://fhir.de/CodeSystem/ifa/pzn",
          "code": "09042810"
        }, {
          "system": "http://fhir.de/CodeSystem/bfarm/atc",
          "code": "C07AB02"
        } ],
        "text": "Metoprolol succinat"
      },
      "ingredient": [ {
        "itemCodeableConcept": {
          "coding": [ {
            "system": "http://fhir.de/CodeSystem/ask",
            "_code": {
              "extension": [ {
                "url": "http://terminology.hl7.org/CodeSystem/data-absent-reason",
                "valueCode": "unknown"
              } ]
            }
          } ]
        },
        "strength": {
          "numerator": {
            "value": 47.5,
            "unit": "milligram",
            "system": "http://unitsofmeasure.org",
            "code": "mg"
          },
          "denominator": {
            "value": 1,
            "system": "http://XXX",
            "code": "Tabletten"
          }
        }
      } ]
    },
    "request": {
      "method": "PUT",
      "url": "Medication/Medication-760198765"
    }
  }, {
    "fullUrl": "MedicationStatement/UKE-0004-E-1-MS-6",
    "resource": {
      "resourceType": "MedicationStatement",
      "id": "UKE-0004-E-1-MS-6",
      "meta": {
        "profile": [ "https://www.medizininformatik-initiative.de/fhir/core/modul-medikation/StructureDefinition/MedicationStatement" ]
      },
      "status": "active",
      "medicationReference": {
        "reference": "Medication/Medication-760198765"
      },
      "subject": {
        "reference": "Patient/UKE-0004"
      },
      "context": {
        "reference": "Encounter/UKE-0004-E-1"
      },
      "effectiveDateTime": "2020-05-01T00:00:00+02:00",
      "dosage": [ {
        "doseAndRate": [ {
          "doseQuantity": {
            "value": 2,
            "unit": "Tabletten",
            "system": "http://unitsofmeasure.org",
            "code": "1"
          }
        } ]
      } ]
    },
    "request": {
      "method": "PUT",
      "url": "MedicationStatement/UKE-0004-E-1-MS-6"
    }
  }, {
    "fullUrl": "Medication/Medication-761180910",
    "resource": {
      "resourceType": "Medication",
      "id": "Medication-761180910",
      "meta": {
        "profile": [ "https://www.medizininformatik-initiative.de/fhir/core/modul-medikation/StructureDefinition/Medication" ]
      },
      "identifier": [ {
        "value": "Medication-761180910"
      } ],
      "code": {
        "coding": [ {
          "system": "http://fhir.de/CodeSystem/ifa/pzn",
          "code": "08715477"
        }, {
          "system": "http://fhir.de/CodeSystem/bfarm/atc",
          "code": "C08CA05"
        } ],
        "text": "Nifedipin"
      },
      "ingredient": [ {
        "itemCodeableConcept": {
          "coding": [ {
            "system": "http://fhir.de/CodeSystem/ask",
            "_code": {
              "extension": [ {
                "url": "http://terminology.hl7.org/CodeSystem/data-absent-reason",
                "valueCode": "unknown"
              } ]
            }
          } ]
        },
        "strength": {
          "numerator": {
            "value": 20,
            "unit": "milligram",
            "system": "http://unitsofmeasure.org",
            "code": "mg"
          },
          "denominator": {
            "value": 1,
            "system": "http://XXX",
            "code": "Tabletten"
          }
        }
      } ]
    },
    "request": {
      "method": "PUT",
      "url": "Medication/Medication-761180910"
    }
  }, {
    "fullUrl": "MedicationStatement/UKE-0004-E-1-MS-7",
    "resource": {
      "resourceType": "MedicationStatement",
      "id": "UKE-0004-E-1-MS-7",
      "meta": {
        "profile": [ "https://www.medizininformatik-initiative.de/fhir/core/modul-medikation/StructureDefinition/MedicationStatement" ]
      },
      "status": "active",
      "medicationReference": {
        "reference": "Medication/Medication-761180910"
      },
      "subject": {
        "reference": "Patient/UKE-0004"
      },
      "context": {
        "reference": "Encounter/UKE-0004-E-1"
      },
      "effectiveDateTime": "2020-05-01T00:00:00+02:00",
      "dosage": [ {
        "doseAndRate": [ {
          "doseQuantity": {
            "value": 2,
            "unit": "Tabletten",
            "system": "http://unitsofmeasure.org",
            "code": "1"
          }
        } ]
      } ]
    },
    "request": {
      "method": "PUT",
      "url": "MedicationStatement/UKE-0004-E-1-MS-7"
    }
  }, {
    "fullUrl": "Medication/Medication--992608535",
    "resource": {
      "resourceType": "Medication",
      "id": "Medication--992608535",
      "meta": {
        "profile": [ "https://www.medizininformatik-initiative.de/fhir/core/modul-medikation/StructureDefinition/Medication" ]
      },
      "identifier": [ {
        "value": "Medication--992608535"
      } ],
      "code": {
        "coding": [ {
          "system": "http://fhir.de/CodeSystem/ifa/pzn",
          "code": "01753693"
        }, {
          "system": "http://fhir.de/CodeSystem/bfarm/atc",
          "code": "A10BH03"
        } ],
        "text": "Saxagliptin hydrochlorid"
      },
      "ingredient": [ {
        "itemCodeableConcept": {
          "coding": [ {
            "system": "http://fhir.de/CodeSystem/ask",
            "_code": {
              "extension": [ {
                "url": "http://terminology.hl7.org/CodeSystem/data-absent-reason",
                "valueCode": "unknown"
              } ]
            }
          } ]
        },
        "strength": {
          "numerator": {
            "value": 5.58,
            "unit": "milligram",
            "system": "http://unitsofmeasure.org",
            "code": "mg"
          },
          "denominator": {
            "value": 1,
            "system": "http://XXX",
            "code": "Tabletten"
          }
        }
      } ]
    },
    "request": {
      "method": "PUT",
      "url": "Medication/Medication--992608535"
    }
  }, {
    "fullUrl": "MedicationStatement/UKE-0004-E-1-MS-8",
    "resource": {
      "resourceType": "MedicationStatement",
      "id": "UKE-0004-E-1-MS-8",
      "meta": {
        "profile": [ "https://www.medizininformatik-initiative.de/fhir/core/modul-medikation/StructureDefinition/MedicationStatement" ]
      },
      "status": "active",
      "medicationReference": {
        "reference": "Medication/Medication--992608535"
      },
      "subject": {
        "reference": "Patient/UKE-0004"
      },
      "context": {
        "reference": "Encounter/UKE-0004-E-1"
      },
      "effectiveDateTime": "2020-05-01T00:00:00+02:00",
      "dosage": [ {
        "doseAndRate": [ {
          "doseQuantity": {
            "value": 1,
            "unit": "Tabletten",
            "system": "http://unitsofmeasure.org",
            "code": "1"
          }
        } ]
      } ]
    },
    "request": {
      "method": "PUT",
      "url": "MedicationStatement/UKE-0004-E-1-MS-8"
    }
  }, {
    "fullUrl": "Medication/Medication--1019395450",
    "resource": {
      "resourceType": "Medication",
      "id": "Medication--1019395450",
      "meta": {
        "profile": [ "https://www.medizininformatik-initiative.de/fhir/core/modul-medikation/StructureDefinition/Medication" ]
      },
      "identifier": [ {
        "value": "Medication--1019395450"
      } ],
      "code": {
        "coding": [ {
          "system": "http://fhir.de/CodeSystem/ifa/pzn",
          "code": "16014056"
        }, {
          "system": "http://fhir.de/CodeSystem/bfarm/atc",
          "code": "A02BC02"
        } ],
        "text": "Pantoprazol Natrium 1,5 Wasser"
      },
      "ingredient": [ {
        "itemCodeableConcept": {
          "coding": [ {
            "system": "http://fhir.de/CodeSystem/ask",
            "_code": {
              "extension": [ {
                "url": "http://terminology.hl7.org/CodeSystem/data-absent-reason",
                "valueCode": "unknown"
              } ]
            }
          } ]
        },
        "strength": {
          "numerator": {
            "value": 40,
            "unit": "milligram",
            "system": "http://unitsofmeasure.org",
            "code": "mg"
          },
          "denominator": {
            "value": 1,
            "system": "http://XXX",
            "code": "Infusionslösung"
          }
        }
      } ]
    },
    "request": {
      "method": "PUT",
      "url": "Medication/Medication--1019395450"
    }
  }, {
    "fullUrl": "MedicationStatement/UKE-0004-E-1-MS-9",
    "resource": {
      "resourceType": "MedicationStatement",
      "id": "UKE-0004-E-1-MS-9",
      "meta": {
        "profile": [ "https://www.medizininformatik-initiative.de/fhir/core/modul-medikation/StructureDefinition/MedicationStatement" ]
      },
      "status": "active",
      "medicationReference": {
        "reference": "Medication/Medication--1019395450"
      },
      "subject": {
        "reference": "Patient/UKE-0004"
      },
      "context": {
        "reference": "Encounter/UKE-0004-E-1"
      },
      "effectiveDateTime": "2020-05-01T00:00:00+02:00",
      "dosage": [ {
        "doseAndRate": [ {
          "doseQuantity": {
            "value": 1,
            "unit": "Infusionslösung",
            "system": "http://unitsofmeasure.org",
            "code": "1"
          }
        } ]
      } ]
    },
    "request": {
      "method": "PUT",
      "url": "MedicationStatement/UKE-0004-E-1-MS-9"
    }
  }, {
    "fullUrl": "MedicationStatement/UKE-0004-E-1-MS-10",
    "resource": {
      "resourceType": "MedicationStatement",
      "id": "UKE-0004-E-1-MS-10",
      "meta": {
        "profile": [ "https://www.medizininformatik-initiative.de/fhir/core/modul-medikation/StructureDefinition/MedicationStatement" ]
      },
      "status": "active",
      "medicationReference": {
        "reference": "Medication/Medication--132846039"
      },
      "subject": {
        "reference": "Patient/UKE-0004"
      },
      "context": {
        "reference": "Encounter/UKE-0004-E-1"
      },
      "effectiveDateTime": "2020-05-02T00:00:00+02:00",
      "dosage": [ {
        "doseAndRate": [ {
          "doseQuantity": {
            "value": 1,
            "unit": "Fertigspritzen",
            "system": "http://unitsofmeasure.org",
            "code": "1"
          }
        } ]
      } ]
    },
    "request": {
      "method": "PUT",
      "url": "MedicationStatement/UKE-0004-E-1-MS-10"
    }
  }, {
    "fullUrl": "MedicationStatement/UKE-0004-E-1-MS-11",
    "resource": {
      "resourceType": "MedicationStatement",
      "id": "UKE-0004-E-1-MS-11",
      "meta": {
        "profile": [ "https://www.medizininformatik-initiative.de/fhir/core/modul-medikation/StructureDefinition/MedicationStatement" ]
      },
      "status": "active",
      "medicationReference": {
        "reference": "Medication/Medication-762104432"
      },
      "subject": {
        "reference": "Patient/UKE-0004"
      },
      "context": {
        "reference": "Encounter/UKE-0004-E-1"
      },
      "effectiveDateTime": "2020-05-02T00:00:00+02:00",
      "dosage": [ {
        "doseAndRate": [ {
          "doseQuantity": {
            "value": 1,
            "unit": "Tabletten",
            "system": "http://unitsofmeasure.org",
            "code": "1"
          }
        } ]
      } ]
    },
    "request": {
      "method": "PUT",
      "url": "MedicationStatement/UKE-0004-E-1-MS-11"
    }
  }, {
    "fullUrl": "MedicationStatement/UKE-0004-E-1-MS-12",
    "resource": {
      "resourceType": "MedicationStatement",
      "id": "UKE-0004-E-1-MS-12",
      "meta": {
        "profile": [ "https://www.medizininformatik-initiative.de/fhir/core/modul-medikation/StructureDefinition/MedicationStatement" ]
      },
      "status": "active",
      "medicationReference": {
        "reference": "Medication/Medication-898132273"
      },
      "subject": {
        "reference": "Patient/UKE-0004"
      },
      "context": {
        "reference": "Encounter/UKE-0004-E-1"
      },
      "effectiveDateTime": "2020-05-02T00:00:00+02:00",
      "dosage": [ {
        "doseAndRate": [ {
          "doseQuantity": {
            "value": 2,
            "unit": "Tabletten",
            "system": "http://unitsofmeasure.org",
            "code": "1"
          }
        } ]
      } ]
    },
    "request": {
      "method": "PUT",
      "url": "MedicationStatement/UKE-0004-E-1-MS-12"
    }
  }, {
    "fullUrl": "MedicationStatement/UKE-0004-E-1-MS-13",
    "resource": {
      "resourceType": "MedicationStatement",
      "id": "UKE-0004-E-1-MS-13",
      "meta": {
        "profile": [ "https://www.medizininformatik-initiative.de/fhir/core/modul-medikation/StructureDefinition/MedicationStatement" ]
      },
      "status": "active",
      "medicationReference": {
        "reference": "Medication/Medication-761180939"
      },
      "subject": {
        "reference": "Patient/UKE-0004"
      },
      "context": {
        "reference": "Encounter/UKE-0004-E-1"
      },
      "effectiveDateTime": "2020-05-02T00:00:00+02:00",
      "dosage": [ {
        "doseAndRate": [ {
          "doseQuantity": {
            "value": 2,
            "unit": "Tabletten",
            "system": "http://unitsofmeasure.org",
            "code": "1"
          }
        } ]
      } ]
    },
    "request": {
      "method": "PUT",
      "url": "MedicationStatement/UKE-0004-E-1-MS-13"
    }
  }, {
    "fullUrl": "MedicationStatement/UKE-0004-E-1-MS-14",
    "resource": {
      "resourceType": "MedicationStatement",
      "id": "UKE-0004-E-1-MS-14",
      "meta": {
        "profile": [ "https://www.medizininformatik-initiative.de/fhir/core/modul-medikation/StructureDefinition/MedicationStatement" ]
      },
      "status": "active",
      "medicationReference": {
        "reference": "Medication/Medication--992615263"
      },
      "subject": {
        "reference": "Patient/UKE-0004"
      },
      "context": {
        "reference": "Encounter/UKE-0004-E-1"
      },
      "effectiveDateTime": "2020-05-02T00:00:00+02:00",
      "dosage": [ {
        "doseAndRate": [ {
          "doseQuantity": {
            "value": 2,
            "unit": "Tabletten",
            "system": "http://unitsofmeasure.org",
            "code": "1"
          }
        } ]
      } ]
    },
    "request": {
      "method": "PUT",
      "url": "MedicationStatement/UKE-0004-E-1-MS-14"
    }
  }, {
    "fullUrl": "MedicationStatement/UKE-0004-E-1-MS-15",
    "resource": {
      "resourceType": "MedicationStatement",
      "id": "UKE-0004-E-1-MS-15",
      "meta": {
        "profile": [ "https://www.medizininformatik-initiative.de/fhir/core/modul-medikation/StructureDefinition/MedicationStatement" ]
      },
      "status": "active",
      "medicationReference": {
        "reference": "Medication/Medication-760198765"
      },
      "subject": {
        "reference": "Patient/UKE-0004"
      },
      "context": {
        "reference": "Encounter/UKE-0004-E-1"
      },
      "effectiveDateTime": "2020-05-02T00:00:00+02:00",
      "dosage": [ {
        "doseAndRate": [ {
          "doseQuantity": {
            "value": 2,
            "unit": "Tabletten",
            "system": "http://unitsofmeasure.org",
            "code": "1"
          }
        } ]
      } ]
    },
    "request": {
      "method": "PUT",
      "url": "MedicationStatement/UKE-0004-E-1-MS-15"
    }
  }, {
    "fullUrl": "MedicationStatement/UKE-0004-E-1-MS-16",
    "resource": {
      "resourceType": "MedicationStatement",
      "id": "UKE-0004-E-1-MS-16",
      "meta": {
        "profile": [ "https://www.medizininformatik-initiative.de/fhir/core/modul-medikation/StructureDefinition/MedicationStatement" ]
      },
      "status": "active",
      "medicationReference": {
        "reference": "Medication/Medication-761180910"
      },
      "subject": {
        "reference": "Patient/UKE-0004"
      },
      "context": {
        "reference": "Encounter/UKE-0004-E-1"
      },
      "effectiveDateTime": "2020-05-02T00:00:00+02:00",
      "dosage": [ {
        "doseAndRate": [ {
          "doseQuantity": {
            "value": 2,
            "unit": "Tabletten",
            "system": "http://unitsofmeasure.org",
            "code": "1"
          }
        } ]
      } ]
    },
    "request": {
      "method": "PUT",
      "url": "MedicationStatement/UKE-0004-E-1-MS-16"
    }
  }, {
    "fullUrl": "MedicationStatement/UKE-0004-E-1-MS-17",
    "resource": {
      "resourceType": "MedicationStatement",
      "id": "UKE-0004-E-1-MS-17",
      "meta": {
        "profile": [ "https://www.medizininformatik-initiative.de/fhir/core/modul-medikation/StructureDefinition/MedicationStatement" ]
      },
      "status": "active",
      "medicationReference": {
        "reference": "Medication/Medication--992608535"
      },
      "subject": {
        "reference": "Patient/UKE-0004"
      },
      "context": {
        "reference": "Encounter/UKE-0004-E-1"
      },
      "effectiveDateTime": "2020-05-02T00:00:00+02:00",
      "dosage": [ {
        "doseAndRate": [ {
          "doseQuantity": {
            "value": 1,
            "unit": "Tabletten",
            "system": "http://unitsofmeasure.org",
            "code": "1"
          }
        } ]
      } ]
    },
    "request": {
      "method": "PUT",
      "url": "MedicationStatement/UKE-0004-E-1-MS-17"
    }
  }, {
    "fullUrl": "MedicationStatement/UKE-0004-E-1-MS-18",
    "resource": {
      "resourceType": "MedicationStatement",
      "id": "UKE-0004-E-1-MS-18",
      "meta": {
        "profile": [ "https://www.medizininformatik-initiative.de/fhir/core/modul-medikation/StructureDefinition/MedicationStatement" ]
      },
      "status": "active",
      "medicationReference": {
        "reference": "Medication/Medication--1019395450"
      },
      "subject": {
        "reference": "Patient/UKE-0004"
      },
      "context": {
        "reference": "Encounter/UKE-0004-E-1"
      },
      "effectiveDateTime": "2020-05-02T00:00:00+02:00",
      "dosage": [ {
        "doseAndRate": [ {
          "doseQuantity": {
            "value": 1,
            "unit": "Infusionslösung",
            "system": "http://unitsofmeasure.org",
            "code": "1"
          }
        } ]
      } ]
    },
    "request": {
      "method": "PUT",
      "url": "MedicationStatement/UKE-0004-E-1-MS-18"
    }
  }, {
    "fullUrl": "MedicationStatement/UKE-0004-E-1-MS-19",
    "resource": {
      "resourceType": "MedicationStatement",
      "id": "UKE-0004-E-1-MS-19",
      "meta": {
        "profile": [ "https://www.medizininformatik-initiative.de/fhir/core/modul-medikation/StructureDefinition/MedicationStatement" ]
      },
      "status": "active",
      "medicationReference": {
        "reference": "Medication/Medication--132846039"
      },
      "subject": {
        "reference": "Patient/UKE-0004"
      },
      "context": {
        "reference": "Encounter/UKE-0004-E-1"
      },
      "effectiveDateTime": "2020-05-03T00:00:00+02:00",
      "dosage": [ {
        "doseAndRate": [ {
          "doseQuantity": {
            "value": 1,
            "unit": "Fertigspritzen",
            "system": "http://unitsofmeasure.org",
            "code": "1"
          }
        } ]
      } ]
    },
    "request": {
      "method": "PUT",
      "url": "MedicationStatement/UKE-0004-E-1-MS-19"
    }
  }, {
    "fullUrl": "MedicationStatement/UKE-0004-E-1-MS-20",
    "resource": {
      "resourceType": "MedicationStatement",
      "id": "UKE-0004-E-1-MS-20",
      "meta": {
        "profile": [ "https://www.medizininformatik-initiative.de/fhir/core/modul-medikation/StructureDefinition/MedicationStatement" ]
      },
      "status": "active",
      "medicationReference": {
        "reference": "Medication/Medication-762104432"
      },
      "subject": {
        "reference": "Patient/UKE-0004"
      },
      "context": {
        "reference": "Encounter/UKE-0004-E-1"
      },
      "effectiveDateTime": "2020-05-03T00:00:00+02:00",
      "dosage": [ {
        "doseAndRate": [ {
          "doseQuantity": {
            "value": 1,
            "unit": "Tabletten",
            "system": "http://unitsofmeasure.org",
            "code": "1"
          }
        } ]
      } ]
    },
    "request": {
      "method": "PUT",
      "url": "MedicationStatement/UKE-0004-E-1-MS-20"
    }
  }, {
    "fullUrl": "MedicationStatement/UKE-0004-E-1-MS-21",
    "resource": {
      "resourceType": "MedicationStatement",
      "id": "UKE-0004-E-1-MS-21",
      "meta": {
        "profile": [ "https://www.medizininformatik-initiative.de/fhir/core/modul-medikation/StructureDefinition/MedicationStatement" ]
      },
      "status": "active",
      "medicationReference": {
        "reference": "Medication/Medication-898132273"
      },
      "subject": {
        "reference": "Patient/UKE-0004"
      },
      "context": {
        "reference": "Encounter/UKE-0004-E-1"
      },
      "effectiveDateTime": "2020-05-03T00:00:00+02:00",
      "dosage": [ {
        "doseAndRate": [ {
          "doseQuantity": {
            "value": 2,
            "unit": "Tabletten",
            "system": "http://unitsofmeasure.org",
            "code": "1"
          }
        } ]
      } ]
    },
    "request": {
      "method": "PUT",
      "url": "MedicationStatement/UKE-0004-E-1-MS-21"
    }
  }, {
    "fullUrl": "MedicationStatement/UKE-0004-E-1-MS-22",
    "resource": {
      "resourceType": "MedicationStatement",
      "id": "UKE-0004-E-1-MS-22",
      "meta": {
        "profile": [ "https://www.medizininformatik-initiative.de/fhir/core/modul-medikation/StructureDefinition/MedicationStatement" ]
      },
      "status": "active",
      "medicationReference": {
        "reference": "Medication/Medication-761180939"
      },
      "subject": {
        "reference": "Patient/UKE-0004"
      },
      "context": {
        "reference": "Encounter/UKE-0004-E-1"
      },
      "effectiveDateTime": "2020-05-03T00:00:00+02:00",
      "dosage": [ {
        "doseAndRate": [ {
          "doseQuantity": {
            "value": 2,
            "unit": "Tabletten",
            "system": "http://unitsofmeasure.org",
            "code": "1"
          }
        } ]
      } ]
    },
    "request": {
      "method": "PUT",
      "url": "MedicationStatement/UKE-0004-E-1-MS-22"
    }
  }, {
    "fullUrl": "MedicationStatement/UKE-0004-E-1-MS-23",
    "resource": {
      "resourceType": "MedicationStatement",
      "id": "UKE-0004-E-1-MS-23",
      "meta": {
        "profile": [ "https://www.medizininformatik-initiative.de/fhir/core/modul-medikation/StructureDefinition/MedicationStatement" ]
      },
      "status": "active",
      "medicationReference": {
        "reference": "Medication/Medication--992615263"
      },
      "subject": {
        "reference": "Patient/UKE-0004"
      },
      "context": {
        "reference": "Encounter/UKE-0004-E-1"
      },
      "effectiveDateTime": "2020-05-03T00:00:00+02:00",
      "dosage": [ {
        "doseAndRate": [ {
          "doseQuantity": {
            "value": 2,
            "unit": "Tabletten",
            "system": "http://unitsofmeasure.org",
            "code": "1"
          }
        } ]
      } ]
    },
    "request": {
      "method": "PUT",
      "url": "MedicationStatement/UKE-0004-E-1-MS-23"
    }
  }, {
    "fullUrl": "MedicationStatement/UKE-0004-E-1-MS-24",
    "resource": {
      "resourceType": "MedicationStatement",
      "id": "UKE-0004-E-1-MS-24",
      "meta": {
        "profile": [ "https://www.medizininformatik-initiative.de/fhir/core/modul-medikation/StructureDefinition/MedicationStatement" ]
      },
      "status": "active",
      "medicationReference": {
        "reference": "Medication/Medication-760198765"
      },
      "subject": {
        "reference": "Patient/UKE-0004"
      },
      "context": {
        "reference": "Encounter/UKE-0004-E-1"
      },
      "effectiveDateTime": "2020-05-03T00:00:00+02:00",
      "dosage": [ {
        "doseAndRate": [ {
          "doseQuantity": {
            "value": 2,
            "unit": "Tabletten",
            "system": "http://unitsofmeasure.org",
            "code": "1"
          }
        } ]
      } ]
    },
    "request": {
      "method": "PUT",
      "url": "MedicationStatement/UKE-0004-E-1-MS-24"
    }
  }, {
    "fullUrl": "MedicationStatement/UKE-0004-E-1-MS-25",
    "resource": {
      "resourceType": "MedicationStatement",
      "id": "UKE-0004-E-1-MS-25",
      "meta": {
        "profile": [ "https://www.medizininformatik-initiative.de/fhir/core/modul-medikation/StructureDefinition/MedicationStatement" ]
      },
      "status": "active",
      "medicationReference": {
        "reference": "Medication/Medication-761180910"
      },
      "subject": {
        "reference": "Patient/UKE-0004"
      },
      "context": {
        "reference": "Encounter/UKE-0004-E-1"
      },
      "effectiveDateTime": "2020-05-03T00:00:00+02:00",
      "dosage": [ {
        "doseAndRate": [ {
          "doseQuantity": {
            "value": 2,
            "unit": "Tabletten",
            "system": "http://unitsofmeasure.org",
            "code": "1"
          }
        } ]
      } ]
    },
    "request": {
      "method": "PUT",
      "url": "MedicationStatement/UKE-0004-E-1-MS-25"
    }
  }, {
    "fullUrl": "MedicationStatement/UKE-0004-E-1-MS-26",
    "resource": {
      "resourceType": "MedicationStatement",
      "id": "UKE-0004-E-1-MS-26",
      "meta": {
        "profile": [ "https://www.medizininformatik-initiative.de/fhir/core/modul-medikation/StructureDefinition/MedicationStatement" ]
      },
      "status": "active",
      "medicationReference": {
        "reference": "Medication/Medication--992608535"
      },
      "subject": {
        "reference": "Patient/UKE-0004"
      },
      "context": {
        "reference": "Encounter/UKE-0004-E-1"
      },
      "effectiveDateTime": "2020-05-03T00:00:00+02:00",
      "dosage": [ {
        "doseAndRate": [ {
          "doseQuantity": {
            "value": 1,
            "unit": "Tabletten",
            "system": "http://unitsofmeasure.org",
            "code": "1"
          }
        } ]
      } ]
    },
    "request": {
      "method": "PUT",
      "url": "MedicationStatement/UKE-0004-E-1-MS-26"
    }
  }, {
    "fullUrl": "MedicationStatement/UKE-0004-E-1-MS-27",
    "resource": {
      "resourceType": "MedicationStatement",
      "id": "UKE-0004-E-1-MS-27",
      "meta": {
        "profile": [ "https://www.medizininformatik-initiative.de/fhir/core/modul-medikation/StructureDefinition/MedicationStatement" ]
      },
      "status": "active",
      "medicationReference": {
        "reference": "Medication/Medication--1019395450"
      },
      "subject": {
        "reference": "Patient/UKE-0004"
      },
      "context": {
        "reference": "Encounter/UKE-0004-E-1"
      },
      "effectiveDateTime": "2020-05-03T00:00:00+02:00",
      "dosage": [ {
        "doseAndRate": [ {
          "doseQuantity": {
            "value": 1,
            "unit": "Infusionslösung",
            "system": "http://unitsofmeasure.org",
            "code": "1"
          }
        } ]
      } ]
    },
    "request": {
      "method": "PUT",
      "url": "MedicationStatement/UKE-0004-E-1-MS-27"
    }
  }, {
    "fullUrl": "MedicationStatement/UKE-0004-E-1-MS-28",
    "resource": {
      "resourceType": "MedicationStatement",
      "id": "UKE-0004-E-1-MS-28",
      "meta": {
        "profile": [ "https://www.medizininformatik-initiative.de/fhir/core/modul-medikation/StructureDefinition/MedicationStatement" ]
      },
      "status": "active",
      "medicationReference": {
        "reference": "Medication/Medication--132846039"
      },
      "subject": {
        "reference": "Patient/UKE-0004"
      },
      "context": {
        "reference": "Encounter/UKE-0004-E-1"
      },
      "effectiveDateTime": "2020-05-04T00:00:00+02:00",
      "dosage": [ {
        "doseAndRate": [ {
          "doseQuantity": {
            "value": 1,
            "unit": "Fertigspritzen",
            "system": "http://unitsofmeasure.org",
            "code": "1"
          }
        } ]
      } ]
    },
    "request": {
      "method": "PUT",
      "url": "MedicationStatement/UKE-0004-E-1-MS-28"
    }
  }, {
    "fullUrl": "MedicationStatement/UKE-0004-E-1-MS-29",
    "resource": {
      "resourceType": "MedicationStatement",
      "id": "UKE-0004-E-1-MS-29",
      "meta": {
        "profile": [ "https://www.medizininformatik-initiative.de/fhir/core/modul-medikation/StructureDefinition/MedicationStatement" ]
      },
      "status": "active",
      "medicationReference": {
        "reference": "Medication/Medication-762104432"
      },
      "subject": {
        "reference": "Patient/UKE-0004"
      },
      "context": {
        "reference": "Encounter/UKE-0004-E-1"
      },
      "effectiveDateTime": "2020-05-04T00:00:00+02:00",
      "dosage": [ {
        "doseAndRate": [ {
          "doseQuantity": {
            "value": 1,
            "unit": "Tabletten",
            "system": "http://unitsofmeasure.org",
            "code": "1"
          }
        } ]
      } ]
    },
    "request": {
      "method": "PUT",
      "url": "MedicationStatement/UKE-0004-E-1-MS-29"
    }
  }, {
    "fullUrl": "MedicationStatement/UKE-0004-E-1-MS-30",
    "resource": {
      "resourceType": "MedicationStatement",
      "id": "UKE-0004-E-1-MS-30",
      "meta": {
        "profile": [ "https://www.medizininformatik-initiative.de/fhir/core/modul-medikation/StructureDefinition/MedicationStatement" ]
      },
      "status": "active",
      "medicationReference": {
        "reference": "Medication/Medication-898132273"
      },
      "subject": {
        "reference": "Patient/UKE-0004"
      },
      "context": {
        "reference": "Encounter/UKE-0004-E-1"
      },
      "effectiveDateTime": "2020-05-04T00:00:00+02:00",
      "dosage": [ {
        "doseAndRate": [ {
          "doseQuantity": {
            "value": 2,
            "unit": "Tabletten",
            "system": "http://unitsofmeasure.org",
            "code": "1"
          }
        } ]
      } ]
    },
    "request": {
      "method": "PUT",
      "url": "MedicationStatement/UKE-0004-E-1-MS-30"
    }
  }, {
    "fullUrl": "MedicationStatement/UKE-0004-E-1-MS-31",
    "resource": {
      "resourceType": "MedicationStatement",
      "id": "UKE-0004-E-1-MS-31",
      "meta": {
        "profile": [ "https://www.medizininformatik-initiative.de/fhir/core/modul-medikation/StructureDefinition/MedicationStatement" ]
      },
      "status": "active",
      "medicationReference": {
        "reference": "Medication/Medication-761180939"
      },
      "subject": {
        "reference": "Patient/UKE-0004"
      },
      "context": {
        "reference": "Encounter/UKE-0004-E-1"
      },
      "effectiveDateTime": "2020-05-04T00:00:00+02:00",
      "dosage": [ {
        "doseAndRate": [ {
          "doseQuantity": {
            "value": 2,
            "unit": "Tabletten",
            "system": "http://unitsofmeasure.org",
            "code": "1"
          }
        } ]
      } ]
    },
    "request": {
      "method": "PUT",
      "url": "MedicationStatement/UKE-0004-E-1-MS-31"
    }
  }, {
    "fullUrl": "MedicationStatement/UKE-0004-E-1-MS-32",
    "resource": {
      "resourceType": "MedicationStatement",
      "id": "UKE-0004-E-1-MS-32",
      "meta": {
        "profile": [ "https://www.medizininformatik-initiative.de/fhir/core/modul-medikation/StructureDefinition/MedicationStatement" ]
      },
      "status": "active",
      "medicationReference": {
        "reference": "Medication/Medication--992615263"
      },
      "subject": {
        "reference": "Patient/UKE-0004"
      },
      "context": {
        "reference": "Encounter/UKE-0004-E-1"
      },
      "effectiveDateTime": "2020-05-04T00:00:00+02:00",
      "dosage": [ {
        "doseAndRate": [ {
          "doseQuantity": {
            "value": 2,
            "unit": "Tabletten",
            "system": "http://unitsofmeasure.org",
            "code": "1"
          }
        } ]
      } ]
    },
    "request": {
      "method": "PUT",
      "url": "MedicationStatement/UKE-0004-E-1-MS-32"
    }
  }, {
    "fullUrl": "MedicationStatement/UKE-0004-E-1-MS-33",
    "resource": {
      "resourceType": "MedicationStatement",
      "id": "UKE-0004-E-1-MS-33",
      "meta": {
        "profile": [ "https://www.medizininformatik-initiative.de/fhir/core/modul-medikation/StructureDefinition/MedicationStatement" ]
      },
      "status": "active",
      "medicationReference": {
        "reference": "Medication/Medication-760198765"
      },
      "subject": {
        "reference": "Patient/UKE-0004"
      },
      "context": {
        "reference": "Encounter/UKE-0004-E-1"
      },
      "effectiveDateTime": "2020-05-04T00:00:00+02:00",
      "dosage": [ {
        "doseAndRate": [ {
          "doseQuantity": {
            "value": 2,
            "unit": "Tabletten",
            "system": "http://unitsofmeasure.org",
            "code": "1"
          }
        } ]
      } ]
    },
    "request": {
      "method": "PUT",
      "url": "MedicationStatement/UKE-0004-E-1-MS-33"
    }
  }, {
    "fullUrl": "MedicationStatement/UKE-0004-E-1-MS-34",
    "resource": {
      "resourceType": "MedicationStatement",
      "id": "UKE-0004-E-1-MS-34",
      "meta": {
        "profile": [ "https://www.medizininformatik-initiative.de/fhir/core/modul-medikation/StructureDefinition/MedicationStatement" ]
      },
      "status": "active",
      "medicationReference": {
        "reference": "Medication/Medication-761180910"
      },
      "subject": {
        "reference": "Patient/UKE-0004"
      },
      "context": {
        "reference": "Encounter/UKE-0004-E-1"
      },
      "effectiveDateTime": "2020-05-04T00:00:00+02:00",
      "dosage": [ {
        "doseAndRate": [ {
          "doseQuantity": {
            "value": 2,
            "unit": "Tabletten",
            "system": "http://unitsofmeasure.org",
            "code": "1"
          }
        } ]
      } ]
    },
    "request": {
      "method": "PUT",
      "url": "MedicationStatement/UKE-0004-E-1-MS-34"
    }
  }, {
    "fullUrl": "MedicationStatement/UKE-0004-E-1-MS-35",
    "resource": {
      "resourceType": "MedicationStatement",
      "id": "UKE-0004-E-1-MS-35",
      "meta": {
        "profile": [ "https://www.medizininformatik-initiative.de/fhir/core/modul-medikation/StructureDefinition/MedicationStatement" ]
      },
      "status": "active",
      "medicationReference": {
        "reference": "Medication/Medication--992608535"
      },
      "subject": {
        "reference": "Patient/UKE-0004"
      },
      "context": {
        "reference": "Encounter/UKE-0004-E-1"
      },
      "effectiveDateTime": "2020-05-04T00:00:00+02:00",
      "dosage": [ {
        "doseAndRate": [ {
          "doseQuantity": {
            "value": 1,
            "unit": "Tabletten",
            "system": "http://unitsofmeasure.org",
            "code": "1"
          }
        } ]
      } ]
    },
    "request": {
      "method": "PUT",
      "url": "MedicationStatement/UKE-0004-E-1-MS-35"
    }
  }, {
    "fullUrl": "MedicationStatement/UKE-0004-E-1-MS-36",
    "resource": {
      "resourceType": "MedicationStatement",
      "id": "UKE-0004-E-1-MS-36",
      "meta": {
        "profile": [ "https://www.medizininformatik-initiative.de/fhir/core/modul-medikation/StructureDefinition/MedicationStatement" ]
      },
      "status": "active",
      "medicationReference": {
        "reference": "Medication/Medication--1019395450"
      },
      "subject": {
        "reference": "Patient/UKE-0004"
      },
      "context": {
        "reference": "Encounter/UKE-0004-E-1"
      },
      "effectiveDateTime": "2020-05-04T00:00:00+02:00",
      "dosage": [ {
        "doseAndRate": [ {
          "doseQuantity": {
            "value": 1,
            "unit": "Infusionslösung",
            "system": "http://unitsofmeasure.org",
            "code": "1"
          }
        } ]
      } ]
    },
    "request": {
      "method": "PUT",
      "url": "MedicationStatement/UKE-0004-E-1-MS-36"
    }
  }, {
    "fullUrl": "MedicationStatement/UKE-0004-E-1-MS-37",
    "resource": {
      "resourceType": "MedicationStatement",
      "id": "UKE-0004-E-1-MS-37",
      "meta": {
        "profile": [ "https://www.medizininformatik-initiative.de/fhir/core/modul-medikation/StructureDefinition/MedicationStatement" ]
      },
      "status": "active",
      "medicationReference": {
        "reference": "Medication/Medication--132846039"
      },
      "subject": {
        "reference": "Patient/UKE-0004"
      },
      "context": {
        "reference": "Encounter/UKE-0004-E-1"
      },
      "effectiveDateTime": "2020-05-05T00:00:00+02:00",
      "dosage": [ {
        "doseAndRate": [ {
          "doseQuantity": {
            "value": 1,
            "unit": "Fertigspritzen",
            "system": "http://unitsofmeasure.org",
            "code": "1"
          }
        } ]
      } ]
    },
    "request": {
      "method": "PUT",
      "url": "MedicationStatement/UKE-0004-E-1-MS-37"
    }
  }, {
    "fullUrl": "MedicationStatement/UKE-0004-E-1-MS-38",
    "resource": {
      "resourceType": "MedicationStatement",
      "id": "UKE-0004-E-1-MS-38",
      "meta": {
        "profile": [ "https://www.medizininformatik-initiative.de/fhir/core/modul-medikation/StructureDefinition/MedicationStatement" ]
      },
      "status": "active",
      "medicationReference": {
        "reference": "Medication/Medication-762104432"
      },
      "subject": {
        "reference": "Patient/UKE-0004"
      },
      "context": {
        "reference": "Encounter/UKE-0004-E-1"
      },
      "effectiveDateTime": "2020-05-05T00:00:00+02:00",
      "dosage": [ {
        "doseAndRate": [ {
          "doseQuantity": {
            "value": 1,
            "unit": "Tabletten",
            "system": "http://unitsofmeasure.org",
            "code": "1"
          }
        } ]
      } ]
    },
    "request": {
      "method": "PUT",
      "url": "MedicationStatement/UKE-0004-E-1-MS-38"
    }
  }, {
    "fullUrl": "MedicationStatement/UKE-0004-E-1-MS-39",
    "resource": {
      "resourceType": "MedicationStatement",
      "id": "UKE-0004-E-1-MS-39",
      "meta": {
        "profile": [ "https://www.medizininformatik-initiative.de/fhir/core/modul-medikation/StructureDefinition/MedicationStatement" ]
      },
      "status": "active",
      "medicationReference": {
        "reference": "Medication/Medication-898132273"
      },
      "subject": {
        "reference": "Patient/UKE-0004"
      },
      "context": {
        "reference": "Encounter/UKE-0004-E-1"
      },
      "effectiveDateTime": "2020-05-05T00:00:00+02:00",
      "dosage": [ {
        "doseAndRate": [ {
          "doseQuantity": {
            "value": 2,
            "unit": "Tabletten",
            "system": "http://unitsofmeasure.org",
            "code": "1"
          }
        } ]
      } ]
    },
    "request": {
      "method": "PUT",
      "url": "MedicationStatement/UKE-0004-E-1-MS-39"
    }
  }, {
    "fullUrl": "MedicationStatement/UKE-0004-E-1-MS-40",
    "resource": {
      "resourceType": "MedicationStatement",
      "id": "UKE-0004-E-1-MS-40",
      "meta": {
        "profile": [ "https://www.medizininformatik-initiative.de/fhir/core/modul-medikation/StructureDefinition/MedicationStatement" ]
      },
      "status": "active",
      "medicationReference": {
        "reference": "Medication/Medication-761180939"
      },
      "subject": {
        "reference": "Patient/UKE-0004"
      },
      "context": {
        "reference": "Encounter/UKE-0004-E-1"
      },
      "effectiveDateTime": "2020-05-05T00:00:00+02:00",
      "dosage": [ {
        "doseAndRate": [ {
          "doseQuantity": {
            "value": 2,
            "unit": "Tabletten",
            "system": "http://unitsofmeasure.org",
            "code": "1"
          }
        } ]
      } ]
    },
    "request": {
      "method": "PUT",
      "url": "MedicationStatement/UKE-0004-E-1-MS-40"
    }
  }, {
    "fullUrl": "MedicationStatement/UKE-0004-E-1-MS-41",
    "resource": {
      "resourceType": "MedicationStatement",
      "id": "UKE-0004-E-1-MS-41",
      "meta": {
        "profile": [ "https://www.medizininformatik-initiative.de/fhir/core/modul-medikation/StructureDefinition/MedicationStatement" ]
      },
      "status": "active",
      "medicationReference": {
        "reference": "Medication/Medication--992615263"
      },
      "subject": {
        "reference": "Patient/UKE-0004"
      },
      "context": {
        "reference": "Encounter/UKE-0004-E-1"
      },
      "effectiveDateTime": "2020-05-05T00:00:00+02:00",
      "dosage": [ {
        "doseAndRate": [ {
          "doseQuantity": {
            "value": 2,
            "unit": "Tabletten",
            "system": "http://unitsofmeasure.org",
            "code": "1"
          }
        } ]
      } ]
    },
    "request": {
      "method": "PUT",
      "url": "MedicationStatement/UKE-0004-E-1-MS-41"
    }
  }, {
    "fullUrl": "MedicationStatement/UKE-0004-E-1-MS-42",
    "resource": {
      "resourceType": "MedicationStatement",
      "id": "UKE-0004-E-1-MS-42",
      "meta": {
        "profile": [ "https://www.medizininformatik-initiative.de/fhir/core/modul-medikation/StructureDefinition/MedicationStatement" ]
      },
      "status": "active",
      "medicationReference": {
        "reference": "Medication/Medication-760198765"
      },
      "subject": {
        "reference": "Patient/UKE-0004"
      },
      "context": {
        "reference": "Encounter/UKE-0004-E-1"
      },
      "effectiveDateTime": "2020-05-05T00:00:00+02:00",
      "dosage": [ {
        "doseAndRate": [ {
          "doseQuantity": {
            "value": 2,
            "unit": "Tabletten",
            "system": "http://unitsofmeasure.org",
            "code": "1"
          }
        } ]
      } ]
    },
    "request": {
      "method": "PUT",
      "url": "MedicationStatement/UKE-0004-E-1-MS-42"
    }
  }, {
    "fullUrl": "MedicationStatement/UKE-0004-E-1-MS-43",
    "resource": {
      "resourceType": "MedicationStatement",
      "id": "UKE-0004-E-1-MS-43",
      "meta": {
        "profile": [ "https://www.medizininformatik-initiative.de/fhir/core/modul-medikation/StructureDefinition/MedicationStatement" ]
      },
      "status": "active",
      "medicationReference": {
        "reference": "Medication/Medication-761180910"
      },
      "subject": {
        "reference": "Patient/UKE-0004"
      },
      "context": {
        "reference": "Encounter/UKE-0004-E-1"
      },
      "effectiveDateTime": "2020-05-05T00:00:00+02:00",
      "dosage": [ {
        "doseAndRate": [ {
          "doseQuantity": {
            "value": 2,
            "unit": "Tabletten",
            "system": "http://unitsofmeasure.org",
            "code": "1"
          }
        } ]
      } ]
    },
    "request": {
      "method": "PUT",
      "url": "MedicationStatement/UKE-0004-E-1-MS-43"
    }
  }, {
    "fullUrl": "MedicationStatement/UKE-0004-E-1-MS-44",
    "resource": {
      "resourceType": "MedicationStatement",
      "id": "UKE-0004-E-1-MS-44",
      "meta": {
        "profile": [ "https://www.medizininformatik-initiative.de/fhir/core/modul-medikation/StructureDefinition/MedicationStatement" ]
      },
      "status": "active",
      "medicationReference": {
        "reference": "Medication/Medication--992608535"
      },
      "subject": {
        "reference": "Patient/UKE-0004"
      },
      "context": {
        "reference": "Encounter/UKE-0004-E-1"
      },
      "effectiveDateTime": "2020-05-05T00:00:00+02:00",
      "dosage": [ {
        "doseAndRate": [ {
          "doseQuantity": {
            "value": 1,
            "unit": "Tabletten",
            "system": "http://unitsofmeasure.org",
            "code": "1"
          }
        } ]
      } ]
    },
    "request": {
      "method": "PUT",
      "url": "MedicationStatement/UKE-0004-E-1-MS-44"
    }
  }, {
    "fullUrl": "MedicationStatement/UKE-0004-E-1-MS-45",
    "resource": {
      "resourceType": "MedicationStatement",
      "id": "UKE-0004-E-1-MS-45",
      "meta": {
        "profile": [ "https://www.medizininformatik-initiative.de/fhir/core/modul-medikation/StructureDefinition/MedicationStatement" ]
      },
      "status": "active",
      "medicationReference": {
        "reference": "Medication/Medication--1019395450"
      },
      "subject": {
        "reference": "Patient/UKE-0004"
      },
      "context": {
        "reference": "Encounter/UKE-0004-E-1"
      },
      "effectiveDateTime": "2020-05-05T00:00:00+02:00",
      "dosage": [ {
        "doseAndRate": [ {
          "doseQuantity": {
            "value": 1,
            "unit": "Infusionslösung",
            "system": "http://unitsofmeasure.org",
            "code": "1"
          }
        } ]
      } ]
    },
    "request": {
      "method": "PUT",
      "url": "MedicationStatement/UKE-0004-E-1-MS-45"
    }
  }, {
    "fullUrl": "MedicationStatement/UKE-0004-E-1-MS-46",
    "resource": {
      "resourceType": "MedicationStatement",
      "id": "UKE-0004-E-1-MS-46",
      "meta": {
        "profile": [ "https://www.medizininformatik-initiative.de/fhir/core/modul-medikation/StructureDefinition/MedicationStatement" ]
      },
      "status": "active",
      "medicationReference": {
        "reference": "Medication/Medication--132846039"
      },
      "subject": {
        "reference": "Patient/UKE-0004"
      },
      "context": {
        "reference": "Encounter/UKE-0004-E-1"
      },
      "effectiveDateTime": "2020-05-06T00:00:00+02:00",
      "dosage": [ {
        "doseAndRate": [ {
          "doseQuantity": {
            "value": 1,
            "unit": "Fertigspritzen",
            "system": "http://unitsofmeasure.org",
            "code": "1"
          }
        } ]
      } ]
    },
    "request": {
      "method": "PUT",
      "url": "MedicationStatement/UKE-0004-E-1-MS-46"
    }
  }, {
    "fullUrl": "MedicationStatement/UKE-0004-E-1-MS-47",
    "resource": {
      "resourceType": "MedicationStatement",
      "id": "UKE-0004-E-1-MS-47",
      "meta": {
        "profile": [ "https://www.medizininformatik-initiative.de/fhir/core/modul-medikation/StructureDefinition/MedicationStatement" ]
      },
      "status": "active",
      "medicationReference": {
        "reference": "Medication/Medication-762104432"
      },
      "subject": {
        "reference": "Patient/UKE-0004"
      },
      "context": {
        "reference": "Encounter/UKE-0004-E-1"
      },
      "effectiveDateTime": "2020-05-06T00:00:00+02:00",
      "dosage": [ {
        "doseAndRate": [ {
          "doseQuantity": {
            "value": 1,
            "unit": "Tabletten",
            "system": "http://unitsofmeasure.org",
            "code": "1"
          }
        } ]
      } ]
    },
    "request": {
      "method": "PUT",
      "url": "MedicationStatement/UKE-0004-E-1-MS-47"
    }
  }, {
    "fullUrl": "MedicationStatement/UKE-0004-E-1-MS-48",
    "resource": {
      "resourceType": "MedicationStatement",
      "id": "UKE-0004-E-1-MS-48",
      "meta": {
        "profile": [ "https://www.medizininformatik-initiative.de/fhir/core/modul-medikation/StructureDefinition/MedicationStatement" ]
      },
      "status": "active",
      "medicationReference": {
        "reference": "Medication/Medication-898132273"
      },
      "subject": {
        "reference": "Patient/UKE-0004"
      },
      "context": {
        "reference": "Encounter/UKE-0004-E-1"
      },
      "effectiveDateTime": "2020-05-06T00:00:00+02:00",
      "dosage": [ {
        "doseAndRate": [ {
          "doseQuantity": {
            "value": 2,
            "unit": "Tabletten",
            "system": "http://unitsofmeasure.org",
            "code": "1"
          }
        } ]
      } ]
    },
    "request": {
      "method": "PUT",
      "url": "MedicationStatement/UKE-0004-E-1-MS-48"
    }
  }, {
    "fullUrl": "MedicationStatement/UKE-0004-E-1-MS-49",
    "resource": {
      "resourceType": "MedicationStatement",
      "id": "UKE-0004-E-1-MS-49",
      "meta": {
        "profile": [ "https://www.medizininformatik-initiative.de/fhir/core/modul-medikation/StructureDefinition/MedicationStatement" ]
      },
      "status": "active",
      "medicationReference": {
        "reference": "Medication/Medication-761180939"
      },
      "subject": {
        "reference": "Patient/UKE-0004"
      },
      "context": {
        "reference": "Encounter/UKE-0004-E-1"
      },
      "effectiveDateTime": "2020-05-06T00:00:00+02:00",
      "dosage": [ {
        "doseAndRate": [ {
          "doseQuantity": {
            "value": 2,
            "unit": "Tabletten",
            "system": "http://unitsofmeasure.org",
            "code": "1"
          }
        } ]
      } ]
    },
    "request": {
      "method": "PUT",
      "url": "MedicationStatement/UKE-0004-E-1-MS-49"
    }
  }, {
    "fullUrl": "MedicationStatement/UKE-0004-E-1-MS-50",
    "resource": {
      "resourceType": "MedicationStatement",
      "id": "UKE-0004-E-1-MS-50",
      "meta": {
        "profile": [ "https://www.medizininformatik-initiative.de/fhir/core/modul-medikation/StructureDefinition/MedicationStatement" ]
      },
      "status": "active",
      "medicationReference": {
        "reference": "Medication/Medication--992615263"
      },
      "subject": {
        "reference": "Patient/UKE-0004"
      },
      "context": {
        "reference": "Encounter/UKE-0004-E-1"
      },
      "effectiveDateTime": "2020-05-06T00:00:00+02:00",
      "dosage": [ {
        "doseAndRate": [ {
          "doseQuantity": {
            "value": 2,
            "unit": "Tabletten",
            "system": "http://unitsofmeasure.org",
            "code": "1"
          }
        } ]
      } ]
    },
    "request": {
      "method": "PUT",
      "url": "MedicationStatement/UKE-0004-E-1-MS-50"
    }
  }, {
    "fullUrl": "MedicationStatement/UKE-0004-E-1-MS-51",
    "resource": {
      "resourceType": "MedicationStatement",
      "id": "UKE-0004-E-1-MS-51",
      "meta": {
        "profile": [ "https://www.medizininformatik-initiative.de/fhir/core/modul-medikation/StructureDefinition/MedicationStatement" ]
      },
      "status": "active",
      "medicationReference": {
        "reference": "Medication/Medication-760198765"
      },
      "subject": {
        "reference": "Patient/UKE-0004"
      },
      "context": {
        "reference": "Encounter/UKE-0004-E-1"
      },
      "effectiveDateTime": "2020-05-06T00:00:00+02:00",
      "dosage": [ {
        "doseAndRate": [ {
          "doseQuantity": {
            "value": 2,
            "unit": "Tabletten",
            "system": "http://unitsofmeasure.org",
            "code": "1"
          }
        } ]
      } ]
    },
    "request": {
      "method": "PUT",
      "url": "MedicationStatement/UKE-0004-E-1-MS-51"
    }
  }, {
    "fullUrl": "MedicationStatement/UKE-0004-E-1-MS-52",
    "resource": {
      "resourceType": "MedicationStatement",
      "id": "UKE-0004-E-1-MS-52",
      "meta": {
        "profile": [ "https://www.medizininformatik-initiative.de/fhir/core/modul-medikation/StructureDefinition/MedicationStatement" ]
      },
      "status": "active",
      "medicationReference": {
        "reference": "Medication/Medication-761180910"
      },
      "subject": {
        "reference": "Patient/UKE-0004"
      },
      "context": {
        "reference": "Encounter/UKE-0004-E-1"
      },
      "effectiveDateTime": "2020-05-06T00:00:00+02:00",
      "dosage": [ {
        "doseAndRate": [ {
          "doseQuantity": {
            "value": 2,
            "unit": "Tabletten",
            "system": "http://unitsofmeasure.org",
            "code": "1"
          }
        } ]
      } ]
    },
    "request": {
      "method": "PUT",
      "url": "MedicationStatement/UKE-0004-E-1-MS-52"
    }
  }, {
    "fullUrl": "MedicationStatement/UKE-0004-E-1-MS-53",
    "resource": {
      "resourceType": "MedicationStatement",
      "id": "UKE-0004-E-1-MS-53",
      "meta": {
        "profile": [ "https://www.medizininformatik-initiative.de/fhir/core/modul-medikation/StructureDefinition/MedicationStatement" ]
      },
      "status": "active",
      "medicationReference": {
        "reference": "Medication/Medication--992608535"
      },
      "subject": {
        "reference": "Patient/UKE-0004"
      },
      "context": {
        "reference": "Encounter/UKE-0004-E-1"
      },
      "effectiveDateTime": "2020-05-06T00:00:00+02:00",
      "dosage": [ {
        "doseAndRate": [ {
          "doseQuantity": {
            "value": 1,
            "unit": "Tabletten",
            "system": "http://unitsofmeasure.org",
            "code": "1"
          }
        } ]
      } ]
    },
    "request": {
      "method": "PUT",
      "url": "MedicationStatement/UKE-0004-E-1-MS-53"
    }
  }, {
    "fullUrl": "MedicationStatement/UKE-0004-E-1-MS-54",
    "resource": {
      "resourceType": "MedicationStatement",
      "id": "UKE-0004-E-1-MS-54",
      "meta": {
        "profile": [ "https://www.medizininformatik-initiative.de/fhir/core/modul-medikation/StructureDefinition/MedicationStatement" ]
      },
      "status": "active",
      "medicationReference": {
        "reference": "Medication/Medication--1019395450"
      },
      "subject": {
        "reference": "Patient/UKE-0004"
      },
      "context": {
        "reference": "Encounter/UKE-0004-E-1"
      },
      "effectiveDateTime": "2020-05-06T00:00:00+02:00",
      "dosage": [ {
        "doseAndRate": [ {
          "doseQuantity": {
            "value": 1,
            "unit": "Infusionslösung",
            "system": "http://unitsofmeasure.org",
            "code": "1"
          }
        } ]
      } ]
    },
    "request": {
      "method": "PUT",
      "url": "MedicationStatement/UKE-0004-E-1-MS-54"
    }
  }, {
    "fullUrl": "MedicationStatement/UKE-0004-E-1-MS-55",
    "resource": {
      "resourceType": "MedicationStatement",
      "id": "UKE-0004-E-1-MS-55",
      "meta": {
        "profile": [ "https://www.medizininformatik-initiative.de/fhir/core/modul-medikation/StructureDefinition/MedicationStatement" ]
      },
      "status": "active",
      "medicationReference": {
        "reference": "Medication/Medication--132846039"
      },
      "subject": {
        "reference": "Patient/UKE-0004"
      },
      "context": {
        "reference": "Encounter/UKE-0004-E-1"
      },
      "effectiveDateTime": "2020-05-07T00:00:00+02:00",
      "dosage": [ {
        "doseAndRate": [ {
          "doseQuantity": {
            "value": 1,
            "unit": "Fertigspritzen",
            "system": "http://unitsofmeasure.org",
            "code": "1"
          }
        } ]
      } ]
    },
    "request": {
      "method": "PUT",
      "url": "MedicationStatement/UKE-0004-E-1-MS-55"
    }
  }, {
    "fullUrl": "MedicationStatement/UKE-0004-E-1-MS-56",
    "resource": {
      "resourceType": "MedicationStatement",
      "id": "UKE-0004-E-1-MS-56",
      "meta": {
        "profile": [ "https://www.medizininformatik-initiative.de/fhir/core/modul-medikation/StructureDefinition/MedicationStatement" ]
      },
      "status": "active",
      "medicationReference": {
        "reference": "Medication/Medication-762104432"
      },
      "subject": {
        "reference": "Patient/UKE-0004"
      },
      "context": {
        "reference": "Encounter/UKE-0004-E-1"
      },
      "effectiveDateTime": "2020-05-07T00:00:00+02:00",
      "dosage": [ {
        "doseAndRate": [ {
          "doseQuantity": {
            "value": 1,
            "unit": "Tabletten",
            "system": "http://unitsofmeasure.org",
            "code": "1"
          }
        } ]
      } ]
    },
    "request": {
      "method": "PUT",
      "url": "MedicationStatement/UKE-0004-E-1-MS-56"
    }
  }, {
    "fullUrl": "MedicationStatement/UKE-0004-E-1-MS-57",
    "resource": {
      "resourceType": "MedicationStatement",
      "id": "UKE-0004-E-1-MS-57",
      "meta": {
        "profile": [ "https://www.medizininformatik-initiative.de/fhir/core/modul-medikation/StructureDefinition/MedicationStatement" ]
      },
      "status": "active",
      "medicationReference": {
        "reference": "Medication/Medication-898132273"
      },
      "subject": {
        "reference": "Patient/UKE-0004"
      },
      "context": {
        "reference": "Encounter/UKE-0004-E-1"
      },
      "effectiveDateTime": "2020-05-07T00:00:00+02:00",
      "dosage": [ {
        "doseAndRate": [ {
          "doseQuantity": {
            "value": 2,
            "unit": "Tabletten",
            "system": "http://unitsofmeasure.org",
            "code": "1"
          }
        } ]
      } ]
    },
    "request": {
      "method": "PUT",
      "url": "MedicationStatement/UKE-0004-E-1-MS-57"
    }
  }, {
    "fullUrl": "MedicationStatement/UKE-0004-E-1-MS-58",
    "resource": {
      "resourceType": "MedicationStatement",
      "id": "UKE-0004-E-1-MS-58",
      "meta": {
        "profile": [ "https://www.medizininformatik-initiative.de/fhir/core/modul-medikation/StructureDefinition/MedicationStatement" ]
      },
      "status": "active",
      "medicationReference": {
        "reference": "Medication/Medication-761180939"
      },
      "subject": {
        "reference": "Patient/UKE-0004"
      },
      "context": {
        "reference": "Encounter/UKE-0004-E-1"
      },
      "effectiveDateTime": "2020-05-07T00:00:00+02:00",
      "dosage": [ {
        "doseAndRate": [ {
          "doseQuantity": {
            "value": 2,
            "unit": "Tabletten",
            "system": "http://unitsofmeasure.org",
            "code": "1"
          }
        } ]
      } ]
    },
    "request": {
      "method": "PUT",
      "url": "MedicationStatement/UKE-0004-E-1-MS-58"
    }
  }, {
    "fullUrl": "MedicationStatement/UKE-0004-E-1-MS-59",
    "resource": {
      "resourceType": "MedicationStatement",
      "id": "UKE-0004-E-1-MS-59",
      "meta": {
        "profile": [ "https://www.medizininformatik-initiative.de/fhir/core/modul-medikation/StructureDefinition/MedicationStatement" ]
      },
      "status": "active",
      "medicationReference": {
        "reference": "Medication/Medication--992615263"
      },
      "subject": {
        "reference": "Patient/UKE-0004"
      },
      "context": {
        "reference": "Encounter/UKE-0004-E-1"
      },
      "effectiveDateTime": "2020-05-07T00:00:00+02:00",
      "dosage": [ {
        "doseAndRate": [ {
          "doseQuantity": {
            "value": 2,
            "unit": "Tabletten",
            "system": "http://unitsofmeasure.org",
            "code": "1"
          }
        } ]
      } ]
    },
    "request": {
      "method": "PUT",
      "url": "MedicationStatement/UKE-0004-E-1-MS-59"
    }
  }, {
    "fullUrl": "MedicationStatement/UKE-0004-E-1-MS-60",
    "resource": {
      "resourceType": "MedicationStatement",
      "id": "UKE-0004-E-1-MS-60",
      "meta": {
        "profile": [ "https://www.medizininformatik-initiative.de/fhir/core/modul-medikation/StructureDefinition/MedicationStatement" ]
      },
      "status": "active",
      "medicationReference": {
        "reference": "Medication/Medication-760198765"
      },
      "subject": {
        "reference": "Patient/UKE-0004"
      },
      "context": {
        "reference": "Encounter/UKE-0004-E-1"
      },
      "effectiveDateTime": "2020-05-07T00:00:00+02:00",
      "dosage": [ {
        "doseAndRate": [ {
          "doseQuantity": {
            "value": 2,
            "unit": "Tabletten",
            "system": "http://unitsofmeasure.org",
            "code": "1"
          }
        } ]
      } ]
    },
    "request": {
      "method": "PUT",
      "url": "MedicationStatement/UKE-0004-E-1-MS-60"
    }
  }, {
    "fullUrl": "MedicationStatement/UKE-0004-E-1-MS-61",
    "resource": {
      "resourceType": "MedicationStatement",
      "id": "UKE-0004-E-1-MS-61",
      "meta": {
        "profile": [ "https://www.medizininformatik-initiative.de/fhir/core/modul-medikation/StructureDefinition/MedicationStatement" ]
      },
      "status": "active",
      "medicationReference": {
        "reference": "Medication/Medication-761180910"
      },
      "subject": {
        "reference": "Patient/UKE-0004"
      },
      "context": {
        "reference": "Encounter/UKE-0004-E-1"
      },
      "effectiveDateTime": "2020-05-07T00:00:00+02:00",
      "dosage": [ {
        "doseAndRate": [ {
          "doseQuantity": {
            "value": 2,
            "unit": "Tabletten",
            "system": "http://unitsofmeasure.org",
            "code": "1"
          }
        } ]
      } ]
    },
    "request": {
      "method": "PUT",
      "url": "MedicationStatement/UKE-0004-E-1-MS-61"
    }
  }, {
    "fullUrl": "MedicationStatement/UKE-0004-E-1-MS-62",
    "resource": {
      "resourceType": "MedicationStatement",
      "id": "UKE-0004-E-1-MS-62",
      "meta": {
        "profile": [ "https://www.medizininformatik-initiative.de/fhir/core/modul-medikation/StructureDefinition/MedicationStatement" ]
      },
      "status": "active",
      "medicationReference": {
        "reference": "Medication/Medication--992608535"
      },
      "subject": {
        "reference": "Patient/UKE-0004"
      },
      "context": {
        "reference": "Encounter/UKE-0004-E-1"
      },
      "effectiveDateTime": "2020-05-07T00:00:00+02:00",
      "dosage": [ {
        "doseAndRate": [ {
          "doseQuantity": {
            "value": 1,
            "unit": "Tabletten",
            "system": "http://unitsofmeasure.org",
            "code": "1"
          }
        } ]
      } ]
    },
    "request": {
      "method": "PUT",
      "url": "MedicationStatement/UKE-0004-E-1-MS-62"
    }
  }, {
    "fullUrl": "MedicationStatement/UKE-0004-E-1-MS-63",
    "resource": {
      "resourceType": "MedicationStatement",
      "id": "UKE-0004-E-1-MS-63",
      "meta": {
        "profile": [ "https://www.medizininformatik-initiative.de/fhir/core/modul-medikation/StructureDefinition/MedicationStatement" ]
      },
      "status": "active",
      "medicationReference": {
        "reference": "Medication/Medication--1019395450"
      },
      "subject": {
        "reference": "Patient/UKE-0004"
      },
      "context": {
        "reference": "Encounter/UKE-0004-E-1"
      },
      "effectiveDateTime": "2020-05-07T00:00:00+02:00",
      "dosage": [ {
        "doseAndRate": [ {
          "doseQuantity": {
            "value": 1,
            "unit": "Infusionslösung",
            "system": "http://unitsofmeasure.org",
            "code": "1"
          }
        } ]
      } ]
    },
    "request": {
      "method": "PUT",
      "url": "MedicationStatement/UKE-0004-E-1-MS-63"
    }
  } ]
}