{
  "resourceType": "Bundle",
  "type": "transaction",
  "entry": [ {
    "fullUrl": "Patient/UKE-0009",
    "resource": {
      "resourceType": "Patient",
      "id": "UKE-0009",
      "meta": {
        "profile": [ "https://www.medizininformatik-initiative.de/fhir/core/modul-person/StructureDefinition/Patient" ]
      },
      "identifier": [ {
        "use": "usual",
        "type": {
          "coding": [ {
            "system": "http://terminology.hl7.org/CodeSystem/v2-0203",
            "code": "MR"
          } ]
        },
        "system": "https://UKE.de/pid",
        "value": "UKE-0009"
      } ],
      "name": [ {
        "use": "official",
        "family": "p",
        "given": [ "j" ]
      } ],
      "gender": "male",
      "birthDate": "1954-01-01",
      "address": [ {
        "extension": [ {
          "url": "http://terminology.hl7.org/CodeSystem/data-absent-reason",
          "valueCode": "unknown"
        } ]
      } ],
      "generalPractitioner": [ {
        "display": "AOK"
      } ]
    },
    "request": {
      "method": "PUT",
      "url": "Patient/UKE-0009"
    }
  }, {
    "fullUrl": "Encounter/UKE-0009-E-1",
    "resource": {
      "resourceType": "Encounter",
      "id": "UKE-0009-E-1",
      "meta": {
        "profile": [ "https://www.medizininformatik-initiative.de/fhir/core/modul-fall/StructureDefinition/KontaktGesundheitseinrichtung" ]
      },
      "identifier": [ {
        "type": {
          "coding": [ {
            "system": "http://terminology.hl7.org/CodeSystem/v2-0203",
            "code": "VN"
          } ]
        },
        "_system": {
          "extension": [ {
            "url": "http://terminology.hl7.org/CodeSystem/data-absent-reason",
            "valueCode": "unknown"
          } ]
        },
        "value": "UKE-0009-E-1",
        "assigner": {
          "identifier": {
            "system": "https://www.medizininformatik-initiative.de/fhir/core/NamingSystem/org-identifier",
            "value": "UKE"
          }
        }
      } ],
      "status": "finished",
      "class": {
        "system": "http://terminology.hl7.org/CodeSystem/v3-ActCode",
        "code": "IMP",
        "display": "inpatient encounter"
      },
      "type": [ {
        "coding": [ {
          "code": "einrichtungskontakt",
          "display": "Einrichtungskontakt"
        } ]
      } ],
      "subject": {
        "reference": "Patient/UKE-0009"
      },
      "period": {
        "start": "2020-02-05T00:00:00+01:00",
        "end": "2020-02-11T00:00:00+01:00"
      },
      "diagnosis": [ {
        "condition": {
          "reference": "Condition/UKE-0009-E-1-D-1"
        },
        "use": {
          "coding": [ {
            "system": "http://terminology.hl7.org/CodeSystem/diagnosis-role",
            "code": "AD",
            "display": "Admission diagnosis"
          } ]
        }
      } ]
    },
    "request": {
      "method": "PUT",
      "url": "Encounter/UKE-0009-E-1"
    }
  }, {
    "fullUrl": "Encounter/UKE-0009-E-1-A-1",
    "resource": {
      "resourceType": "Encounter",
      "id": "UKE-0009-E-1-A-1",
      "meta": {
        "profile": [ "https://www.medizininformatik-initiative.de/fhir/core/modul-fall/StructureDefinition/KontaktGesundheitseinrichtung" ]
      },
      "status": "finished",
      "class": {
        "extension": [ {
          "url": "http://terminology.hl7.org/CodeSystem/data-absent-reason",
          "valueCode": "unknown"
        } ]
      },
      "type": [ {
        "coding": [ {
          "code": "abteilungskontakt",
          "display": "Abteilungskontakt"
        } ]
      } ],
      "serviceType": {
        "coding": [ {
          "system": "http://fhir.de/CodeSystem/dkgev/Fachabteilungsschluessel",
          "code": "0700",
          "display": "Gastroenterologie"
        } ]
      },
      "subject": {
        "reference": "Patient/UKE-0009"
      },
      "period": {
        "start": "2020-02-05T00:00:00+01:00",
        "end": "2020-02-11T00:00:00+01:00"
      },
      "diagnosis": [ {
        "condition": {
          "_reference": {
            "extension": [ {
              "url": "http://terminology.hl7.org/CodeSystem/data-absent-reason",
              "valueCode": "unknown"
            } ]
          }
        }
      } ],
      "partOf": {
        "reference": "Encounter/UKE-0009-E-1"
      }
    },
    "request": {
      "method": "PUT",
      "url": "Encounter/UKE-0009-E-1-A-1"
    }
  }, {
    "fullUrl": "Condition/UKE-0009-E-1-D-1",
    "resource": {
      "resourceType": "Condition",
      "id": "UKE-0009-E-1-D-1",
      "meta": {
        "profile": [ "https://www.medizininformatik-initiative.de/fhir/core/modul-diagnose/StructureDefinition/Diagnose" ]
      },
      "identifier": [ {
        "value": "UKE-0009-E-1-D-1"
      } ],
      "code": {
        "coding": [ {
          "system": "http://fhir.de/CodeSystem/bfarm/icd-10-gm",
          "version": "2020",
          "code": "E78.2"
        } ],
        "text": "gemischte Hyperlipidämie"
      },
      "subject": {
        "reference": "Patient/UKE-0009"
      },
      "recordedDate": "2020-02-05T00:00:00+01:00"
    },
    "request": {
      "method": "PUT",
      "url": "Condition/UKE-0009-E-1-D-1"
    }
  }, {
    "fullUrl": "Medication/Medication--132846039",
    "resource": {
      "resourceType": "Medication",
      "id": "Medication--132846039",
      "meta": {
        "profile": [ "https://www.medizininformatik-initiative.de/fhir/core/modul-medikation/StructureDefinition/Medication" ]
      },
      "identifier": [ {
        "value": "Medication--132846039"
      } ],
      "code": {
        "coding": [ {
          "system": "http://fhir.de/CodeSystem/ifa/pzn",
          "code": "05013355"
        }, {
          "system": "http://fhir.de/CodeSystem/bfarm/atc",
          "code": "B01AB05"
        } ],
        "text": "Enoxaparin natrium"
      },
      "ingredient": [ {
        "itemCodeableConcept": {
          "coding": [ {
            "system": "http://fhir.de/CodeSystem/ask",
            "_code": {
              "extension": [ {
                "url": "http://terminology.hl7.org/CodeSystem/data-absent-reason",
                "valueCode": "unknown"
              } ]
            }
          } ]
        },
        "strength": {
          "numerator": {
            "value": 40,
            "unit": "milligram",
            "system": "http://unitsofmeasure.org",
            "code": "mg"
          },
          "denominator": {
            "value": 1,
            "system": "http://XXX",
            "code": "Fertigspritzen"
          }
        }
      } ]
    },
    "request": {
      "method": "PUT",
      "url": "Medication/Medication--132846039"
    }
  }, {
    "fullUrl": "MedicationStatement/UKE-0009-E-1-MS-1",
    "resource": {
      "resourceType": "MedicationStatement",
      "id": "UKE-0009-E-1-MS-1",
      "meta": {
        "profile": [ "https://www.medizininformatik-initiative.de/fhir/core/modul-medikation/StructureDefinition/MedicationStatement" ]
      },
      "status": "active",
      "medicationReference": {
        "reference": "Medication/Medication--132846039"
      },
      "subject": {
        "reference": "Patient/UKE-0009"
      },
      "context": {
        "reference": "Encounter/UKE-0009-E-1"
      },
      "effectiveDateTime": "2020-02-05T00:00:00+01:00",
      "dosage": [ {
        "doseAndRate": [ {
          "doseQuantity": {
            "value": 1,
            "unit": "Fertigspritzen",
            "system": "http://unitsofmeasure.org",
            "code": "1"
          }
        } ]
      } ]
    },
    "request": {
      "method": "PUT",
      "url": "MedicationStatement/UKE-0009-E-1-MS-1"
    }
  }, {
    "fullUrl": "Medication/Medication--1619057103",
    "resource": {
      "resourceType": "Medication",
      "id": "Medication--1619057103",
      "meta": {
        "profile": [ "https://www.medizininformatik-initiative.de/fhir/core/modul-medikation/StructureDefinition/Medication" ]
      },
      "identifier": [ {
        "value": "Medication--1619057103"
      } ],
      "code": {
        "coding": [ {
          "system": "http://fhir.de/CodeSystem/ifa/pzn",
          "code": "04887721"
        }, {
          "system": "http://fhir.de/CodeSystem/bfarm/atc",
          "code": "J05AB01"
        } ],
        "text": "Aciclovir"
      },
      "ingredient": [ {
        "itemCodeableConcept": {
          "coding": [ {
            "system": "http://fhir.de/CodeSystem/ask",
            "_code": {
              "extension": [ {
                "url": "http://terminology.hl7.org/CodeSystem/data-absent-reason",
                "valueCode": "unknown"
              } ]
            }
          } ]
        },
        "strength": {
          "numerator": {
            "value": 400,
            "unit": "milligram",
            "system": "http://unitsofmeasure.org",
            "code": "mg"
          },
          "denominator": {
            "value": 1,
            "system": "http://XXX",
            "code": "Tabletten"
          }
        }
      } ]
    },
    "request": {
      "method": "PUT",
      "url": "Medication/Medication--1619057103"
    }
  }, {
    "fullUrl": "MedicationStatement/UKE-0009-E-1-MS-2",
    "resource": {
      "resourceType": "MedicationStatement",
      "id": "UKE-0009-E-1-MS-2",
      "meta": {
        "profile": [ "https://www.medizininformatik-initiative.de/fhir/core/modul-medikation/StructureDefinition/MedicationStatement" ]
      },
      "status": "active",
      "medicationReference": {
        "reference": "Medication/Medication--1619057103"
      },
      "subject": {
        "reference": "Patient/UKE-0009"
      },
      "context": {
        "reference": "Encounter/UKE-0009-E-1"
      },
      "effectiveDateTime": "2020-02-05T00:00:00+01:00",
      "dosage": [ {
        "doseAndRate": [ {
          "doseQuantity": {
            "value": 2,
            "unit": "Tabletten",
            "system": "http://unitsofmeasure.org",
            "code": "1"
          }
        } ]
      } ]
    },
    "request": {
      "method": "PUT",
      "url": "MedicationStatement/UKE-0009-E-1-MS-2"
    }
  }, {
    "fullUrl": "Medication/Medication--1622394655",
    "resource": {
      "resourceType": "Medication",
      "id": "Medication--1622394655",
      "meta": {
        "profile": [ "https://www.medizininformatik-initiative.de/fhir/core/modul-medikation/StructureDefinition/Medication" ]
      },
      "identifier": [ {
        "value": "Medication--1622394655"
      } ],
      "code": {
        "coding": [ {
          "system": "http://fhir.de/CodeSystem/ifa/pzn",
          "code": "02142046"
        }, {
          "system": "http://fhir.de/CodeSystem/bfarm/atc",
          "code": "J01MA02"
        } ],
        "text": "Ciprofloxacin"
      },
      "ingredient": [ {
        "itemCodeableConcept": {
          "coding": [ {
            "system": "http://fhir.de/CodeSystem/ask",
            "_code": {
              "extension": [ {
                "url": "http://terminology.hl7.org/CodeSystem/data-absent-reason",
                "valueCode": "unknown"
              } ]
            }
          } ]
        },
        "strength": {
          "numerator": {
            "value": 500,
            "unit": "milligram",
            "system": "http://unitsofmeasure.org",
            "code": "mg"
          },
          "denominator": {
            "value": 1,
            "system": "http://XXX",
            "code": "Tabletten"
          }
        }
      } ]
    },
    "request": {
      "method": "PUT",
      "url": "Medication/Medication--1622394655"
    }
  }, {
    "fullUrl": "MedicationStatement/UKE-0009-E-1-MS-3",
    "resource": {
      "resourceType": "MedicationStatement",
      "id": "UKE-0009-E-1-MS-3",
      "meta": {
        "profile": [ "https://www.medizininformatik-initiative.de/fhir/core/modul-medikation/StructureDefinition/MedicationStatement" ]
      },
      "status": "active",
      "medicationReference": {
        "reference": "Medication/Medication--1622394655"
      },
      "subject": {
        "reference": "Patient/UKE-0009"
      },
      "context": {
        "reference": "Encounter/UKE-0009-E-1"
      },
      "effectiveDateTime": "2020-02-05T00:00:00+01:00",
      "dosage": [ {
        "doseAndRate": [ {
          "doseQuantity": {
            "value": 2,
            "unit": "Tabletten",
            "system": "http://unitsofmeasure.org",
            "code": "1"
          }
        } ]
      } ]
    },
    "request": {
      "method": "PUT",
      "url": "MedicationStatement/UKE-0009-E-1-MS-3"
    }
  }, {
    "fullUrl": "Medication/Medication--1622629140",
    "resource": {
      "resourceType": "Medication",
      "id": "Medication--1622629140",
      "meta": {
        "profile": [ "https://www.medizininformatik-initiative.de/fhir/core/modul-medikation/StructureDefinition/Medication" ]
      },
      "identifier": [ {
        "value": "Medication--1622629140"
      } ],
      "code": {
        "coding": [ {
          "system": "http://fhir.de/CodeSystem/ifa/pzn",
          "code": "03758559"
        }, {
          "system": "http://fhir.de/CodeSystem/bfarm/atc",
          "code": "J01EE01"
        } ],
        "text": "Cotrimoxazol"
      },
      "ingredient": [ {
        "itemCodeableConcept": {
          "coding": [ {
            "system": "http://fhir.de/CodeSystem/ask",
            "_code": {
              "extension": [ {
                "url": "http://terminology.hl7.org/CodeSystem/data-absent-reason",
                "valueCode": "unknown"
              } ]
            }
          } ]
        },
        "strength": {
          "numerator": {
            "value": 960,
            "unit": "milligram",
            "system": "http://unitsofmeasure.org",
            "code": "mg"
          },
          "denominator": {
            "value": 1,
            "system": "http://XXX",
            "code": "Tabletten"
          }
        }
      } ]
    },
    "request": {
      "method": "PUT",
      "url": "Medication/Medication--1622629140"
    }
  }, {
    "fullUrl": "MedicationStatement/UKE-0009-E-1-MS-4",
    "resource": {
      "resourceType": "MedicationStatement",
      "id": "UKE-0009-E-1-MS-4",
      "meta": {
        "profile": [ "https://www.medizininformatik-initiative.de/fhir/core/modul-medikation/StructureDefinition/MedicationStatement" ]
      },
      "status": "active",
      "medicationReference": {
        "reference": "Medication/Medication--1622629140"
      },
      "subject": {
        "reference": "Patient/UKE-0009"
      },
      "context": {
        "reference": "Encounter/UKE-0009-E-1"
      },
      "effectiveDateTime": "2020-02-05T00:00:00+01:00",
      "dosage": [ {
        "doseAndRate": [ {
          "doseQuantity": {
            "value": 2,
            "unit": "Tabletten",
            "system": "http://unitsofmeasure.org",
            "code": "1"
          }
        } ]
      } ]
    },
    "request": {
      "method": "PUT",
      "url": "MedicationStatement/UKE-0009-E-1-MS-4"
    }
  }, {
    "fullUrl": "Medication/Medication-1930959545",
    "resource": {
      "resourceType": "Medication",
      "id": "Medication-1930959545",
      "meta": {
        "profile": [ "https://www.medizininformatik-initiative.de/fhir/core/modul-medikation/StructureDefinition/Medication" ]
      },
      "identifier": [ {
        "value": "Medication-1930959545"
      } ],
      "code": {
        "coding": [ {
          "system": "http://fhir.de/CodeSystem/ifa/pzn",
          "code": "08770387"
        }, {
          "system": "http://fhir.de/CodeSystem/bfarm/atc",
          "code": "N05AD03"
        } ],
        "text": "Melperon hydrochlorid"
      },
      "ingredient": [ {
        "itemCodeableConcept": {
          "coding": [ {
            "system": "http://fhir.de/CodeSystem/ask",
            "_code": {
              "extension": [ {
                "url": "http://terminology.hl7.org/CodeSystem/data-absent-reason",
                "valueCode": "unknown"
              } ]
            }
          } ]
        },
        "strength": {
          "numerator": {
            "value": 25,
            "unit": "mg/5ml",
            "system": "http://unitsofmeasure.org",
            "code": "mg/5ml"
          },
          "denominator": {
            "value": 1,
            "system": "http://XXX",
            "code": "Lösung zum Einnehmen"
          }
        }
      } ]
    },
    "request": {
      "method": "PUT",
      "url": "Medication/Medication-1930959545"
    }
  }, {
    "fullUrl": "MedicationStatement/UKE-0009-E-1-MS-5",
    "resource": {
      "resourceType": "MedicationStatement",
      "id": "UKE-0009-E-1-MS-5",
      "meta": {
        "profile": [ "https://www.medizininformatik-initiative.de/fhir/core/modul-medikation/StructureDefinition/MedicationStatement" ]
      },
      "status": "active",
      "medicationReference": {
        "reference": "Medication/Medication-1930959545"
      },
      "subject": {
        "reference": "Patient/UKE-0009"
      },
      "context": {
        "reference": "Encounter/UKE-0009-E-1"
      },
      "effectiveDateTime": "2020-02-05T00:00:00+01:00",
      "dosage": [ {
        "doseAndRate": [ {
          "doseQuantity": {
            "value": 1,
            "unit": "Lösung zum Einnehmen",
            "system": "http://unitsofmeasure.org",
            "code": "1"
          }
        } ]
      } ]
    },
    "request": {
      "method": "PUT",
      "url": "MedicationStatement/UKE-0009-E-1-MS-5"
    }
  }, {
    "fullUrl": "Medication/Medication-1929131753",
    "resource": {
      "resourceType": "Medication",
      "id": "Medication-1929131753",
      "meta": {
        "profile": [ "https://www.medizininformatik-initiative.de/fhir/core/modul-medikation/StructureDefinition/Medication" ]
      },
      "identifier": [ {
        "value": "Medication-1929131753"
      } ],
      "code": {
        "coding": [ {
          "system": "http://fhir.de/CodeSystem/ifa/pzn",
          "code": "07153907"
        }, {
          "system": "http://fhir.de/CodeSystem/bfarm/atc",
          "code": "N03AX12"
        } ],
        "text": "Gabapentin"
      },
      "ingredient": [ {
        "itemCodeableConcept": {
          "coding": [ {
            "system": "http://fhir.de/CodeSystem/ask",
            "_code": {
              "extension": [ {
                "url": "http://terminology.hl7.org/CodeSystem/data-absent-reason",
                "valueCode": "unknown"
              } ]
            }
          } ]
        },
        "strength": {
          "numerator": {
            "value": 100,
            "unit": "milligram",
            "system": "http://unitsofmeasure.org",
            "code": "mg"
          },
          "denominator": {
            "value": 1,
            "system": "http://XXX",
            "code": "Tabletten"
          }
        }
      } ]
    },
    "request": {
      "method": "PUT",
      "url": "Medication/Medication-1929131753"
    }
  }, {
    "fullUrl": "MedicationStatement/UKE-0009-E-1-MS-6",
    "resource": {
      "resourceType": "MedicationStatement",
      "id": "UKE-0009-E-1-MS-6",
      "meta": {
        "profile": [ "https://www.medizininformatik-initiative.de/fhir/core/modul-medikation/StructureDefinition/MedicationStatement" ]
      },
      "status": "active",
      "medicationReference": {
        "reference": "Medication/Medication-1929131753"
      },
      "subject": {
        "reference": "Patient/UKE-0009"
      },
      "context": {
        "reference": "Encounter/UKE-0009-E-1"
      },
      "effectiveDateTime": "2020-02-05T00:00:00+01:00",
      "dosage": [ {
        "doseAndRate": [ {
          "doseQuantity": {
            "value": 4,
            "unit": "Tabletten",
            "system": "http://unitsofmeasure.org",
            "code": "1"
          }
        } ]
      } ]
    },
    "request": {
      "method": "PUT",
      "url": "MedicationStatement/UKE-0009-E-1-MS-6"
    }
  }, {
    "fullUrl": "Medication/Medication-1928216850",
    "resource": {
      "resourceType": "Medication",
      "id": "Medication-1928216850",
      "meta": {
        "profile": [ "https://www.medizininformatik-initiative.de/fhir/core/modul-medikation/StructureDefinition/Medication" ]
      },
      "identifier": [ {
        "value": "Medication-1928216850"
      } ],
      "code": {
        "coding": [ {
          "system": "http://fhir.de/CodeSystem/ifa/pzn",
          "code": "06882768"
        }, {
          "system": "http://fhir.de/CodeSystem/bfarm/atc",
          "code": "N02BB02"
        } ],
        "text": "Metamizol natrium-1-wasser"
      },
      "ingredient": [ {
        "itemCodeableConcept": {
          "coding": [ {
            "system": "http://fhir.de/CodeSystem/ask",
            "_code": {
              "extension": [ {
                "url": "http://terminology.hl7.org/CodeSystem/data-absent-reason",
                "valueCode": "unknown"
              } ]
            }
          } ]
        },
        "strength": {
          "numerator": {
            "value": 1000,
            "unit": "milligram",
            "system": "http://unitsofmeasure.org",
            "code": "mg"
          },
          "denominator": {
            "value": 1,
            "system": "http://XXX",
            "code": "Injektionslösung"
          }
        }
      } ]
    },
    "request": {
      "method": "PUT",
      "url": "Medication/Medication-1928216850"
    }
  }, {
    "fullUrl": "MedicationStatement/UKE-0009-E-1-MS-7",
    "resource": {
      "resourceType": "MedicationStatement",
      "id": "UKE-0009-E-1-MS-7",
      "meta": {
        "profile": [ "https://www.medizininformatik-initiative.de/fhir/core/modul-medikation/StructureDefinition/MedicationStatement" ]
      },
      "status": "active",
      "medicationReference": {
        "reference": "Medication/Medication-1928216850"
      },
      "subject": {
        "reference": "Patient/UKE-0009"
      },
      "context": {
        "reference": "Encounter/UKE-0009-E-1"
      },
      "effectiveDateTime": "2020-02-05T00:00:00+01:00",
      "dosage": [ {
        "doseAndRate": [ {
          "doseQuantity": {
            "value": 4,
            "unit": "Injektionslösung",
            "system": "http://unitsofmeasure.org",
            "code": "1"
          }
        } ]
      } ]
    },
    "request": {
      "method": "PUT",
      "url": "MedicationStatement/UKE-0009-E-1-MS-7"
    }
  }, {
    "fullUrl": "Medication/Medication--1019395450",
    "resource": {
      "resourceType": "Medication",
      "id": "Medication--1019395450",
      "meta": {
        "profile": [ "https://www.medizininformatik-initiative.de/fhir/core/modul-medikation/StructureDefinition/Medication" ]
      },
      "identifier": [ {
        "value": "Medication--1019395450"
      } ],
      "code": {
        "coding": [ {
          "system": "http://fhir.de/CodeSystem/ifa/pzn",
          "code": "11357188"
        }, {
          "system": "http://fhir.de/CodeSystem/bfarm/atc",
          "code": "A02BC02"
        } ],
        "text": "Pantoprazol"
      },
      "ingredient": [ {
        "itemCodeableConcept": {
          "coding": [ {
            "system": "http://fhir.de/CodeSystem/ask",
            "_code": {
              "extension": [ {
                "url": "http://terminology.hl7.org/CodeSystem/data-absent-reason",
                "valueCode": "unknown"
              } ]
            }
          } ]
        },
        "strength": {
          "numerator": {
            "value": 40,
            "unit": "milligram",
            "system": "http://unitsofmeasure.org",
            "code": "mg"
          },
          "denominator": {
            "value": 1,
            "system": "http://XXX",
            "code": "Tabletten"
          }
        }
      } ]
    },
    "request": {
      "method": "PUT",
      "url": "Medication/Medication--1019395450"
    }
  }, {
    "fullUrl": "MedicationStatement/UKE-0009-E-1-MS-8",
    "resource": {
      "resourceType": "MedicationStatement",
      "id": "UKE-0009-E-1-MS-8",
      "meta": {
        "profile": [ "https://www.medizininformatik-initiative.de/fhir/core/modul-medikation/StructureDefinition/MedicationStatement" ]
      },
      "status": "active",
      "medicationReference": {
        "reference": "Medication/Medication--1019395450"
      },
      "subject": {
        "reference": "Patient/UKE-0009"
      },
      "context": {
        "reference": "Encounter/UKE-0009-E-1"
      },
      "effectiveDateTime": "2020-02-05T00:00:00+01:00",
      "dosage": [ {
        "doseAndRate": [ {
          "doseQuantity": {
            "value": 1,
            "unit": "Tabletten",
            "system": "http://unitsofmeasure.org",
            "code": "1"
          }
        } ]
      } ]
    },
    "request": {
      "method": "PUT",
      "url": "MedicationStatement/UKE-0009-E-1-MS-8"
    }
  }, {
    "fullUrl": "Medication/Medication--1621826702",
    "resource": {
      "resourceType": "Medication",
      "id": "Medication--1621826702",
      "meta": {
        "profile": [ "https://www.medizininformatik-initiative.de/fhir/core/modul-medikation/StructureDefinition/Medication" ]
      },
      "identifier": [ {
        "value": "Medication--1621826702"
      } ],
      "code": {
        "coding": [ {
          "system": "http://fhir.de/CodeSystem/ifa/pzn",
          "code": "15582953"
        }, {
          "system": "http://fhir.de/CodeSystem/bfarm/atc",
          "code": "J02AC04"
        } ],
        "text": "Posaconazol"
      },
      "ingredient": [ {
        "itemCodeableConcept": {
          "coding": [ {
            "system": "http://fhir.de/CodeSystem/ask",
            "_code": {
              "extension": [ {
                "url": "http://terminology.hl7.org/CodeSystem/data-absent-reason",
                "valueCode": "unknown"
              } ]
            }
          } ]
        },
        "strength": {
          "numerator": {
            "value": 100,
            "unit": "milligram",
            "system": "http://unitsofmeasure.org",
            "code": "mg"
          },
          "denominator": {
            "value": 1,
            "system": "http://XXX",
            "code": "Tabletten"
          }
        }
      } ]
    },
    "request": {
      "method": "PUT",
      "url": "Medication/Medication--1621826702"
    }
  }, {
    "fullUrl": "MedicationStatement/UKE-0009-E-1-MS-9",
    "resource": {
      "resourceType": "MedicationStatement",
      "id": "UKE-0009-E-1-MS-9",
      "meta": {
        "profile": [ "https://www.medizininformatik-initiative.de/fhir/core/modul-medikation/StructureDefinition/MedicationStatement" ]
      },
      "status": "active",
      "medicationReference": {
        "reference": "Medication/Medication--1621826702"
      },
      "subject": {
        "reference": "Patient/UKE-0009"
      },
      "context": {
        "reference": "Encounter/UKE-0009-E-1"
      },
      "effectiveDateTime": "2020-02-05T00:00:00+01:00",
      "dosage": [ {
        "doseAndRate": [ {
          "doseQuantity": {
            "value": 3,
            "unit": "Tabletten",
            "system": "http://unitsofmeasure.org",
            "code": "1"
          }
        } ]
      } ]
    },
    "request": {
      "method": "PUT",
      "url": "MedicationStatement/UKE-0009-E-1-MS-9"
    }
  }, {
    "fullUrl": "Medication/Medication-155047881",
    "resource": {
      "resourceType": "Medication",
      "id": "Medication-155047881",
      "meta": {
        "profile": [ "https://www.medizininformatik-initiative.de/fhir/core/modul-medikation/StructureDefinition/Medication" ]
      },
      "identifier": [ {
        "value": "Medication-155047881"
      } ],
      "code": {
        "coding": [ {
          "system": "http://fhir.de/CodeSystem/ifa/pzn",
          "code": "01223216"
        }, {
          "system": "http://fhir.de/CodeSystem/bfarm/atc",
          "code": "L04AX02"
        } ],
        "text": "Thalidomid"
      },
      "ingredient": [ {
        "itemCodeableConcept": {
          "coding": [ {
            "system": "http://fhir.de/CodeSystem/ask",
            "_code": {
              "extension": [ {
                "url": "http://terminology.hl7.org/CodeSystem/data-absent-reason",
                "valueCode": "unknown"
              } ]
            }
          } ]
        },
        "strength": {
          "numerator": {
            "value": 50,
            "unit": "milligram",
            "system": "http://unitsofmeasure.org",
            "code": "mg"
          },
          "denominator": {
            "value": 1,
            "system": "http://XXX",
            "code": "Tabletten"
          }
        }
      } ]
    },
    "request": {
      "method": "PUT",
      "url": "Medication/Medication-155047881"
    }
  }, {
    "fullUrl": "MedicationStatement/UKE-0009-E-1-MS-10",
    "resource": {
      "resourceType": "MedicationStatement",
      "id": "UKE-0009-E-1-MS-10",
      "meta": {
        "profile": [ "https://www.medizininformatik-initiative.de/fhir/core/modul-medikation/StructureDefinition/MedicationStatement" ]
      },
      "status": "active",
      "medicationReference": {
        "reference": "Medication/Medication-155047881"
      },
      "subject": {
        "reference": "Patient/UKE-0009"
      },
      "context": {
        "reference": "Encounter/UKE-0009-E-1"
      },
      "effectiveDateTime": "2020-02-05T00:00:00+01:00",
      "dosage": [ {
        "doseAndRate": [ {
          "doseQuantity": {
            "value": 2,
            "unit": "Tabletten",
            "system": "http://unitsofmeasure.org",
            "code": "1"
          }
        } ]
      } ]
    },
    "request": {
      "method": "PUT",
      "url": "MedicationStatement/UKE-0009-E-1-MS-10"
    }
  }, {
    "fullUrl": "MedicationStatement/UKE-0009-E-1-MS-11",
    "resource": {
      "resourceType": "MedicationStatement",
      "id": "UKE-0009-E-1-MS-11",
      "meta": {
        "profile": [ "https://www.medizininformatik-initiative.de/fhir/core/modul-medikation/StructureDefinition/MedicationStatement" ]
      },
      "status": "active",
      "medicationReference": {
        "reference": "Medication/Medication--132846039"
      },
      "subject": {
        "reference": "Patient/UKE-0009"
      },
      "context": {
        "reference": "Encounter/UKE-0009-E-1"
      },
      "effectiveDateTime": "2020-02-06T00:00:00+01:00",
      "dosage": [ {
        "doseAndRate": [ {
          "doseQuantity": {
            "value": 1,
            "unit": "Fertigspritzen",
            "system": "http://unitsofmeasure.org",
            "code": "1"
          }
        } ]
      } ]
    },
    "request": {
      "method": "PUT",
      "url": "MedicationStatement/UKE-0009-E-1-MS-11"
    }
  }, {
    "fullUrl": "MedicationStatement/UKE-0009-E-1-MS-12",
    "resource": {
      "resourceType": "MedicationStatement",
      "id": "UKE-0009-E-1-MS-12",
      "meta": {
        "profile": [ "https://www.medizininformatik-initiative.de/fhir/core/modul-medikation/StructureDefinition/MedicationStatement" ]
      },
      "status": "active",
      "medicationReference": {
        "reference": "Medication/Medication--1619057103"
      },
      "subject": {
        "reference": "Patient/UKE-0009"
      },
      "context": {
        "reference": "Encounter/UKE-0009-E-1"
      },
      "effectiveDateTime": "2020-02-06T00:00:00+01:00",
      "dosage": [ {
        "doseAndRate": [ {
          "doseQuantity": {
            "value": 2,
            "unit": "Tabletten",
            "system": "http://unitsofmeasure.org",
            "code": "1"
          }
        } ]
      } ]
    },
    "request": {
      "method": "PUT",
      "url": "MedicationStatement/UKE-0009-E-1-MS-12"
    }
  }, {
    "fullUrl": "MedicationStatement/UKE-0009-E-1-MS-13",
    "resource": {
      "resourceType": "MedicationStatement",
      "id": "UKE-0009-E-1-MS-13",
      "meta": {
        "profile": [ "https://www.medizininformatik-initiative.de/fhir/core/modul-medikation/StructureDefinition/MedicationStatement" ]
      },
      "status": "active",
      "medicationReference": {
        "reference": "Medication/Medication--1622394655"
      },
      "subject": {
        "reference": "Patient/UKE-0009"
      },
      "context": {
        "reference": "Encounter/UKE-0009-E-1"
      },
      "effectiveDateTime": "2020-02-06T00:00:00+01:00",
      "dosage": [ {
        "doseAndRate": [ {
          "doseQuantity": {
            "value": 2,
            "unit": "Tabletten",
            "system": "http://unitsofmeasure.org",
            "code": "1"
          }
        } ]
      } ]
    },
    "request": {
      "method": "PUT",
      "url": "MedicationStatement/UKE-0009-E-1-MS-13"
    }
  }, {
    "fullUrl": "MedicationStatement/UKE-0009-E-1-MS-14",
    "resource": {
      "resourceType": "MedicationStatement",
      "id": "UKE-0009-E-1-MS-14",
      "meta": {
        "profile": [ "https://www.medizininformatik-initiative.de/fhir/core/modul-medikation/StructureDefinition/MedicationStatement" ]
      },
      "status": "active",
      "medicationReference": {
        "reference": "Medication/Medication--1622629140"
      },
      "subject": {
        "reference": "Patient/UKE-0009"
      },
      "context": {
        "reference": "Encounter/UKE-0009-E-1"
      },
      "effectiveDateTime": "2020-02-06T00:00:00+01:00",
      "dosage": [ {
        "doseAndRate": [ {
          "doseQuantity": {
            "value": 2,
            "unit": "Tabletten",
            "system": "http://unitsofmeasure.org",
            "code": "1"
          }
        } ]
      } ]
    },
    "request": {
      "method": "PUT",
      "url": "MedicationStatement/UKE-0009-E-1-MS-14"
    }
  }, {
    "fullUrl": "MedicationStatement/UKE-0009-E-1-MS-15",
    "resource": {
      "resourceType": "MedicationStatement",
      "id": "UKE-0009-E-1-MS-15",
      "meta": {
        "profile": [ "https://www.medizininformatik-initiative.de/fhir/core/modul-medikation/StructureDefinition/MedicationStatement" ]
      },
      "status": "active",
      "medicationReference": {
        "reference": "Medication/Medication-1930959545"
      },
      "subject": {
        "reference": "Patient/UKE-0009"
      },
      "context": {
        "reference": "Encounter/UKE-0009-E-1"
      },
      "effectiveDateTime": "2020-02-06T00:00:00+01:00",
      "dosage": [ {
        "doseAndRate": [ {
          "doseQuantity": {
            "value": 1,
            "unit": "Lösung zum Einnehmen",
            "system": "http://unitsofmeasure.org",
            "code": "1"
          }
        } ]
      } ]
    },
    "request": {
      "method": "PUT",
      "url": "MedicationStatement/UKE-0009-E-1-MS-15"
    }
  }, {
    "fullUrl": "MedicationStatement/UKE-0009-E-1-MS-16",
    "resource": {
      "resourceType": "MedicationStatement",
      "id": "UKE-0009-E-1-MS-16",
      "meta": {
        "profile": [ "https://www.medizininformatik-initiative.de/fhir/core/modul-medikation/StructureDefinition/MedicationStatement" ]
      },
      "status": "active",
      "medicationReference": {
        "reference": "Medication/Medication-1929131753"
      },
      "subject": {
        "reference": "Patient/UKE-0009"
      },
      "context": {
        "reference": "Encounter/UKE-0009-E-1"
      },
      "effectiveDateTime": "2020-02-06T00:00:00+01:00",
      "dosage": [ {
        "doseAndRate": [ {
          "doseQuantity": {
            "value": 4,
            "unit": "Tabletten",
            "system": "http://unitsofmeasure.org",
            "code": "1"
          }
        } ]
      } ]
    },
    "request": {
      "method": "PUT",
      "url": "MedicationStatement/UKE-0009-E-1-MS-16"
    }
  }, {
    "fullUrl": "MedicationStatement/UKE-0009-E-1-MS-17",
    "resource": {
      "resourceType": "MedicationStatement",
      "id": "UKE-0009-E-1-MS-17",
      "meta": {
        "profile": [ "https://www.medizininformatik-initiative.de/fhir/core/modul-medikation/StructureDefinition/MedicationStatement" ]
      },
      "status": "active",
      "medicationReference": {
        "reference": "Medication/Medication-1928216850"
      },
      "subject": {
        "reference": "Patient/UKE-0009"
      },
      "context": {
        "reference": "Encounter/UKE-0009-E-1"
      },
      "effectiveDateTime": "2020-02-06T00:00:00+01:00",
      "dosage": [ {
        "doseAndRate": [ {
          "doseQuantity": {
            "value": 4,
            "unit": "Injektionslösung",
            "system": "http://unitsofmeasure.org",
            "code": "1"
          }
        } ]
      } ]
    },
    "request": {
      "method": "PUT",
      "url": "MedicationStatement/UKE-0009-E-1-MS-17"
    }
  }, {
    "fullUrl": "MedicationStatement/UKE-0009-E-1-MS-18",
    "resource": {
      "resourceType": "MedicationStatement",
      "id": "UKE-0009-E-1-MS-18",
      "meta": {
        "profile": [ "https://www.medizininformatik-initiative.de/fhir/core/modul-medikation/StructureDefinition/MedicationStatement" ]
      },
      "status": "active",
      "medicationReference": {
        "reference": "Medication/Medication--1019395450"
      },
      "subject": {
        "reference": "Patient/UKE-0009"
      },
      "context": {
        "reference": "Encounter/UKE-0009-E-1"
      },
      "effectiveDateTime": "2020-02-06T00:00:00+01:00",
      "dosage": [ {
        "doseAndRate": [ {
          "doseQuantity": {
            "value": 1,
            "unit": "Tabletten",
            "system": "http://unitsofmeasure.org",
            "code": "1"
          }
        } ]
      } ]
    },
    "request": {
      "method": "PUT",
      "url": "MedicationStatement/UKE-0009-E-1-MS-18"
    }
  }, {
    "fullUrl": "MedicationStatement/UKE-0009-E-1-MS-19",
    "resource": {
      "resourceType": "MedicationStatement",
      "id": "UKE-0009-E-1-MS-19",
      "meta": {
        "profile": [ "https://www.medizininformatik-initiative.de/fhir/core/modul-medikation/StructureDefinition/MedicationStatement" ]
      },
      "status": "active",
      "medicationReference": {
        "reference": "Medication/Medication--1621826702"
      },
      "subject": {
        "reference": "Patient/UKE-0009"
      },
      "context": {
        "reference": "Encounter/UKE-0009-E-1"
      },
      "effectiveDateTime": "2020-02-06T00:00:00+01:00",
      "dosage": [ {
        "doseAndRate": [ {
          "doseQuantity": {
            "value": 3,
            "unit": "Tabletten",
            "system": "http://unitsofmeasure.org",
            "code": "1"
          }
        } ]
      } ]
    },
    "request": {
      "method": "PUT",
      "url": "MedicationStatement/UKE-0009-E-1-MS-19"
    }
  }, {
    "fullUrl": "MedicationStatement/UKE-0009-E-1-MS-20",
    "resource": {
      "resourceType": "MedicationStatement",
      "id": "UKE-0009-E-1-MS-20",
      "meta": {
        "profile": [ "https://www.medizininformatik-initiative.de/fhir/core/modul-medikation/StructureDefinition/MedicationStatement" ]
      },
      "status": "active",
      "medicationReference": {
        "reference": "Medication/Medication-155047881"
      },
      "subject": {
        "reference": "Patient/UKE-0009"
      },
      "context": {
        "reference": "Encounter/UKE-0009-E-1"
      },
      "effectiveDateTime": "2020-02-06T00:00:00+01:00",
      "dosage": [ {
        "doseAndRate": [ {
          "doseQuantity": {
            "value": 2,
            "unit": "Tabletten",
            "system": "http://unitsofmeasure.org",
            "code": "1"
          }
        } ]
      } ]
    },
    "request": {
      "method": "PUT",
      "url": "MedicationStatement/UKE-0009-E-1-MS-20"
    }
  }, {
    "fullUrl": "MedicationStatement/UKE-0009-E-1-MS-21",
    "resource": {
      "resourceType": "MedicationStatement",
      "id": "UKE-0009-E-1-MS-21",
      "meta": {
        "profile": [ "https://www.medizininformatik-initiative.de/fhir/core/modul-medikation/StructureDefinition/MedicationStatement" ]
      },
      "status": "active",
      "medicationReference": {
        "reference": "Medication/Medication--132846039"
      },
      "subject": {
        "reference": "Patient/UKE-0009"
      },
      "context": {
        "reference": "Encounter/UKE-0009-E-1"
      },
      "effectiveDateTime": "2020-02-07T00:00:00+01:00",
      "dosage": [ {
        "doseAndRate": [ {
          "doseQuantity": {
            "value": 1,
            "unit": "Fertigspritzen",
            "system": "http://unitsofmeasure.org",
            "code": "1"
          }
        } ]
      } ]
    },
    "request": {
      "method": "PUT",
      "url": "MedicationStatement/UKE-0009-E-1-MS-21"
    }
  }, {
    "fullUrl": "MedicationStatement/UKE-0009-E-1-MS-22",
    "resource": {
      "resourceType": "MedicationStatement",
      "id": "UKE-0009-E-1-MS-22",
      "meta": {
        "profile": [ "https://www.medizininformatik-initiative.de/fhir/core/modul-medikation/StructureDefinition/MedicationStatement" ]
      },
      "status": "active",
      "medicationReference": {
        "reference": "Medication/Medication--1619057103"
      },
      "subject": {
        "reference": "Patient/UKE-0009"
      },
      "context": {
        "reference": "Encounter/UKE-0009-E-1"
      },
      "effectiveDateTime": "2020-02-07T00:00:00+01:00",
      "dosage": [ {
        "doseAndRate": [ {
          "doseQuantity": {
            "value": 2,
            "unit": "Tabletten",
            "system": "http://unitsofmeasure.org",
            "code": "1"
          }
        } ]
      } ]
    },
    "request": {
      "method": "PUT",
      "url": "MedicationStatement/UKE-0009-E-1-MS-22"
    }
  }, {
    "fullUrl": "MedicationStatement/UKE-0009-E-1-MS-23",
    "resource": {
      "resourceType": "MedicationStatement",
      "id": "UKE-0009-E-1-MS-23",
      "meta": {
        "profile": [ "https://www.medizininformatik-initiative.de/fhir/core/modul-medikation/StructureDefinition/MedicationStatement" ]
      },
      "status": "active",
      "medicationReference": {
        "reference": "Medication/Medication--1622394655"
      },
      "subject": {
        "reference": "Patient/UKE-0009"
      },
      "context": {
        "reference": "Encounter/UKE-0009-E-1"
      },
      "effectiveDateTime": "2020-02-07T00:00:00+01:00",
      "dosage": [ {
        "doseAndRate": [ {
          "doseQuantity": {
            "value": 2,
            "unit": "Tabletten",
            "system": "http://unitsofmeasure.org",
            "code": "1"
          }
        } ]
      } ]
    },
    "request": {
      "method": "PUT",
      "url": "MedicationStatement/UKE-0009-E-1-MS-23"
    }
  }, {
    "fullUrl": "MedicationStatement/UKE-0009-E-1-MS-24",
    "resource": {
      "resourceType": "MedicationStatement",
      "id": "UKE-0009-E-1-MS-24",
      "meta": {
        "profile": [ "https://www.medizininformatik-initiative.de/fhir/core/modul-medikation/StructureDefinition/MedicationStatement" ]
      },
      "status": "active",
      "medicationReference": {
        "reference": "Medication/Medication--1622629140"
      },
      "subject": {
        "reference": "Patient/UKE-0009"
      },
      "context": {
        "reference": "Encounter/UKE-0009-E-1"
      },
      "effectiveDateTime": "2020-02-07T00:00:00+01:00",
      "dosage": [ {
        "doseAndRate": [ {
          "doseQuantity": {
            "value": 2,
            "unit": "Tabletten",
            "system": "http://unitsofmeasure.org",
            "code": "1"
          }
        } ]
      } ]
    },
    "request": {
      "method": "PUT",
      "url": "MedicationStatement/UKE-0009-E-1-MS-24"
    }
  }, {
    "fullUrl": "MedicationStatement/UKE-0009-E-1-MS-25",
    "resource": {
      "resourceType": "MedicationStatement",
      "id": "UKE-0009-E-1-MS-25",
      "meta": {
        "profile": [ "https://www.medizininformatik-initiative.de/fhir/core/modul-medikation/StructureDefinition/MedicationStatement" ]
      },
      "status": "active",
      "medicationReference": {
        "reference": "Medication/Medication-1930959545"
      },
      "subject": {
        "reference": "Patient/UKE-0009"
      },
      "context": {
        "reference": "Encounter/UKE-0009-E-1"
      },
      "effectiveDateTime": "2020-02-07T00:00:00+01:00",
      "dosage": [ {
        "doseAndRate": [ {
          "doseQuantity": {
            "value": 1,
            "unit": "Lösung zum Einnehmen",
            "system": "http://unitsofmeasure.org",
            "code": "1"
          }
        } ]
      } ]
    },
    "request": {
      "method": "PUT",
      "url": "MedicationStatement/UKE-0009-E-1-MS-25"
    }
  }, {
    "fullUrl": "MedicationStatement/UKE-0009-E-1-MS-26",
    "resource": {
      "resourceType": "MedicationStatement",
      "id": "UKE-0009-E-1-MS-26",
      "meta": {
        "profile": [ "https://www.medizininformatik-initiative.de/fhir/core/modul-medikation/StructureDefinition/MedicationStatement" ]
      },
      "status": "active",
      "medicationReference": {
        "reference": "Medication/Medication-1929131753"
      },
      "subject": {
        "reference": "Patient/UKE-0009"
      },
      "context": {
        "reference": "Encounter/UKE-0009-E-1"
      },
      "effectiveDateTime": "2020-02-07T00:00:00+01:00",
      "dosage": [ {
        "doseAndRate": [ {
          "doseQuantity": {
            "value": 4,
            "unit": "Tabletten",
            "system": "http://unitsofmeasure.org",
            "code": "1"
          }
        } ]
      } ]
    },
    "request": {
      "method": "PUT",
      "url": "MedicationStatement/UKE-0009-E-1-MS-26"
    }
  }, {
    "fullUrl": "MedicationStatement/UKE-0009-E-1-MS-27",
    "resource": {
      "resourceType": "MedicationStatement",
      "id": "UKE-0009-E-1-MS-27",
      "meta": {
        "profile": [ "https://www.medizininformatik-initiative.de/fhir/core/modul-medikation/StructureDefinition/MedicationStatement" ]
      },
      "status": "active",
      "medicationReference": {
        "reference": "Medication/Medication-1928216850"
      },
      "subject": {
        "reference": "Patient/UKE-0009"
      },
      "context": {
        "reference": "Encounter/UKE-0009-E-1"
      },
      "effectiveDateTime": "2020-02-07T00:00:00+01:00",
      "dosage": [ {
        "doseAndRate": [ {
          "doseQuantity": {
            "value": 4,
            "unit": "Injektionslösung",
            "system": "http://unitsofmeasure.org",
            "code": "1"
          }
        } ]
      } ]
    },
    "request": {
      "method": "PUT",
      "url": "MedicationStatement/UKE-0009-E-1-MS-27"
    }
  }, {
    "fullUrl": "MedicationStatement/UKE-0009-E-1-MS-28",
    "resource": {
      "resourceType": "MedicationStatement",
      "id": "UKE-0009-E-1-MS-28",
      "meta": {
        "profile": [ "https://www.medizininformatik-initiative.de/fhir/core/modul-medikation/StructureDefinition/MedicationStatement" ]
      },
      "status": "active",
      "medicationReference": {
        "reference": "Medication/Medication--1019395450"
      },
      "subject": {
        "reference": "Patient/UKE-0009"
      },
      "context": {
        "reference": "Encounter/UKE-0009-E-1"
      },
      "effectiveDateTime": "2020-02-07T00:00:00+01:00",
      "dosage": [ {
        "doseAndRate": [ {
          "doseQuantity": {
            "value": 1,
            "unit": "Tabletten",
            "system": "http://unitsofmeasure.org",
            "code": "1"
          }
        } ]
      } ]
    },
    "request": {
      "method": "PUT",
      "url": "MedicationStatement/UKE-0009-E-1-MS-28"
    }
  }, {
    "fullUrl": "MedicationStatement/UKE-0009-E-1-MS-29",
    "resource": {
      "resourceType": "MedicationStatement",
      "id": "UKE-0009-E-1-MS-29",
      "meta": {
        "profile": [ "https://www.medizininformatik-initiative.de/fhir/core/modul-medikation/StructureDefinition/MedicationStatement" ]
      },
      "status": "active",
      "medicationReference": {
        "reference": "Medication/Medication--1621826702"
      },
      "subject": {
        "reference": "Patient/UKE-0009"
      },
      "context": {
        "reference": "Encounter/UKE-0009-E-1"
      },
      "effectiveDateTime": "2020-02-07T00:00:00+01:00",
      "dosage": [ {
        "doseAndRate": [ {
          "doseQuantity": {
            "value": 3,
            "unit": "Tabletten",
            "system": "http://unitsofmeasure.org",
            "code": "1"
          }
        } ]
      } ]
    },
    "request": {
      "method": "PUT",
      "url": "MedicationStatement/UKE-0009-E-1-MS-29"
    }
  }, {
    "fullUrl": "MedicationStatement/UKE-0009-E-1-MS-30",
    "resource": {
      "resourceType": "MedicationStatement",
      "id": "UKE-0009-E-1-MS-30",
      "meta": {
        "profile": [ "https://www.medizininformatik-initiative.de/fhir/core/modul-medikation/StructureDefinition/MedicationStatement" ]
      },
      "status": "active",
      "medicationReference": {
        "reference": "Medication/Medication-155047881"
      },
      "subject": {
        "reference": "Patient/UKE-0009"
      },
      "context": {
        "reference": "Encounter/UKE-0009-E-1"
      },
      "effectiveDateTime": "2020-02-07T00:00:00+01:00",
      "dosage": [ {
        "doseAndRate": [ {
          "doseQuantity": {
            "value": 2,
            "unit": "Tabletten",
            "system": "http://unitsofmeasure.org",
            "code": "1"
          }
        } ]
      } ]
    },
    "request": {
      "method": "PUT",
      "url": "MedicationStatement/UKE-0009-E-1-MS-30"
    }
  }, {
    "fullUrl": "MedicationStatement/UKE-0009-E-1-MS-31",
    "resource": {
      "resourceType": "MedicationStatement",
      "id": "UKE-0009-E-1-MS-31",
      "meta": {
        "profile": [ "https://www.medizininformatik-initiative.de/fhir/core/modul-medikation/StructureDefinition/MedicationStatement" ]
      },
      "status": "active",
      "medicationReference": {
        "reference": "Medication/Medication--132846039"
      },
      "subject": {
        "reference": "Patient/UKE-0009"
      },
      "context": {
        "reference": "Encounter/UKE-0009-E-1"
      },
      "effectiveDateTime": "2020-02-08T00:00:00+01:00",
      "dosage": [ {
        "doseAndRate": [ {
          "doseQuantity": {
            "value": 1,
            "unit": "Fertigspritzen",
            "system": "http://unitsofmeasure.org",
            "code": "1"
          }
        } ]
      } ]
    },
    "request": {
      "method": "PUT",
      "url": "MedicationStatement/UKE-0009-E-1-MS-31"
    }
  }, {
    "fullUrl": "MedicationStatement/UKE-0009-E-1-MS-32",
    "resource": {
      "resourceType": "MedicationStatement",
      "id": "UKE-0009-E-1-MS-32",
      "meta": {
        "profile": [ "https://www.medizininformatik-initiative.de/fhir/core/modul-medikation/StructureDefinition/MedicationStatement" ]
      },
      "status": "active",
      "medicationReference": {
        "reference": "Medication/Medication--1619057103"
      },
      "subject": {
        "reference": "Patient/UKE-0009"
      },
      "context": {
        "reference": "Encounter/UKE-0009-E-1"
      },
      "effectiveDateTime": "2020-02-08T00:00:00+01:00",
      "dosage": [ {
        "doseAndRate": [ {
          "doseQuantity": {
            "value": 2,
            "unit": "Tabletten",
            "system": "http://unitsofmeasure.org",
            "code": "1"
          }
        } ]
      } ]
    },
    "request": {
      "method": "PUT",
      "url": "MedicationStatement/UKE-0009-E-1-MS-32"
    }
  }, {
    "fullUrl": "MedicationStatement/UKE-0009-E-1-MS-33",
    "resource": {
      "resourceType": "MedicationStatement",
      "id": "UKE-0009-E-1-MS-33",
      "meta": {
        "profile": [ "https://www.medizininformatik-initiative.de/fhir/core/modul-medikation/StructureDefinition/MedicationStatement" ]
      },
      "status": "active",
      "medicationReference": {
        "reference": "Medication/Medication--1622394655"
      },
      "subject": {
        "reference": "Patient/UKE-0009"
      },
      "context": {
        "reference": "Encounter/UKE-0009-E-1"
      },
      "effectiveDateTime": "2020-02-08T00:00:00+01:00",
      "dosage": [ {
        "doseAndRate": [ {
          "doseQuantity": {
            "value": 2,
            "unit": "Tabletten",
            "system": "http://unitsofmeasure.org",
            "code": "1"
          }
        } ]
      } ]
    },
    "request": {
      "method": "PUT",
      "url": "MedicationStatement/UKE-0009-E-1-MS-33"
    }
  }, {
    "fullUrl": "MedicationStatement/UKE-0009-E-1-MS-34",
    "resource": {
      "resourceType": "MedicationStatement",
      "id": "UKE-0009-E-1-MS-34",
      "meta": {
        "profile": [ "https://www.medizininformatik-initiative.de/fhir/core/modul-medikation/StructureDefinition/MedicationStatement" ]
      },
      "status": "active",
      "medicationReference": {
        "reference": "Medication/Medication--1622629140"
      },
      "subject": {
        "reference": "Patient/UKE-0009"
      },
      "context": {
        "reference": "Encounter/UKE-0009-E-1"
      },
      "effectiveDateTime": "2020-02-08T00:00:00+01:00",
      "dosage": [ {
        "doseAndRate": [ {
          "doseQuantity": {
            "value": 2,
            "unit": "Tabletten",
            "system": "http://unitsofmeasure.org",
            "code": "1"
          }
        } ]
      } ]
    },
    "request": {
      "method": "PUT",
      "url": "MedicationStatement/UKE-0009-E-1-MS-34"
    }
  }, {
    "fullUrl": "MedicationStatement/UKE-0009-E-1-MS-35",
    "resource": {
      "resourceType": "MedicationStatement",
      "id": "UKE-0009-E-1-MS-35",
      "meta": {
        "profile": [ "https://www.medizininformatik-initiative.de/fhir/core/modul-medikation/StructureDefinition/MedicationStatement" ]
      },
      "status": "active",
      "medicationReference": {
        "reference": "Medication/Medication-1930959545"
      },
      "subject": {
        "reference": "Patient/UKE-0009"
      },
      "context": {
        "reference": "Encounter/UKE-0009-E-1"
      },
      "effectiveDateTime": "2020-02-08T00:00:00+01:00",
      "dosage": [ {
        "doseAndRate": [ {
          "doseQuantity": {
            "value": 1,
            "unit": "Lösung zum Einnehmen",
            "system": "http://unitsofmeasure.org",
            "code": "1"
          }
        } ]
      } ]
    },
    "request": {
      "method": "PUT",
      "url": "MedicationStatement/UKE-0009-E-1-MS-35"
    }
  }, {
    "fullUrl": "MedicationStatement/UKE-0009-E-1-MS-36",
    "resource": {
      "resourceType": "MedicationStatement",
      "id": "UKE-0009-E-1-MS-36",
      "meta": {
        "profile": [ "https://www.medizininformatik-initiative.de/fhir/core/modul-medikation/StructureDefinition/MedicationStatement" ]
      },
      "status": "active",
      "medicationReference": {
        "reference": "Medication/Medication-1929131753"
      },
      "subject": {
        "reference": "Patient/UKE-0009"
      },
      "context": {
        "reference": "Encounter/UKE-0009-E-1"
      },
      "effectiveDateTime": "2020-02-08T00:00:00+01:00",
      "dosage": [ {
        "doseAndRate": [ {
          "doseQuantity": {
            "value": 4,
            "unit": "Tabletten",
            "system": "http://unitsofmeasure.org",
            "code": "1"
          }
        } ]
      } ]
    },
    "request": {
      "method": "PUT",
      "url": "MedicationStatement/UKE-0009-E-1-MS-36"
    }
  }, {
    "fullUrl": "MedicationStatement/UKE-0009-E-1-MS-37",
    "resource": {
      "resourceType": "MedicationStatement",
      "id": "UKE-0009-E-1-MS-37",
      "meta": {
        "profile": [ "https://www.medizininformatik-initiative.de/fhir/core/modul-medikation/StructureDefinition/MedicationStatement" ]
      },
      "status": "active",
      "medicationReference": {
        "reference": "Medication/Medication-1928216850"
      },
      "subject": {
        "reference": "Patient/UKE-0009"
      },
      "context": {
        "reference": "Encounter/UKE-0009-E-1"
      },
      "effectiveDateTime": "2020-02-08T00:00:00+01:00",
      "dosage": [ {
        "doseAndRate": [ {
          "doseQuantity": {
            "value": 4,
            "unit": "Injektionslösung",
            "system": "http://unitsofmeasure.org",
            "code": "1"
          }
        } ]
      } ]
    },
    "request": {
      "method": "PUT",
      "url": "MedicationStatement/UKE-0009-E-1-MS-37"
    }
  }, {
    "fullUrl": "MedicationStatement/UKE-0009-E-1-MS-38",
    "resource": {
      "resourceType": "MedicationStatement",
      "id": "UKE-0009-E-1-MS-38",
      "meta": {
        "profile": [ "https://www.medizininformatik-initiative.de/fhir/core/modul-medikation/StructureDefinition/MedicationStatement" ]
      },
      "status": "active",
      "medicationReference": {
        "reference": "Medication/Medication--1019395450"
      },
      "subject": {
        "reference": "Patient/UKE-0009"
      },
      "context": {
        "reference": "Encounter/UKE-0009-E-1"
      },
      "effectiveDateTime": "2020-02-08T00:00:00+01:00",
      "dosage": [ {
        "doseAndRate": [ {
          "doseQuantity": {
            "value": 1,
            "unit": "Tabletten",
            "system": "http://unitsofmeasure.org",
            "code": "1"
          }
        } ]
      } ]
    },
    "request": {
      "method": "PUT",
      "url": "MedicationStatement/UKE-0009-E-1-MS-38"
    }
  }, {
    "fullUrl": "MedicationStatement/UKE-0009-E-1-MS-39",
    "resource": {
      "resourceType": "MedicationStatement",
      "id": "UKE-0009-E-1-MS-39",
      "meta": {
        "profile": [ "https://www.medizininformatik-initiative.de/fhir/core/modul-medikation/StructureDefinition/MedicationStatement" ]
      },
      "status": "active",
      "medicationReference": {
        "reference": "Medication/Medication--1621826702"
      },
      "subject": {
        "reference": "Patient/UKE-0009"
      },
      "context": {
        "reference": "Encounter/UKE-0009-E-1"
      },
      "effectiveDateTime": "2020-02-08T00:00:00+01:00",
      "dosage": [ {
        "doseAndRate": [ {
          "doseQuantity": {
            "value": 3,
            "unit": "Tabletten",
            "system": "http://unitsofmeasure.org",
            "code": "1"
          }
        } ]
      } ]
    },
    "request": {
      "method": "PUT",
      "url": "MedicationStatement/UKE-0009-E-1-MS-39"
    }
  }, {
    "fullUrl": "MedicationStatement/UKE-0009-E-1-MS-40",
    "resource": {
      "resourceType": "MedicationStatement",
      "id": "UKE-0009-E-1-MS-40",
      "meta": {
        "profile": [ "https://www.medizininformatik-initiative.de/fhir/core/modul-medikation/StructureDefinition/MedicationStatement" ]
      },
      "status": "active",
      "medicationReference": {
        "reference": "Medication/Medication-155047881"
      },
      "subject": {
        "reference": "Patient/UKE-0009"
      },
      "context": {
        "reference": "Encounter/UKE-0009-E-1"
      },
      "effectiveDateTime": "2020-02-08T00:00:00+01:00",
      "dosage": [ {
        "doseAndRate": [ {
          "doseQuantity": {
            "value": 2,
            "unit": "Tabletten",
            "system": "http://unitsofmeasure.org",
            "code": "1"
          }
        } ]
      } ]
    },
    "request": {
      "method": "PUT",
      "url": "MedicationStatement/UKE-0009-E-1-MS-40"
    }
  }, {
    "fullUrl": "MedicationStatement/UKE-0009-E-1-MS-41",
    "resource": {
      "resourceType": "MedicationStatement",
      "id": "UKE-0009-E-1-MS-41",
      "meta": {
        "profile": [ "https://www.medizininformatik-initiative.de/fhir/core/modul-medikation/StructureDefinition/MedicationStatement" ]
      },
      "status": "active",
      "medicationReference": {
        "reference": "Medication/Medication--132846039"
      },
      "subject": {
        "reference": "Patient/UKE-0009"
      },
      "context": {
        "reference": "Encounter/UKE-0009-E-1"
      },
      "effectiveDateTime": "2020-02-09T00:00:00+01:00",
      "dosage": [ {
        "doseAndRate": [ {
          "doseQuantity": {
            "value": 1,
            "unit": "Fertigspritzen",
            "system": "http://unitsofmeasure.org",
            "code": "1"
          }
        } ]
      } ]
    },
    "request": {
      "method": "PUT",
      "url": "MedicationStatement/UKE-0009-E-1-MS-41"
    }
  }, {
    "fullUrl": "MedicationStatement/UKE-0009-E-1-MS-42",
    "resource": {
      "resourceType": "MedicationStatement",
      "id": "UKE-0009-E-1-MS-42",
      "meta": {
        "profile": [ "https://www.medizininformatik-initiative.de/fhir/core/modul-medikation/StructureDefinition/MedicationStatement" ]
      },
      "status": "active",
      "medicationReference": {
        "reference": "Medication/Medication--1619057103"
      },
      "subject": {
        "reference": "Patient/UKE-0009"
      },
      "context": {
        "reference": "Encounter/UKE-0009-E-1"
      },
      "effectiveDateTime": "2020-02-09T00:00:00+01:00",
      "dosage": [ {
        "doseAndRate": [ {
          "doseQuantity": {
            "value": 2,
            "unit": "Tabletten",
            "system": "http://unitsofmeasure.org",
            "code": "1"
          }
        } ]
      } ]
    },
    "request": {
      "method": "PUT",
      "url": "MedicationStatement/UKE-0009-E-1-MS-42"
    }
  }, {
    "fullUrl": "MedicationStatement/UKE-0009-E-1-MS-43",
    "resource": {
      "resourceType": "MedicationStatement",
      "id": "UKE-0009-E-1-MS-43",
      "meta": {
        "profile": [ "https://www.medizininformatik-initiative.de/fhir/core/modul-medikation/StructureDefinition/MedicationStatement" ]
      },
      "status": "active",
      "medicationReference": {
        "reference": "Medication/Medication--1622394655"
      },
      "subject": {
        "reference": "Patient/UKE-0009"
      },
      "context": {
        "reference": "Encounter/UKE-0009-E-1"
      },
      "effectiveDateTime": "2020-02-09T00:00:00+01:00",
      "dosage": [ {
        "doseAndRate": [ {
          "doseQuantity": {
            "value": 2,
            "unit": "Tabletten",
            "system": "http://unitsofmeasure.org",
            "code": "1"
          }
        } ]
      } ]
    },
    "request": {
      "method": "PUT",
      "url": "MedicationStatement/UKE-0009-E-1-MS-43"
    }
  }, {
    "fullUrl": "MedicationStatement/UKE-0009-E-1-MS-44",
    "resource": {
      "resourceType": "MedicationStatement",
      "id": "UKE-0009-E-1-MS-44",
      "meta": {
        "profile": [ "https://www.medizininformatik-initiative.de/fhir/core/modul-medikation/StructureDefinition/MedicationStatement" ]
      },
      "status": "active",
      "medicationReference": {
        "reference": "Medication/Medication--1622629140"
      },
      "subject": {
        "reference": "Patient/UKE-0009"
      },
      "context": {
        "reference": "Encounter/UKE-0009-E-1"
      },
      "effectiveDateTime": "2020-02-09T00:00:00+01:00",
      "dosage": [ {
        "doseAndRate": [ {
          "doseQuantity": {
            "value": 2,
            "unit": "Tabletten",
            "system": "http://unitsofmeasure.org",
            "code": "1"
          }
        } ]
      } ]
    },
    "request": {
      "method": "PUT",
      "url": "MedicationStatement/UKE-0009-E-1-MS-44"
    }
  }, {
    "fullUrl": "MedicationStatement/UKE-0009-E-1-MS-45",
    "resource": {
      "resourceType": "MedicationStatement",
      "id": "UKE-0009-E-1-MS-45",
      "meta": {
        "profile": [ "https://www.medizininformatik-initiative.de/fhir/core/modul-medikation/StructureDefinition/MedicationStatement" ]
      },
      "status": "active",
      "medicationReference": {
        "reference": "Medication/Medication-1930959545"
      },
      "subject": {
        "reference": "Patient/UKE-0009"
      },
      "context": {
        "reference": "Encounter/UKE-0009-E-1"
      },
      "effectiveDateTime": "2020-02-09T00:00:00+01:00",
      "dosage": [ {
        "doseAndRate": [ {
          "doseQuantity": {
            "value": 1,
            "unit": "Lösung zum Einnehmen",
            "system": "http://unitsofmeasure.org",
            "code": "1"
          }
        } ]
      } ]
    },
    "request": {
      "method": "PUT",
      "url": "MedicationStatement/UKE-0009-E-1-MS-45"
    }
  }, {
    "fullUrl": "MedicationStatement/UKE-0009-E-1-MS-46",
    "resource": {
      "resourceType": "MedicationStatement",
      "id": "UKE-0009-E-1-MS-46",
      "meta": {
        "profile": [ "https://www.medizininformatik-initiative.de/fhir/core/modul-medikation/StructureDefinition/MedicationStatement" ]
      },
      "status": "active",
      "medicationReference": {
        "reference": "Medication/Medication-1929131753"
      },
      "subject": {
        "reference": "Patient/UKE-0009"
      },
      "context": {
        "reference": "Encounter/UKE-0009-E-1"
      },
      "effectiveDateTime": "2020-02-09T00:00:00+01:00",
      "dosage": [ {
        "doseAndRate": [ {
          "doseQuantity": {
            "value": 4,
            "unit": "Tabletten",
            "system": "http://unitsofmeasure.org",
            "code": "1"
          }
        } ]
      } ]
    },
    "request": {
      "method": "PUT",
      "url": "MedicationStatement/UKE-0009-E-1-MS-46"
    }
  }, {
    "fullUrl": "MedicationStatement/UKE-0009-E-1-MS-47",
    "resource": {
      "resourceType": "MedicationStatement",
      "id": "UKE-0009-E-1-MS-47",
      "meta": {
        "profile": [ "https://www.medizininformatik-initiative.de/fhir/core/modul-medikation/StructureDefinition/MedicationStatement" ]
      },
      "status": "active",
      "medicationReference": {
        "reference": "Medication/Medication-1928216850"
      },
      "subject": {
        "reference": "Patient/UKE-0009"
      },
      "context": {
        "reference": "Encounter/UKE-0009-E-1"
      },
      "effectiveDateTime": "2020-02-09T00:00:00+01:00",
      "dosage": [ {
        "doseAndRate": [ {
          "doseQuantity": {
            "value": 4,
            "unit": "Injektionslösung",
            "system": "http://unitsofmeasure.org",
            "code": "1"
          }
        } ]
      } ]
    },
    "request": {
      "method": "PUT",
      "url": "MedicationStatement/UKE-0009-E-1-MS-47"
    }
  }, {
    "fullUrl": "MedicationStatement/UKE-0009-E-1-MS-48",
    "resource": {
      "resourceType": "MedicationStatement",
      "id": "UKE-0009-E-1-MS-48",
      "meta": {
        "profile": [ "https://www.medizininformatik-initiative.de/fhir/core/modul-medikation/StructureDefinition/MedicationStatement" ]
      },
      "status": "active",
      "medicationReference": {
        "reference": "Medication/Medication--1019395450"
      },
      "subject": {
        "reference": "Patient/UKE-0009"
      },
      "context": {
        "reference": "Encounter/UKE-0009-E-1"
      },
      "effectiveDateTime": "2020-02-09T00:00:00+01:00",
      "dosage": [ {
        "doseAndRate": [ {
          "doseQuantity": {
            "value": 1,
            "unit": "Tabletten",
            "system": "http://unitsofmeasure.org",
            "code": "1"
          }
        } ]
      } ]
    },
    "request": {
      "method": "PUT",
      "url": "MedicationStatement/UKE-0009-E-1-MS-48"
    }
  }, {
    "fullUrl": "MedicationStatement/UKE-0009-E-1-MS-49",
    "resource": {
      "resourceType": "MedicationStatement",
      "id": "UKE-0009-E-1-MS-49",
      "meta": {
        "profile": [ "https://www.medizininformatik-initiative.de/fhir/core/modul-medikation/StructureDefinition/MedicationStatement" ]
      },
      "status": "active",
      "medicationReference": {
        "reference": "Medication/Medication--1621826702"
      },
      "subject": {
        "reference": "Patient/UKE-0009"
      },
      "context": {
        "reference": "Encounter/UKE-0009-E-1"
      },
      "effectiveDateTime": "2020-02-09T00:00:00+01:00",
      "dosage": [ {
        "doseAndRate": [ {
          "doseQuantity": {
            "value": 3,
            "unit": "Tabletten",
            "system": "http://unitsofmeasure.org",
            "code": "1"
          }
        } ]
      } ]
    },
    "request": {
      "method": "PUT",
      "url": "MedicationStatement/UKE-0009-E-1-MS-49"
    }
  }, {
    "fullUrl": "MedicationStatement/UKE-0009-E-1-MS-50",
    "resource": {
      "resourceType": "MedicationStatement",
      "id": "UKE-0009-E-1-MS-50",
      "meta": {
        "profile": [ "https://www.medizininformatik-initiative.de/fhir/core/modul-medikation/StructureDefinition/MedicationStatement" ]
      },
      "status": "active",
      "medicationReference": {
        "reference": "Medication/Medication-155047881"
      },
      "subject": {
        "reference": "Patient/UKE-0009"
      },
      "context": {
        "reference": "Encounter/UKE-0009-E-1"
      },
      "effectiveDateTime": "2020-02-09T00:00:00+01:00",
      "dosage": [ {
        "doseAndRate": [ {
          "doseQuantity": {
            "value": 2,
            "unit": "Tabletten",
            "system": "http://unitsofmeasure.org",
            "code": "1"
          }
        } ]
      } ]
    },
    "request": {
      "method": "PUT",
      "url": "MedicationStatement/UKE-0009-E-1-MS-50"
    }
  }, {
    "fullUrl": "MedicationStatement/UKE-0009-E-1-MS-51",
    "resource": {
      "resourceType": "MedicationStatement",
      "id": "UKE-0009-E-1-MS-51",
      "meta": {
        "profile": [ "https://www.medizininformatik-initiative.de/fhir/core/modul-medikation/StructureDefinition/MedicationStatement" ]
      },
      "status": "active",
      "medicationReference": {
        "reference": "Medication/Medication--132846039"
      },
      "subject": {
        "reference": "Patient/UKE-0009"
      },
      "context": {
        "reference": "Encounter/UKE-0009-E-1"
      },
      "effectiveDateTime": "2020-02-10T00:00:00+01:00",
      "dosage": [ {
        "doseAndRate": [ {
          "doseQuantity": {
            "value": 1,
            "unit": "Fertigspritzen",
            "system": "http://unitsofmeasure.org",
            "code": "1"
          }
        } ]
      } ]
    },
    "request": {
      "method": "PUT",
      "url": "MedicationStatement/UKE-0009-E-1-MS-51"
    }
  }, {
    "fullUrl": "MedicationStatement/UKE-0009-E-1-MS-52",
    "resource": {
      "resourceType": "MedicationStatement",
      "id": "UKE-0009-E-1-MS-52",
      "meta": {
        "profile": [ "https://www.medizininformatik-initiative.de/fhir/core/modul-medikation/StructureDefinition/MedicationStatement" ]
      },
      "status": "active",
      "medicationReference": {
        "reference": "Medication/Medication--1619057103"
      },
      "subject": {
        "reference": "Patient/UKE-0009"
      },
      "context": {
        "reference": "Encounter/UKE-0009-E-1"
      },
      "effectiveDateTime": "2020-02-10T00:00:00+01:00",
      "dosage": [ {
        "doseAndRate": [ {
          "doseQuantity": {
            "value": 2,
            "unit": "Tabletten",
            "system": "http://unitsofmeasure.org",
            "code": "1"
          }
        } ]
      } ]
    },
    "request": {
      "method": "PUT",
      "url": "MedicationStatement/UKE-0009-E-1-MS-52"
    }
  }, {
    "fullUrl": "MedicationStatement/UKE-0009-E-1-MS-53",
    "resource": {
      "resourceType": "MedicationStatement",
      "id": "UKE-0009-E-1-MS-53",
      "meta": {
        "profile": [ "https://www.medizininformatik-initiative.de/fhir/core/modul-medikation/StructureDefinition/MedicationStatement" ]
      },
      "status": "active",
      "medicationReference": {
        "reference": "Medication/Medication--1622394655"
      },
      "subject": {
        "reference": "Patient/UKE-0009"
      },
      "context": {
        "reference": "Encounter/UKE-0009-E-1"
      },
      "effectiveDateTime": "2020-02-10T00:00:00+01:00",
      "dosage": [ {
        "doseAndRate": [ {
          "doseQuantity": {
            "value": 2,
            "unit": "Tabletten",
            "system": "http://unitsofmeasure.org",
            "code": "1"
          }
        } ]
      } ]
    },
    "request": {
      "method": "PUT",
      "url": "MedicationStatement/UKE-0009-E-1-MS-53"
    }
  }, {
    "fullUrl": "MedicationStatement/UKE-0009-E-1-MS-54",
    "resource": {
      "resourceType": "MedicationStatement",
      "id": "UKE-0009-E-1-MS-54",
      "meta": {
        "profile": [ "https://www.medizininformatik-initiative.de/fhir/core/modul-medikation/StructureDefinition/MedicationStatement" ]
      },
      "status": "active",
      "medicationReference": {
        "reference": "Medication/Medication--1622629140"
      },
      "subject": {
        "reference": "Patient/UKE-0009"
      },
      "context": {
        "reference": "Encounter/UKE-0009-E-1"
      },
      "effectiveDateTime": "2020-02-10T00:00:00+01:00",
      "dosage": [ {
        "doseAndRate": [ {
          "doseQuantity": {
            "value": 2,
            "unit": "Tabletten",
            "system": "http://unitsofmeasure.org",
            "code": "1"
          }
        } ]
      } ]
    },
    "request": {
      "method": "PUT",
      "url": "MedicationStatement/UKE-0009-E-1-MS-54"
    }
  }, {
    "fullUrl": "MedicationStatement/UKE-0009-E-1-MS-55",
    "resource": {
      "resourceType": "MedicationStatement",
      "id": "UKE-0009-E-1-MS-55",
      "meta": {
        "profile": [ "https://www.medizininformatik-initiative.de/fhir/core/modul-medikation/StructureDefinition/MedicationStatement" ]
      },
      "status": "active",
      "medicationReference": {
        "reference": "Medication/Medication-1930959545"
      },
      "subject": {
        "reference": "Patient/UKE-0009"
      },
      "context": {
        "reference": "Encounter/UKE-0009-E-1"
      },
      "effectiveDateTime": "2020-02-10T00:00:00+01:00",
      "dosage": [ {
        "doseAndRate": [ {
          "doseQuantity": {
            "value": 1,
            "unit": "Lösung zum Einnehmen",
            "system": "http://unitsofmeasure.org",
            "code": "1"
          }
        } ]
      } ]
    },
    "request": {
      "method": "PUT",
      "url": "MedicationStatement/UKE-0009-E-1-MS-55"
    }
  }, {
    "fullUrl": "MedicationStatement/UKE-0009-E-1-MS-56",
    "resource": {
      "resourceType": "MedicationStatement",
      "id": "UKE-0009-E-1-MS-56",
      "meta": {
        "profile": [ "https://www.medizininformatik-initiative.de/fhir/core/modul-medikation/StructureDefinition/MedicationStatement" ]
      },
      "status": "active",
      "medicationReference": {
        "reference": "Medication/Medication-1929131753"
      },
      "subject": {
        "reference": "Patient/UKE-0009"
      },
      "context": {
        "reference": "Encounter/UKE-0009-E-1"
      },
      "effectiveDateTime": "2020-02-10T00:00:00+01:00",
      "dosage": [ {
        "doseAndRate": [ {
          "doseQuantity": {
            "value": 4,
            "unit": "Tabletten",
            "system": "http://unitsofmeasure.org",
            "code": "1"
          }
        } ]
      } ]
    },
    "request": {
      "method": "PUT",
      "url": "MedicationStatement/UKE-0009-E-1-MS-56"
    }
  }, {
    "fullUrl": "MedicationStatement/UKE-0009-E-1-MS-57",
    "resource": {
      "resourceType": "MedicationStatement",
      "id": "UKE-0009-E-1-MS-57",
      "meta": {
        "profile": [ "https://www.medizininformatik-initiative.de/fhir/core/modul-medikation/StructureDefinition/MedicationStatement" ]
      },
      "status": "active",
      "medicationReference": {
        "reference": "Medication/Medication-1928216850"
      },
      "subject": {
        "reference": "Patient/UKE-0009"
      },
      "context": {
        "reference": "Encounter/UKE-0009-E-1"
      },
      "effectiveDateTime": "2020-02-10T00:00:00+01:00",
      "dosage": [ {
        "doseAndRate": [ {
          "doseQuantity": {
            "value": 4,
            "unit": "Injektionslösung",
            "system": "http://unitsofmeasure.org",
            "code": "1"
          }
        } ]
      } ]
    },
    "request": {
      "method": "PUT",
      "url": "MedicationStatement/UKE-0009-E-1-MS-57"
    }
  }, {
    "fullUrl": "MedicationStatement/UKE-0009-E-1-MS-58",
    "resource": {
      "resourceType": "MedicationStatement",
      "id": "UKE-0009-E-1-MS-58",
      "meta": {
        "profile": [ "https://www.medizininformatik-initiative.de/fhir/core/modul-medikation/StructureDefinition/MedicationStatement" ]
      },
      "status": "active",
      "medicationReference": {
        "reference": "Medication/Medication--1019395450"
      },
      "subject": {
        "reference": "Patient/UKE-0009"
      },
      "context": {
        "reference": "Encounter/UKE-0009-E-1"
      },
      "effectiveDateTime": "2020-02-10T00:00:00+01:00",
      "dosage": [ {
        "doseAndRate": [ {
          "doseQuantity": {
            "value": 1,
            "unit": "Tabletten",
            "system": "http://unitsofmeasure.org",
            "code": "1"
          }
        } ]
      } ]
    },
    "request": {
      "method": "PUT",
      "url": "MedicationStatement/UKE-0009-E-1-MS-58"
    }
  }, {
    "fullUrl": "MedicationStatement/UKE-0009-E-1-MS-59",
    "resource": {
      "resourceType": "MedicationStatement",
      "id": "UKE-0009-E-1-MS-59",
      "meta": {
        "profile": [ "https://www.medizininformatik-initiative.de/fhir/core/modul-medikation/StructureDefinition/MedicationStatement" ]
      },
      "status": "active",
      "medicationReference": {
        "reference": "Medication/Medication--1621826702"
      },
      "subject": {
        "reference": "Patient/UKE-0009"
      },
      "context": {
        "reference": "Encounter/UKE-0009-E-1"
      },
      "effectiveDateTime": "2020-02-10T00:00:00+01:00",
      "dosage": [ {
        "doseAndRate": [ {
          "doseQuantity": {
            "value": 3,
            "unit": "Tabletten",
            "system": "http://unitsofmeasure.org",
            "code": "1"
          }
        } ]
      } ]
    },
    "request": {
      "method": "PUT",
      "url": "MedicationStatement/UKE-0009-E-1-MS-59"
    }
  }, {
    "fullUrl": "MedicationStatement/UKE-0009-E-1-MS-60",
    "resource": {
      "resourceType": "MedicationStatement",
      "id": "UKE-0009-E-1-MS-60",
      "meta": {
        "profile": [ "https://www.medizininformatik-initiative.de/fhir/core/modul-medikation/StructureDefinition/MedicationStatement" ]
      },
      "status": "active",
      "medicationReference": {
        "reference": "Medication/Medication-155047881"
      },
      "subject": {
        "reference": "Patient/UKE-0009"
      },
      "context": {
        "reference": "Encounter/UKE-0009-E-1"
      },
      "effectiveDateTime": "2020-02-10T00:00:00+01:00",
      "dosage": [ {
        "doseAndRate": [ {
          "doseQuantity": {
            "value": 2,
            "unit": "Tabletten",
            "system": "http://unitsofmeasure.org",
            "code": "1"
          }
        } ]
      } ]
    },
    "request": {
      "method": "PUT",
      "url": "MedicationStatement/UKE-0009-E-1-MS-60"
    }
  }, {
    "fullUrl": "MedicationStatement/UKE-0009-E-1-MS-61",
    "resource": {
      "resourceType": "MedicationStatement",
      "id": "UKE-0009-E-1-MS-61",
      "meta": {
        "profile": [ "https://www.medizininformatik-initiative.de/fhir/core/modul-medikation/StructureDefinition/MedicationStatement" ]
      },
      "status": "active",
      "medicationReference": {
        "reference": "Medication/Medication--132846039"
      },
      "subject": {
        "reference": "Patient/UKE-0009"
      },
      "context": {
        "reference": "Encounter/UKE-0009-E-1"
      },
      "effectiveDateTime": "2020-02-11T00:00:00+01:00",
      "dosage": [ {
        "doseAndRate": [ {
          "doseQuantity": {
            "value": 1,
            "unit": "Fertigspritzen",
            "system": "http://unitsofmeasure.org",
            "code": "1"
          }
        } ]
      } ]
    },
    "request": {
      "method": "PUT",
      "url": "MedicationStatement/UKE-0009-E-1-MS-61"
    }
  }, {
    "fullUrl": "MedicationStatement/UKE-0009-E-1-MS-62",
    "resource": {
      "resourceType": "MedicationStatement",
      "id": "UKE-0009-E-1-MS-62",
      "meta": {
        "profile": [ "https://www.medizininformatik-initiative.de/fhir/core/modul-medikation/StructureDefinition/MedicationStatement" ]
      },
      "status": "active",
      "medicationReference": {
        "reference": "Medication/Medication--1619057103"
      },
      "subject": {
        "reference": "Patient/UKE-0009"
      },
      "context": {
        "reference": "Encounter/UKE-0009-E-1"
      },
      "effectiveDateTime": "2020-02-11T00:00:00+01:00",
      "dosage": [ {
        "doseAndRate": [ {
          "doseQuantity": {
            "value": 2,
            "unit": "Tabletten",
            "system": "http://unitsofmeasure.org",
            "code": "1"
          }
        } ]
      } ]
    },
    "request": {
      "method": "PUT",
      "url": "MedicationStatement/UKE-0009-E-1-MS-62"
    }
  }, {
    "fullUrl": "MedicationStatement/UKE-0009-E-1-MS-63",
    "resource": {
      "resourceType": "MedicationStatement",
      "id": "UKE-0009-E-1-MS-63",
      "meta": {
        "profile": [ "https://www.medizininformatik-initiative.de/fhir/core/modul-medikation/StructureDefinition/MedicationStatement" ]
      },
      "status": "active",
      "medicationReference": {
        "reference": "Medication/Medication--1622394655"
      },
      "subject": {
        "reference": "Patient/UKE-0009"
      },
      "context": {
        "reference": "Encounter/UKE-0009-E-1"
      },
      "effectiveDateTime": "2020-02-11T00:00:00+01:00",
      "dosage": [ {
        "doseAndRate": [ {
          "doseQuantity": {
            "value": 2,
            "unit": "Tabletten",
            "system": "http://unitsofmeasure.org",
            "code": "1"
          }
        } ]
      } ]
    },
    "request": {
      "method": "PUT",
      "url": "MedicationStatement/UKE-0009-E-1-MS-63"
    }
  }, {
    "fullUrl": "MedicationStatement/UKE-0009-E-1-MS-64",
    "resource": {
      "resourceType": "MedicationStatement",
      "id": "UKE-0009-E-1-MS-64",
      "meta": {
        "profile": [ "https://www.medizininformatik-initiative.de/fhir/core/modul-medikation/StructureDefinition/MedicationStatement" ]
      },
      "status": "active",
      "medicationReference": {
        "reference": "Medication/Medication--1622629140"
      },
      "subject": {
        "reference": "Patient/UKE-0009"
      },
      "context": {
        "reference": "Encounter/UKE-0009-E-1"
      },
      "effectiveDateTime": "2020-02-11T00:00:00+01:00",
      "dosage": [ {
        "doseAndRate": [ {
          "doseQuantity": {
            "value": 2,
            "unit": "Tabletten",
            "system": "http://unitsofmeasure.org",
            "code": "1"
          }
        } ]
      } ]
    },
    "request": {
      "method": "PUT",
      "url": "MedicationStatement/UKE-0009-E-1-MS-64"
    }
  }, {
    "fullUrl": "MedicationStatement/UKE-0009-E-1-MS-65",
    "resource": {
      "resourceType": "MedicationStatement",
      "id": "UKE-0009-E-1-MS-65",
      "meta": {
        "profile": [ "https://www.medizininformatik-initiative.de/fhir/core/modul-medikation/StructureDefinition/MedicationStatement" ]
      },
      "status": "active",
      "medicationReference": {
        "reference": "Medication/Medication-1930959545"
      },
      "subject": {
        "reference": "Patient/UKE-0009"
      },
      "context": {
        "reference": "Encounter/UKE-0009-E-1"
      },
      "effectiveDateTime": "2020-02-11T00:00:00+01:00",
      "dosage": [ {
        "doseAndRate": [ {
          "doseQuantity": {
            "value": 1,
            "unit": "Lösung zum Einnehmen",
            "system": "http://unitsofmeasure.org",
            "code": "1"
          }
        } ]
      } ]
    },
    "request": {
      "method": "PUT",
      "url": "MedicationStatement/UKE-0009-E-1-MS-65"
    }
  }, {
    "fullUrl": "MedicationStatement/UKE-0009-E-1-MS-66",
    "resource": {
      "resourceType": "MedicationStatement",
      "id": "UKE-0009-E-1-MS-66",
      "meta": {
        "profile": [ "https://www.medizininformatik-initiative.de/fhir/core/modul-medikation/StructureDefinition/MedicationStatement" ]
      },
      "status": "active",
      "medicationReference": {
        "reference": "Medication/Medication-1929131753"
      },
      "subject": {
        "reference": "Patient/UKE-0009"
      },
      "context": {
        "reference": "Encounter/UKE-0009-E-1"
      },
      "effectiveDateTime": "2020-02-11T00:00:00+01:00",
      "dosage": [ {
        "doseAndRate": [ {
          "doseQuantity": {
            "value": 4,
            "unit": "Tabletten",
            "system": "http://unitsofmeasure.org",
            "code": "1"
          }
        } ]
      } ]
    },
    "request": {
      "method": "PUT",
      "url": "MedicationStatement/UKE-0009-E-1-MS-66"
    }
  }, {
    "fullUrl": "MedicationStatement/UKE-0009-E-1-MS-67",
    "resource": {
      "resourceType": "MedicationStatement",
      "id": "UKE-0009-E-1-MS-67",
      "meta": {
        "profile": [ "https://www.medizininformatik-initiative.de/fhir/core/modul-medikation/StructureDefinition/MedicationStatement" ]
      },
      "status": "active",
      "medicationReference": {
        "reference": "Medication/Medication-1928216850"
      },
      "subject": {
        "reference": "Patient/UKE-0009"
      },
      "context": {
        "reference": "Encounter/UKE-0009-E-1"
      },
      "effectiveDateTime": "2020-02-11T00:00:00+01:00",
      "dosage": [ {
        "doseAndRate": [ {
          "doseQuantity": {
            "value": 4,
            "unit": "Injektionslösung",
            "system": "http://unitsofmeasure.org",
            "code": "1"
          }
        } ]
      } ]
    },
    "request": {
      "method": "PUT",
      "url": "MedicationStatement/UKE-0009-E-1-MS-67"
    }
  }, {
    "fullUrl": "MedicationStatement/UKE-0009-E-1-MS-68",
    "resource": {
      "resourceType": "MedicationStatement",
      "id": "UKE-0009-E-1-MS-68",
      "meta": {
        "profile": [ "https://www.medizininformatik-initiative.de/fhir/core/modul-medikation/StructureDefinition/MedicationStatement" ]
      },
      "status": "active",
      "medicationReference": {
        "reference": "Medication/Medication--1019395450"
      },
      "subject": {
        "reference": "Patient/UKE-0009"
      },
      "context": {
        "reference": "Encounter/UKE-0009-E-1"
      },
      "effectiveDateTime": "2020-02-11T00:00:00+01:00",
      "dosage": [ {
        "doseAndRate": [ {
          "doseQuantity": {
            "value": 1,
            "unit": "Tabletten",
            "system": "http://unitsofmeasure.org",
            "code": "1"
          }
        } ]
      } ]
    },
    "request": {
      "method": "PUT",
      "url": "MedicationStatement/UKE-0009-E-1-MS-68"
    }
  }, {
    "fullUrl": "MedicationStatement/UKE-0009-E-1-MS-69",
    "resource": {
      "resourceType": "MedicationStatement",
      "id": "UKE-0009-E-1-MS-69",
      "meta": {
        "profile": [ "https://www.medizininformatik-initiative.de/fhir/core/modul-medikation/StructureDefinition/MedicationStatement" ]
      },
      "status": "active",
      "medicationReference": {
        "reference": "Medication/Medication--1621826702"
      },
      "subject": {
        "reference": "Patient/UKE-0009"
      },
      "context": {
        "reference": "Encounter/UKE-0009-E-1"
      },
      "effectiveDateTime": "2020-02-11T00:00:00+01:00",
      "dosage": [ {
        "doseAndRate": [ {
          "doseQuantity": {
            "value": 3,
            "unit": "Tabletten",
            "system": "http://unitsofmeasure.org",
            "code": "1"
          }
        } ]
      } ]
    },
    "request": {
      "method": "PUT",
      "url": "MedicationStatement/UKE-0009-E-1-MS-69"
    }
  }, {
    "fullUrl": "MedicationStatement/UKE-0009-E-1-MS-70",
    "resource": {
      "resourceType": "MedicationStatement",
      "id": "UKE-0009-E-1-MS-70",
      "meta": {
        "profile": [ "https://www.medizininformatik-initiative.de/fhir/core/modul-medikation/StructureDefinition/MedicationStatement" ]
      },
      "status": "active",
      "medicationReference": {
        "reference": "Medication/Medication-155047881"
      },
      "subject": {
        "reference": "Patient/UKE-0009"
      },
      "context": {
        "reference": "Encounter/UKE-0009-E-1"
      },
      "effectiveDateTime": "2020-02-11T00:00:00+01:00",
      "dosage": [ {
        "doseAndRate": [ {
          "doseQuantity": {
            "value": 2,
            "unit": "Tabletten",
            "system": "http://unitsofmeasure.org",
            "code": "1"
          }
        } ]
      } ]
    },
    "request": {
      "method": "PUT",
      "url": "MedicationStatement/UKE-0009-E-1-MS-70"
    }
  } ]
}