fullUrl,resource_resourceType,resource_id,resource_meta_profile_0,resource_identifier_0_use,resource_identifier_0_type_coding_0_system,resource_identifier_0_type_coding_0_code,resource_identifier_0_system,resource_identifier_0_value,resource_name_0_use,resource_name_0_family,resource_name_0_given_0,resource_gender,resource_birthDate,resource_address_0_extension_0_url,resource_address_0_extension_0_valueCode,resource_generalPractitioner_0_display,request_method,request_url,resource_identifier_0__system_extension_0_url,resource_identifier_0__system_extension_0_valueCode,resource_identifier_0_assigner_identifier_system,resource_identifier_0_assigner_identifier_value,resource_status,resource_class_system,resource_class_code,resource_class_display,resource_type_0_coding_0_code,resource_type_0_coding_0_display,resource_subject_reference,resource_period_start,resource_period_end,resource_diagnosis_0_condition_reference,resource_diagnosis_0_use_coding_0_system,resource_diagnosis_0_use_coding_0_code,resource_diagnosis_0_use_coding_0_display,resource_class_extension_0_url,resource_class_extension_0_valueCode,resource_serviceType_coding_0_system,resource_serviceType_coding_0_code,resource_serviceType_coding_0_display,resource_diagnosis_0_condition__reference_extension_0_url,resource_diagnosis_0_condition__reference_extension_0_valueCode,resource_partOf_reference,resource_code_coding_0_system,resource_code_coding_0_version,resource_code_coding_0_code,resource_code_text,resource_recordedDate,resource_code_coding_1_system,resource_code_coding_1_code,resource_ingredient_0_itemCodeableConcept_coding_0_system,resource_ingredient_0_itemCodeableConcept_coding_0__code_extension_0_url,resource_ingredient_0_itemCodeableConcept_coding_0__code_extension_0_valueCode,resource_ingredient_0_strength_numerator_value,resource_ingredient_0_strength_numerator_unit,resource_ingredient_0_strength_numerator_system,resource_ingredient_0_strength_numerator_code,resource_ingredient_0_strength_denominator_value,resource_ingredient_0_strength_denominator_system,resource_ingredient_0_strength_denominator_code,resource_medicationReference_reference,resource_context_reference,resource_effectiveDateTime,resource_dosage_0_doseAndRate_0_doseQuantity_value,resource_dosage_0_doseAndRate_0_doseQuantity_unit,resource_dosage_0_doseAndRate_0_doseQuantity_system,resource_dosage_0_doseAndRate_0_doseQuantity_code
Patient/UKE-0007,Patient,UKE-0007,https://www.medizininformatik-initiative.de/fhir/core/modul-person/StructureDefinition/Patient,usual,http://terminology.hl7.org/CodeSystem/v2-0203,MR,https://UKE.de/pid,UKE-0007,official,s,d,male,1961-01-01,http://terminology.hl7.org/CodeSystem/data-absent-reason,unknown,Barmer,PUT,Patient/UKE-0007,,,,,,,,,,,,,,,,,,,,,,,,,,,,,,,,,,,,,,,,,,,,,,,,,
Encounter/UKE-0007-E-1,Encounter,UKE-0007-E-1,https://www.medizininformatik-initiative.de/fhir/core/modul-fall/StructureDefinition/KontaktGesundheitseinrichtung,,http://terminology.hl7.org/CodeSystem/v2-0203,VN,,UKE-0007-E-1,,,,,,,,,PUT,Encounter/UKE-0007-E-1,http://terminology.hl7.org/CodeSystem/data-absent-reason,unknown,https://www.medizininformatik-initiative.de/fhir/core/NamingSystem/org-identifier,UKE,finished,http://terminology.hl7.org/CodeSystem/v3-ActCode,IMP,inpatient encounter,einrichtungskontakt,Einrichtungskontakt,Patient/UKE-0007,2020-06-05T00:00:00+02:00,2020-06-14T00:00:00+02:00,Condition/UKE-0007-E-1-D-1,http://terminology.hl7.org/CodeSystem/diagnosis-role,AD,Admission diagnosis,,,,,,,,,,,,,,,,,,,,,,,,,,,,,,,,
Encounter/UKE-0007-E-1-A-1,Encounter,UKE-0007-E-1-A-1,https://www.medizininformatik-initiative.de/fhir/core/modul-fall/StructureDefinition/KontaktGesundheitseinrichtung,,,,,,,,,,,,,,PUT,Encounter/UKE-0007-E-1-A-1,,,,,finished,,,,abteilungskontakt,Abteilungskontakt,Patient/UKE-0007,2020-06-05T00:00:00+02:00,2020-06-14T00:00:00+02:00,,,,,http://terminology.hl7.org/CodeSystem/data-absent-reason,unknown,http://fhir.de/CodeSystem/dkgev/Fachabteilungsschluessel,0800,Pneumologie,http://terminology.hl7.org/CodeSystem/data-absent-reason,unknown,Encounter/UKE-0007-E-1,,,,,,,,,,,,,,,,,,,,,,,,
Condition/UKE-0007-E-1-D-1,Condition,UKE-0007-E-1-D-1,https://www.medizininformatik-initiative.de/fhir/core/modul-diagnose/StructureDefinition/Diagnose,,,,,UKE-0007-E-1-D-1,,,,,,,,,PUT,Condition/UKE-0007-E-1-D-1,,,,,,,,,,,Patient/UKE-0007,,,,,,,,,,,,,,,http://fhir.de/CodeSystem/bfarm/icd-10-gm,2020,K29.0,akute erosive Gastritis mit Blutung,2020-06-05T00:00:00+02:00,,,,,,,,,,,,,,,,,,,
Medication/Medication--132846039,Medication,Medication--132846039,https://www.medizininformatik-initiative.de/fhir/core/modul-medikation/StructureDefinition/Medication,,,,,Medication--132846039,,,,,,,,,PUT,Medication/Medication--132846039,,,,,,,,,,,,,,,,,,,,,,,,,,http://fhir.de/CodeSystem/ifa/pzn,,05013266,Enoxaparin natrium,,http://fhir.de/CodeSystem/bfarm/atc,B01AB05,http://fhir.de/CodeSystem/ask,http://terminology.hl7.org/CodeSystem/data-absent-reason,unknown,20.0,milligram,http://unitsofmeasure.org,mg,1.0,http://XXX,Fertigspritzen,,,,,,,
MedicationStatement/UKE-0007-E-1-MS-1,MedicationStatement,UKE-0007-E-1-MS-1,https://www.medizininformatik-initiative.de/fhir/core/modul-medikation/StructureDefinition/MedicationStatement,,,,,,,,,,,,,,PUT,MedicationStatement/UKE-0007-E-1-MS-1,,,,,active,,,,,,Patient/UKE-0007,,,,,,,,,,,,,,,,,,,,,,,,,,,,,,,,Medication/Medication--132846039,Encounter/UKE-0007-E-1,2020-06-05T00:00:00+02:00,1.0,Fertigspritzen,http://unitsofmeasure.org,1
Medication/Medication--1019395450,Medication,Medication--1019395450,https://www.medizininformatik-initiative.de/fhir/core/modul-medikation/StructureDefinition/Medication,,,,,Medication--1019395450,,,,,,,,,PUT,Medication/Medication--1019395450,,,,,,,,,,,,,,,,,,,,,,,,,,http://fhir.de/CodeSystem/ifa/pzn,,11357188,Pantoprazol,,http://fhir.de/CodeSystem/bfarm/atc,A02BC02,http://fhir.de/CodeSystem/ask,http://terminology.hl7.org/CodeSystem/data-absent-reason,unknown,40.0,milligram,http://unitsofmeasure.org,mg,1.0,http://XXX,Tabletten,,,,,,,
MedicationStatement/UKE-0007-E-1-MS-2,MedicationStatement,UKE-0007-E-1-MS-2,https://www.medizininformatik-initiative.de/fhir/core/modul-medikation/StructureDefinition/MedicationStatement,,,,,,,,,,,,,,PUT,MedicationStatement/UKE-0007-E-1-MS-2,,,,,active,,,,,,Patient/UKE-0007,,,,,,,,,,,,,,,,,,,,,,,,,,,,,,,,Medication/Medication--1019395450,Encounter/UKE-0007-E-1,2020-06-05T00:00:00+02:00,1.0,Tabletten,http://unitsofmeasure.org,1
Medication/Medication-899054828,Medication,Medication-899054828,https://www.medizininformatik-initiative.de/fhir/core/modul-medikation/StructureDefinition/Medication,,,,,Medication-899054828,,,,,,,,,PUT,Medication/Medication-899054828,,,,,,,,,,,,,,,,,,,,,,,,,,http://fhir.de/CodeSystem/ifa/pzn,,02532793,L-Thyroxin,,http://fhir.de/CodeSystem/bfarm/atc,H03AA01,http://fhir.de/CodeSystem/ask,http://terminology.hl7.org/CodeSystem/data-absent-reason,unknown,125.0,microgram,http://unitsofmeasure.org,ug,1.0,http://XXX,Tabletten,,,,,,,
MedicationStatement/UKE-0007-E-1-MS-3,MedicationStatement,UKE-0007-E-1-MS-3,https://www.medizininformatik-initiative.de/fhir/core/modul-medikation/StructureDefinition/MedicationStatement,,,,,,,,,,,,,,PUT,MedicationStatement/UKE-0007-E-1-MS-3,,,,,active,,,,,,Patient/UKE-0007,,,,,,,,,,,,,,,,,,,,,,,,,,,,,,,,Medication/Medication-899054828,Encounter/UKE-0007-E-1,2020-06-05T00:00:00+02:00,1.0,Tabletten,http://unitsofmeasure.org,1
Medication/Medication-760198765,Medication,Medication-760198765,https://www.medizininformatik-initiative.de/fhir/core/modul-medikation/StructureDefinition/Medication,,,,,Medication-760198765,,,,,,,,,PUT,Medication/Medication-760198765,,,,,,,,,,,,,,,,,,,,,,,,,,http://fhir.de/CodeSystem/ifa/pzn,,09042810,Metoprolol succinat,,http://fhir.de/CodeSystem/bfarm/atc,C07AB02,http://fhir.de/CodeSystem/ask,http://terminology.hl7.org/CodeSystem/data-absent-reason,unknown,95.0,milligram,http://unitsofmeasure.org,mg,1.0,http://XXX,Tabletten,,,,,,,
MedicationStatement/UKE-0007-E-1-MS-4,MedicationStatement,UKE-0007-E-1-MS-4,https://www.medizininformatik-initiative.de/fhir/core/modul-medikation/StructureDefinition/MedicationStatement,,,,,,,,,,,,,,PUT,MedicationStatement/UKE-0007-E-1-MS-4,,,,,active,,,,,,Patient/UKE-0007,,,,,,,,,,,,,,,,,,,,,,,,,,,,,,,,Medication/Medication-760198765,Encounter/UKE-0007-E-1,2020-06-05T00:00:00+02:00,2.0,Tabletten,http://unitsofmeasure.org,1
Medication/Medication-756563301,Medication,Medication-756563301,https://www.medizininformatik-initiative.de/fhir/core/modul-medikation/StructureDefinition/Medication,,,,,Medication-756563301,,,,,,,,,PUT,Medication/Medication-756563301,,,,,,,,,,,,,,,,,,,,,,,,,,http://fhir.de/CodeSystem/ifa/pzn,,07605953,Furosemid,,http://fhir.de/CodeSystem/bfarm/atc,C03CA01,http://fhir.de/CodeSystem/ask,http://terminology.hl7.org/CodeSystem/data-absent-reason,unknown,40.0,milligram,http://unitsofmeasure.org,mg,1.0,http://XXX,Injektionslösung,,,,,,,
MedicationStatement/UKE-0007-E-1-MS-5,MedicationStatement,UKE-0007-E-1-MS-5,https://www.medizininformatik-initiative.de/fhir/core/modul-medikation/StructureDefinition/MedicationStatement,,,,,,,,,,,,,,PUT,MedicationStatement/UKE-0007-E-1-MS-5,,,,,active,,,,,,Patient/UKE-0007,,,,,,,,,,,,,,,,,,,,,,,,,,,,,,,,Medication/Medication-756563301,Encounter/UKE-0007-E-1,2020-06-05T00:00:00+02:00,2.0,Injektionslösung,http://unitsofmeasure.org,1
Medication/Medication--990736479,Medication,Medication--990736479,https://www.medizininformatik-initiative.de/fhir/core/modul-medikation/StructureDefinition/Medication,,,,,Medication--990736479,,,,,,,,,PUT,Medication/Medication--990736479,,,,,,,,,,,,,,,,,,,,,,,,,,http://fhir.de/CodeSystem/ifa/pzn,,07606088,Magnesium oxid,,http://fhir.de/CodeSystem/bfarm/atc,A12CC10,http://fhir.de/CodeSystem/ask,http://terminology.hl7.org/CodeSystem/data-absent-reason,unknown,250.0,milligram,http://unitsofmeasure.org,mg,1.0,http://XXX,Tabletten,,,,,,,
MedicationStatement/UKE-0007-E-1-MS-6,MedicationStatement,UKE-0007-E-1-MS-6,https://www.medizininformatik-initiative.de/fhir/core/modul-medikation/StructureDefinition/MedicationStatement,,,,,,,,,,,,,,PUT,MedicationStatement/UKE-0007-E-1-MS-6,,,,,active,,,,,,Patient/UKE-0007,,,,,,,,,,,,,,,,,,,,,,,,,,,,,,,,Medication/Medication--990736479,Encounter/UKE-0007-E-1,2020-06-05T00:00:00+02:00,3.0,Tabletten,http://unitsofmeasure.org,1
Medication/Medication--1622394655,Medication,Medication--1622394655,https://www.medizininformatik-initiative.de/fhir/core/modul-medikation/StructureDefinition/Medication,,,,,Medication--1622394655,,,,,,,,,PUT,Medication/Medication--1622394655,,,,,,,,,,,,,,,,,,,,,,,,,,http://fhir.de/CodeSystem/ifa/pzn,,02142046,Ciprofloxacin,,http://fhir.de/CodeSystem/bfarm/atc,J01MA02,http://fhir.de/CodeSystem/ask,http://terminology.hl7.org/CodeSystem/data-absent-reason,unknown,500.0,milligram,http://unitsofmeasure.org,mg,1.0,http://XXX,Tabletten,,,,,,,
MedicationStatement/UKE-0007-E-1-MS-7,MedicationStatement,UKE-0007-E-1-MS-7,https://www.medizininformatik-initiative.de/fhir/core/modul-medikation/StructureDefinition/MedicationStatement,,,,,,,,,,,,,,PUT,MedicationStatement/UKE-0007-E-1-MS-7,,,,,active,,,,,,Patient/UKE-0007,,,,,,,,,,,,,,,,,,,,,,,,,,,,,,,,Medication/Medication--1622394655,Encounter/UKE-0007-E-1,2020-06-05T00:00:00+02:00,2.0,Tabletten,http://unitsofmeasure.org,1
Medication/Medication-756593092,Medication,Medication-756593092,https://www.medizininformatik-initiative.de/fhir/core/modul-medikation/StructureDefinition/Medication,,,,,Medication-756593092,,,,,,,,,PUT,Medication/Medication-756593092,,,,,,,,,,,,,,,,,,,,,,,,,,http://fhir.de/CodeSystem/ifa/pzn,,00615204,Spironolacton,,http://fhir.de/CodeSystem/bfarm/atc,C03DA01,http://fhir.de/CodeSystem/ask,http://terminology.hl7.org/CodeSystem/data-absent-reason,unknown,50.0,milligram,http://unitsofmeasure.org,mg,1.0,http://XXX,Tabletten,,,,,,,
MedicationStatement/UKE-0007-E-1-MS-8,MedicationStatement,UKE-0007-E-1-MS-8,https://www.medizininformatik-initiative.de/fhir/core/modul-medikation/StructureDefinition/MedicationStatement,,,,,,,,,,,,,,PUT,MedicationStatement/UKE-0007-E-1-MS-8,,,,,active,,,,,,Patient/UKE-0007,,,,,,,,,,,,,,,,,,,,,,,,,,,,,,,,Medication/Medication-756593092,Encounter/UKE-0007-E-1,2020-06-05T00:00:00+02:00,1.0,Tabletten,http://unitsofmeasure.org,1
Medication/Medication--990768222,Medication,Medication--990768222,https://www.medizininformatik-initiative.de/fhir/core/modul-medikation/StructureDefinition/Medication,,,,,Medication--990768222,,,,,,,,,PUT,Medication/Medication--990768222,,,,,,,,,,,,,,,,,,,,,,,,,,http://fhir.de/CodeSystem/ifa/pzn,,02758209,Kalium chlorid,,http://fhir.de/CodeSystem/bfarm/atc,A12BA01,http://fhir.de/CodeSystem/ask,http://terminology.hl7.org/CodeSystem/data-absent-reason,unknown,600.0,milligram,http://unitsofmeasure.org,mg,1.0,http://XXX,Tabletten,,,,,,,
MedicationStatement/UKE-0007-E-1-MS-9,MedicationStatement,UKE-0007-E-1-MS-9,https://www.medizininformatik-initiative.de/fhir/core/modul-medikation/StructureDefinition/MedicationStatement,,,,,,,,,,,,,,PUT,MedicationStatement/UKE-0007-E-1-MS-9,,,,,active,,,,,,Patient/UKE-0007,,,,,,,,,,,,,,,,,,,,,,,,,,,,,,,,Medication/Medication--990768222,Encounter/UKE-0007-E-1,2020-06-05T00:00:00+02:00,3.0,Tabletten,http://unitsofmeasure.org,1
Medication/Medication--132845077,Medication,Medication--132845077,https://www.medizininformatik-initiative.de/fhir/core/modul-medikation/StructureDefinition/Medication,,,,,Medication--132845077,,,,,,,,,PUT,Medication/Medication--132845077,,,,,,,,,,,,,,,,,,,,,,,,,,http://fhir.de/CodeSystem/ifa/pzn,,01343682,Acetylsalicylsäure,,http://fhir.de/CodeSystem/bfarm/atc,B01AC06,http://fhir.de/CodeSystem/ask,http://terminology.hl7.org/CodeSystem/data-absent-reason,unknown,100.0,milligram,http://unitsofmeasure.org,mg,1.0,http://XXX,Tabletten,,,,,,,
MedicationStatement/UKE-0007-E-1-MS-10,MedicationStatement,UKE-0007-E-1-MS-10,https://www.medizininformatik-initiative.de/fhir/core/modul-medikation/StructureDefinition/MedicationStatement,,,,,,,,,,,,,,PUT,MedicationStatement/UKE-0007-E-1-MS-10,,,,,active,,,,,,Patient/UKE-0007,,,,,,,,,,,,,,,,,,,,,,,,,,,,,,,,Medication/Medication--132845077,Encounter/UKE-0007-E-1,2020-06-05T00:00:00+02:00,1.0,Tabletten,http://unitsofmeasure.org,1
Medication/Medication--132845079,Medication,Medication--132845079,https://www.medizininformatik-initiative.de/fhir/core/modul-medikation/StructureDefinition/Medication,,,,,Medication--132845079,,,,,,,,,PUT,Medication/Medication--132845079,,,,,,,,,,,,,,,,,,,,,,,,,,http://fhir.de/CodeSystem/ifa/pzn,,08855770,Clopidogrel,,http://fhir.de/CodeSystem/bfarm/atc,B01AC04,http://fhir.de/CodeSystem/ask,http://terminology.hl7.org/CodeSystem/data-absent-reason,unknown,75.0,milligram,http://unitsofmeasure.org,mg,1.0,http://XXX,Tabletten,,,,,,,
MedicationStatement/UKE-0007-E-1-MS-11,MedicationStatement,UKE-0007-E-1-MS-11,https://www.medizininformatik-initiative.de/fhir/core/modul-medikation/StructureDefinition/MedicationStatement,,,,,,,,,,,,,,PUT,MedicationStatement/UKE-0007-E-1-MS-11,,,,,active,,,,,,Patient/UKE-0007,,,,,,,,,,,,,,,,,,,,,,,,,,,,,,,,Medication/Medication--132845079,Encounter/UKE-0007-E-1,2020-06-05T00:00:00+02:00,1.0,Tabletten,http://unitsofmeasure.org,1
Medication/Medication-1928219732,Medication,Medication-1928219732,https://www.medizininformatik-initiative.de/fhir/core/modul-medikation/StructureDefinition/Medication,,,,,Medication-1928219732,,,,,,,,,PUT,Medication/Medication-1928219732,,,,,,,,,,,,,,,,,,,,,,,,,,http://fhir.de/CodeSystem/ifa/pzn,,01126111,Paracetamol,,http://fhir.de/CodeSystem/bfarm/atc,N02BE01,http://fhir.de/CodeSystem/ask,http://terminology.hl7.org/CodeSystem/data-absent-reason,unknown,500.0,milligram,http://unitsofmeasure.org,mg,1.0,http://XXX,Tabletten,,,,,,,
MedicationStatement/UKE-0007-E-1-MS-12,MedicationStatement,UKE-0007-E-1-MS-12,https://www.medizininformatik-initiative.de/fhir/core/modul-medikation/StructureDefinition/MedicationStatement,,,,,,,,,,,,,,PUT,MedicationStatement/UKE-0007-E-1-MS-12,,,,,active,,,,,,Patient/UKE-0007,,,,,,,,,,,,,,,,,,,,,,,,,,,,,,,,Medication/Medication-1928219732,Encounter/UKE-0007-E-1,2020-06-05T00:00:00+02:00,4.0,Tabletten,http://unitsofmeasure.org,1
MedicationStatement/UKE-0007-E-1-MS-13,MedicationStatement,UKE-0007-E-1-MS-13,https://www.medizininformatik-initiative.de/fhir/core/modul-medikation/StructureDefinition/MedicationStatement,,,,,,,,,,,,,,PUT,MedicationStatement/UKE-0007-E-1-MS-13,,,,,active,,,,,,Patient/UKE-0007,,,,,,,,,,,,,,,,,,,,,,,,,,,,,,,,Medication/Medication--132846039,Encounter/UKE-0007-E-1,2020-06-06T00:00:00+02:00,1.0,Fertigspritzen,http://unitsofmeasure.org,1
MedicationStatement/UKE-0007-E-1-MS-14,MedicationStatement,UKE-0007-E-1-MS-14,https://www.medizininformatik-initiative.de/fhir/core/modul-medikation/StructureDefinition/MedicationStatement,,,,,,,,,,,,,,PUT,MedicationStatement/UKE-0007-E-1-MS-14,,,,,active,,,,,,Patient/UKE-0007,,,,,,,,,,,,,,,,,,,,,,,,,,,,,,,,Medication/Medication--1019395450,Encounter/UKE-0007-E-1,2020-06-06T00:00:00+02:00,1.0,Tabletten,http://unitsofmeasure.org,1
MedicationStatement/UKE-0007-E-1-MS-15,MedicationStatement,UKE-0007-E-1-MS-15,https://www.medizininformatik-initiative.de/fhir/core/modul-medikation/StructureDefinition/MedicationStatement,,,,,,,,,,,,,,PUT,MedicationStatement/UKE-0007-E-1-MS-15,,,,,active,,,,,,Patient/UKE-0007,,,,,,,,,,,,,,,,,,,,,,,,,,,,,,,,Medication/Medication-899054828,Encounter/UKE-0007-E-1,2020-06-06T00:00:00+02:00,1.0,Tabletten,http://unitsofmeasure.org,1
MedicationStatement/UKE-0007-E-1-MS-16,MedicationStatement,UKE-0007-E-1-MS-16,https://www.medizininformatik-initiative.de/fhir/core/modul-medikation/StructureDefinition/MedicationStatement,,,,,,,,,,,,,,PUT,MedicationStatement/UKE-0007-E-1-MS-16,,,,,active,,,,,,Patient/UKE-0007,,,,,,,,,,,,,,,,,,,,,,,,,,,,,,,,Medication/Medication-760198765,Encounter/UKE-0007-E-1,2020-06-06T00:00:00+02:00,2.0,Tabletten,http://unitsofmeasure.org,1
MedicationStatement/UKE-0007-E-1-MS-17,MedicationStatement,UKE-0007-E-1-MS-17,https://www.medizininformatik-initiative.de/fhir/core/modul-medikation/StructureDefinition/MedicationStatement,,,,,,,,,,,,,,PUT,MedicationStatement/UKE-0007-E-1-MS-17,,,,,active,,,,,,Patient/UKE-0007,,,,,,,,,,,,,,,,,,,,,,,,,,,,,,,,Medication/Medication-756563301,Encounter/UKE-0007-E-1,2020-06-06T00:00:00+02:00,2.0,Injektionslösung,http://unitsofmeasure.org,1
MedicationStatement/UKE-0007-E-1-MS-18,MedicationStatement,UKE-0007-E-1-MS-18,https://www.medizininformatik-initiative.de/fhir/core/modul-medikation/StructureDefinition/MedicationStatement,,,,,,,,,,,,,,PUT,MedicationStatement/UKE-0007-E-1-MS-18,,,,,active,,,,,,Patient/UKE-0007,,,,,,,,,,,,,,,,,,,,,,,,,,,,,,,,Medication/Medication--990736479,Encounter/UKE-0007-E-1,2020-06-06T00:00:00+02:00,3.0,Tabletten,http://unitsofmeasure.org,1
MedicationStatement/UKE-0007-E-1-MS-19,MedicationStatement,UKE-0007-E-1-MS-19,https://www.medizininformatik-initiative.de/fhir/core/modul-medikation/StructureDefinition/MedicationStatement,,,,,,,,,,,,,,PUT,MedicationStatement/UKE-0007-E-1-MS-19,,,,,active,,,,,,Patient/UKE-0007,,,,,,,,,,,,,,,,,,,,,,,,,,,,,,,,Medication/Medication--1622394655,Encounter/UKE-0007-E-1,2020-06-06T00:00:00+02:00,2.0,Tabletten,http://unitsofmeasure.org,1
MedicationStatement/UKE-0007-E-1-MS-20,MedicationStatement,UKE-0007-E-1-MS-20,https://www.medizininformatik-initiative.de/fhir/core/modul-medikation/StructureDefinition/MedicationStatement,,,,,,,,,,,,,,PUT,MedicationStatement/UKE-0007-E-1-MS-20,,,,,active,,,,,,Patient/UKE-0007,,,,,,,,,,,,,,,,,,,,,,,,,,,,,,,,Medication/Medication-756593092,Encounter/UKE-0007-E-1,2020-06-06T00:00:00+02:00,1.0,Tabletten,http://unitsofmeasure.org,1
MedicationStatement/UKE-0007-E-1-MS-21,MedicationStatement,UKE-0007-E-1-MS-21,https://www.medizininformatik-initiative.de/fhir/core/modul-medikation/StructureDefinition/MedicationStatement,,,,,,,,,,,,,,PUT,MedicationStatement/UKE-0007-E-1-MS-21,,,,,active,,,,,,Patient/UKE-0007,,,,,,,,,,,,,,,,,,,,,,,,,,,,,,,,Medication/Medication--990768222,Encounter/UKE-0007-E-1,2020-06-06T00:00:00+02:00,3.0,Tabletten,http://unitsofmeasure.org,1
MedicationStatement/UKE-0007-E-1-MS-22,MedicationStatement,UKE-0007-E-1-MS-22,https://www.medizininformatik-initiative.de/fhir/core/modul-medikation/StructureDefinition/MedicationStatement,,,,,,,,,,,,,,PUT,MedicationStatement/UKE-0007-E-1-MS-22,,,,,active,,,,,,Patient/UKE-0007,,,,,,,,,,,,,,,,,,,,,,,,,,,,,,,,Medication/Medication--132845077,Encounter/UKE-0007-E-1,2020-06-06T00:00:00+02:00,1.0,Tabletten,http://unitsofmeasure.org,1
MedicationStatement/UKE-0007-E-1-MS-23,MedicationStatement,UKE-0007-E-1-MS-23,https://www.medizininformatik-initiative.de/fhir/core/modul-medikation/StructureDefinition/MedicationStatement,,,,,,,,,,,,,,PUT,MedicationStatement/UKE-0007-E-1-MS-23,,,,,active,,,,,,Patient/UKE-0007,,,,,,,,,,,,,,,,,,,,,,,,,,,,,,,,Medication/Medication--132845079,Encounter/UKE-0007-E-1,2020-06-06T00:00:00+02:00,1.0,Tabletten,http://unitsofmeasure.org,1
MedicationStatement/UKE-0007-E-1-MS-24,MedicationStatement,UKE-0007-E-1-MS-24,https://www.medizininformatik-initiative.de/fhir/core/modul-medikation/StructureDefinition/MedicationStatement,,,,,,,,,,,,,,PUT,MedicationStatement/UKE-0007-E-1-MS-24,,,,,active,,,,,,Patient/UKE-0007,,,,,,,,,,,,,,,,,,,,,,,,,,,,,,,,Medication/Medication-1928219732,Encounter/UKE-0007-E-1,2020-06-06T00:00:00+02:00,4.0,Tabletten,http://unitsofmeasure.org,1
MedicationStatement/UKE-0007-E-1-MS-25,MedicationStatement,UKE-0007-E-1-MS-25,https://www.medizininformatik-initiative.de/fhir/core/modul-medikation/StructureDefinition/MedicationStatement,,,,,,,,,,,,,,PUT,MedicationStatement/UKE-0007-E-1-MS-25,,,,,active,,,,,,Patient/UKE-0007,,,,,,,,,,,,,,,,,,,,,,,,,,,,,,,,Medication/Medication--132846039,Encounter/UKE-0007-E-1,2020-06-07T00:00:00+02:00,1.0,Fertigspritzen,http://unitsofmeasure.org,1
MedicationStatement/UKE-0007-E-1-MS-26,MedicationStatement,UKE-0007-E-1-MS-26,https://www.medizininformatik-initiative.de/fhir/core/modul-medikation/StructureDefinition/MedicationStatement,,,,,,,,,,,,,,PUT,MedicationStatement/UKE-0007-E-1-MS-26,,,,,active,,,,,,Patient/UKE-0007,,,,,,,,,,,,,,,,,,,,,,,,,,,,,,,,Medication/Medication--1019395450,Encounter/UKE-0007-E-1,2020-06-07T00:00:00+02:00,1.0,Tabletten,http://unitsofmeasure.org,1
MedicationStatement/UKE-0007-E-1-MS-27,MedicationStatement,UKE-0007-E-1-MS-27,https://www.medizininformatik-initiative.de/fhir/core/modul-medikation/StructureDefinition/MedicationStatement,,,,,,,,,,,,,,PUT,MedicationStatement/UKE-0007-E-1-MS-27,,,,,active,,,,,,Patient/UKE-0007,,,,,,,,,,,,,,,,,,,,,,,,,,,,,,,,Medication/Medication-899054828,Encounter/UKE-0007-E-1,2020-06-07T00:00:00+02:00,1.0,Tabletten,http://unitsofmeasure.org,1
MedicationStatement/UKE-0007-E-1-MS-28,MedicationStatement,UKE-0007-E-1-MS-28,https://www.medizininformatik-initiative.de/fhir/core/modul-medikation/StructureDefinition/MedicationStatement,,,,,,,,,,,,,,PUT,MedicationStatement/UKE-0007-E-1-MS-28,,,,,active,,,,,,Patient/UKE-0007,,,,,,,,,,,,,,,,,,,,,,,,,,,,,,,,Medication/Medication-760198765,Encounter/UKE-0007-E-1,2020-06-07T00:00:00+02:00,2.0,Tabletten,http://unitsofmeasure.org,1
MedicationStatement/UKE-0007-E-1-MS-29,MedicationStatement,UKE-0007-E-1-MS-29,https://www.medizininformatik-initiative.de/fhir/core/modul-medikation/StructureDefinition/MedicationStatement,,,,,,,,,,,,,,PUT,MedicationStatement/UKE-0007-E-1-MS-29,,,,,active,,,,,,Patient/UKE-0007,,,,,,,,,,,,,,,,,,,,,,,,,,,,,,,,Medication/Medication-756563301,Encounter/UKE-0007-E-1,2020-06-07T00:00:00+02:00,2.0,Injektionslösung,http://unitsofmeasure.org,1
MedicationStatement/UKE-0007-E-1-MS-30,MedicationStatement,UKE-0007-E-1-MS-30,https://www.medizininformatik-initiative.de/fhir/core/modul-medikation/StructureDefinition/MedicationStatement,,,,,,,,,,,,,,PUT,MedicationStatement/UKE-0007-E-1-MS-30,,,,,active,,,,,,Patient/UKE-0007,,,,,,,,,,,,,,,,,,,,,,,,,,,,,,,,Medication/Medication--990736479,Encounter/UKE-0007-E-1,2020-06-07T00:00:00+02:00,3.0,Tabletten,http://unitsofmeasure.org,1
MedicationStatement/UKE-0007-E-1-MS-31,MedicationStatement,UKE-0007-E-1-MS-31,https://www.medizininformatik-initiative.de/fhir/core/modul-medikation/StructureDefinition/MedicationStatement,,,,,,,,,,,,,,PUT,MedicationStatement/UKE-0007-E-1-MS-31,,,,,active,,,,,,Patient/UKE-0007,,,,,,,,,,,,,,,,,,,,,,,,,,,,,,,,Medication/Medication--1622394655,Encounter/UKE-0007-E-1,2020-06-07T00:00:00+02:00,2.0,Tabletten,http://unitsofmeasure.org,1
MedicationStatement/UKE-0007-E-1-MS-32,MedicationStatement,UKE-0007-E-1-MS-32,https://www.medizininformatik-initiative.de/fhir/core/modul-medikation/StructureDefinition/MedicationStatement,,,,,,,,,,,,,,PUT,MedicationStatement/UKE-0007-E-1-MS-32,,,,,active,,,,,,Patient/UKE-0007,,,,,,,,,,,,,,,,,,,,,,,,,,,,,,,,Medication/Medication-756593092,Encounter/UKE-0007-E-1,2020-06-07T00:00:00+02:00,1.0,Tabletten,http://unitsofmeasure.org,1
MedicationStatement/UKE-0007-E-1-MS-33,MedicationStatement,UKE-0007-E-1-MS-33,https://www.medizininformatik-initiative.de/fhir/core/modul-medikation/StructureDefinition/MedicationStatement,,,,,,,,,,,,,,PUT,MedicationStatement/UKE-0007-E-1-MS-33,,,,,active,,,,,,Patient/UKE-0007,,,,,,,,,,,,,,,,,,,,,,,,,,,,,,,,Medication/Medication--990768222,Encounter/UKE-0007-E-1,2020-06-07T00:00:00+02:00,3.0,Tabletten,http://unitsofmeasure.org,1
MedicationStatement/UKE-0007-E-1-MS-34,MedicationStatement,UKE-0007-E-1-MS-34,https://www.medizininformatik-initiative.de/fhir/core/modul-medikation/StructureDefinition/MedicationStatement,,,,,,,,,,,,,,PUT,MedicationStatement/UKE-0007-E-1-MS-34,,,,,active,,,,,,Patient/UKE-0007,,,,,,,,,,,,,,,,,,,,,,,,,,,,,,,,Medication/Medication--132845077,Encounter/UKE-0007-E-1,2020-06-07T00:00:00+02:00,1.0,Tabletten,http://unitsofmeasure.org,1
MedicationStatement/UKE-0007-E-1-MS-35,MedicationStatement,UKE-0007-E-1-MS-35,https://www.medizininformatik-initiative.de/fhir/core/modul-medikation/StructureDefinition/MedicationStatement,,,,,,,,,,,,,,PUT,MedicationStatement/UKE-0007-E-1-MS-35,,,,,active,,,,,,Patient/UKE-0007,,,,,,,,,,,,,,,,,,,,,,,,,,,,,,,,Medication/Medication--132845079,Encounter/UKE-0007-E-1,2020-06-07T00:00:00+02:00,1.0,Tabletten,http://unitsofmeasure.org,1
MedicationStatement/UKE-0007-E-1-MS-36,MedicationStatement,UKE-0007-E-1-MS-36,https://www.medizininformatik-initiative.de/fhir/core/modul-medikation/StructureDefinition/MedicationStatement,,,,,,,,,,,,,,PUT,MedicationStatement/UKE-0007-E-1-MS-36,,,,,active,,,,,,Patient/UKE-0007,,,,,,,,,,,,,,,,,,,,,,,,,,,,,,,,Medication/Medication-1928219732,Encounter/UKE-0007-E-1,2020-06-07T00:00:00+02:00,4.0,Tabletten,http://unitsofmeasure.org,1
MedicationStatement/UKE-0007-E-1-MS-37,MedicationStatement,UKE-0007-E-1-MS-37,https://www.medizininformatik-initiative.de/fhir/core/modul-medikation/StructureDefinition/MedicationStatement,,,,,,,,,,,,,,PUT,MedicationStatement/UKE-0007-E-1-MS-37,,,,,active,,,,,,Patient/UKE-0007,,,,,,,,,,,,,,,,,,,,,,,,,,,,,,,,Medication/Medication--132846039,Encounter/UKE-0007-E-1,2020-06-08T00:00:00+02:00,1.0,Fertigspritzen,http://unitsofmeasure.org,1
MedicationStatement/UKE-0007-E-1-MS-38,MedicationStatement,UKE-0007-E-1-MS-38,https://www.medizininformatik-initiative.de/fhir/core/modul-medikation/StructureDefinition/MedicationStatement,,,,,,,,,,,,,,PUT,MedicationStatement/UKE-0007-E-1-MS-38,,,,,active,,,,,,Patient/UKE-0007,,,,,,,,,,,,,,,,,,,,,,,,,,,,,,,,Medication/Medication--1019395450,Encounter/UKE-0007-E-1,2020-06-08T00:00:00+02:00,1.0,Tabletten,http://unitsofmeasure.org,1
MedicationStatement/UKE-0007-E-1-MS-39,MedicationStatement,UKE-0007-E-1-MS-39,https://www.medizininformatik-initiative.de/fhir/core/modul-medikation/StructureDefinition/MedicationStatement,,,,,,,,,,,,,,PUT,MedicationStatement/UKE-0007-E-1-MS-39,,,,,active,,,,,,Patient/UKE-0007,,,,,,,,,,,,,,,,,,,,,,,,,,,,,,,,Medication/Medication-899054828,Encounter/UKE-0007-E-1,2020-06-08T00:00:00+02:00,1.0,Tabletten,http://unitsofmeasure.org,1
MedicationStatement/UKE-0007-E-1-MS-40,MedicationStatement,UKE-0007-E-1-MS-40,https://www.medizininformatik-initiative.de/fhir/core/modul-medikation/StructureDefinition/MedicationStatement,,,,,,,,,,,,,,PUT,MedicationStatement/UKE-0007-E-1-MS-40,,,,,active,,,,,,Patient/UKE-0007,,,,,,,,,,,,,,,,,,,,,,,,,,,,,,,,Medication/Medication-760198765,Encounter/UKE-0007-E-1,2020-06-08T00:00:00+02:00,2.0,Tabletten,http://unitsofmeasure.org,1
MedicationStatement/UKE-0007-E-1-MS-41,MedicationStatement,UKE-0007-E-1-MS-41,https://www.medizininformatik-initiative.de/fhir/core/modul-medikation/StructureDefinition/MedicationStatement,,,,,,,,,,,,,,PUT,MedicationStatement/UKE-0007-E-1-MS-41,,,,,active,,,,,,Patient/UKE-0007,,,,,,,,,,,,,,,,,,,,,,,,,,,,,,,,Medication/Medication-756563301,Encounter/UKE-0007-E-1,2020-06-08T00:00:00+02:00,2.0,Injektionslösung,http://unitsofmeasure.org,1
MedicationStatement/UKE-0007-E-1-MS-42,MedicationStatement,UKE-0007-E-1-MS-42,https://www.medizininformatik-initiative.de/fhir/core/modul-medikation/StructureDefinition/MedicationStatement,,,,,,,,,,,,,,PUT,MedicationStatement/UKE-0007-E-1-MS-42,,,,,active,,,,,,Patient/UKE-0007,,,,,,,,,,,,,,,,,,,,,,,,,,,,,,,,Medication/Medication--990736479,Encounter/UKE-0007-E-1,2020-06-08T00:00:00+02:00,3.0,Tabletten,http://unitsofmeasure.org,1
MedicationStatement/UKE-0007-E-1-MS-43,MedicationStatement,UKE-0007-E-1-MS-43,https://www.medizininformatik-initiative.de/fhir/core/modul-medikation/StructureDefinition/MedicationStatement,,,,,,,,,,,,,,PUT,MedicationStatement/UKE-0007-E-1-MS-43,,,,,active,,,,,,Patient/UKE-0007,,,,,,,,,,,,,,,,,,,,,,,,,,,,,,,,Medication/Medication--1622394655,Encounter/UKE-0007-E-1,2020-06-08T00:00:00+02:00,2.0,Tabletten,http://unitsofmeasure.org,1
MedicationStatement/UKE-0007-E-1-MS-44,MedicationStatement,UKE-0007-E-1-MS-44,https://www.medizininformatik-initiative.de/fhir/core/modul-medikation/StructureDefinition/MedicationStatement,,,,,,,,,,,,,,PUT,MedicationStatement/UKE-0007-E-1-MS-44,,,,,active,,,,,,Patient/UKE-0007,,,,,,,,,,,,,,,,,,,,,,,,,,,,,,,,Medication/Medication-756593092,Encounter/UKE-0007-E-1,2020-06-08T00:00:00+02:00,1.0,Tabletten,http://unitsofmeasure.org,1
MedicationStatement/UKE-0007-E-1-MS-45,MedicationStatement,UKE-0007-E-1-MS-45,https://www.medizininformatik-initiative.de/fhir/core/modul-medikation/StructureDefinition/MedicationStatement,,,,,,,,,,,,,,PUT,MedicationStatement/UKE-0007-E-1-MS-45,,,,,active,,,,,,Patient/UKE-0007,,,,,,,,,,,,,,,,,,,,,,,,,,,,,,,,Medication/Medication--990768222,Encounter/UKE-0007-E-1,2020-06-08T00:00:00+02:00,3.0,Tabletten,http://unitsofmeasure.org,1
MedicationStatement/UKE-0007-E-1-MS-46,MedicationStatement,UKE-0007-E-1-MS-46,https://www.medizininformatik-initiative.de/fhir/core/modul-medikation/StructureDefinition/MedicationStatement,,,,,,,,,,,,,,PUT,MedicationStatement/UKE-0007-E-1-MS-46,,,,,active,,,,,,Patient/UKE-0007,,,,,,,,,,,,,,,,,,,,,,,,,,,,,,,,Medication/Medication--132845077,Encounter/UKE-0007-E-1,2020-06-08T00:00:00+02:00,1.0,Tabletten,http://unitsofmeasure.org,1
MedicationStatement/UKE-0007-E-1-MS-47,MedicationStatement,UKE-0007-E-1-MS-47,https://www.medizininformatik-initiative.de/fhir/core/modul-medikation/StructureDefinition/MedicationStatement,,,,,,,,,,,,,,PUT,MedicationStatement/UKE-0007-E-1-MS-47,,,,,active,,,,,,Patient/UKE-0007,,,,,,,,,,,,,,,,,,,,,,,,,,,,,,,,Medication/Medication--132845079,Encounter/UKE-0007-E-1,2020-06-08T00:00:00+02:00,1.0,Tabletten,http://unitsofmeasure.org,1
MedicationStatement/UKE-0007-E-1-MS-48,MedicationStatement,UKE-0007-E-1-MS-48,https://www.medizininformatik-initiative.de/fhir/core/modul-medikation/StructureDefinition/MedicationStatement,,,,,,,,,,,,,,PUT,MedicationStatement/UKE-0007-E-1-MS-48,,,,,active,,,,,,Patient/UKE-0007,,,,,,,,,,,,,,,,,,,,,,,,,,,,,,,,Medication/Medication-1928219732,Encounter/UKE-0007-E-1,2020-06-08T00:00:00+02:00,4.0,Tabletten,http://unitsofmeasure.org,1
MedicationStatement/UKE-0007-E-1-MS-49,MedicationStatement,UKE-0007-E-1-MS-49,https://www.medizininformatik-initiative.de/fhir/core/modul-medikation/StructureDefinition/MedicationStatement,,,,,,,,,,,,,,PUT,MedicationStatement/UKE-0007-E-1-MS-49,,,,,active,,,,,,Patient/UKE-0007,,,,,,,,,,,,,,,,,,,,,,,,,,,,,,,,Medication/Medication--132846039,Encounter/UKE-0007-E-1,2020-06-09T00:00:00+02:00,1.0,Fertigspritzen,http://unitsofmeasure.org,1
MedicationStatement/UKE-0007-E-1-MS-50,MedicationStatement,UKE-0007-E-1-MS-50,https://www.medizininformatik-initiative.de/fhir/core/modul-medikation/StructureDefinition/MedicationStatement,,,,,,,,,,,,,,PUT,MedicationStatement/UKE-0007-E-1-MS-50,,,,,active,,,,,,Patient/UKE-0007,,,,,,,,,,,,,,,,,,,,,,,,,,,,,,,,Medication/Medication--1019395450,Encounter/UKE-0007-E-1,2020-06-09T00:00:00+02:00,1.0,Tabletten,http://unitsofmeasure.org,1
MedicationStatement/UKE-0007-E-1-MS-51,MedicationStatement,UKE-0007-E-1-MS-51,https://www.medizininformatik-initiative.de/fhir/core/modul-medikation/StructureDefinition/MedicationStatement,,,,,,,,,,,,,,PUT,MedicationStatement/UKE-0007-E-1-MS-51,,,,,active,,,,,,Patient/UKE-0007,,,,,,,,,,,,,,,,,,,,,,,,,,,,,,,,Medication/Medication-899054828,Encounter/UKE-0007-E-1,2020-06-09T00:00:00+02:00,1.0,Tabletten,http://unitsofmeasure.org,1
MedicationStatement/UKE-0007-E-1-MS-52,MedicationStatement,UKE-0007-E-1-MS-52,https://www.medizininformatik-initiative.de/fhir/core/modul-medikation/StructureDefinition/MedicationStatement,,,,,,,,,,,,,,PUT,MedicationStatement/UKE-0007-E-1-MS-52,,,,,active,,,,,,Patient/UKE-0007,,,,,,,,,,,,,,,,,,,,,,,,,,,,,,,,Medication/Medication-760198765,Encounter/UKE-0007-E-1,2020-06-09T00:00:00+02:00,2.0,Tabletten,http://unitsofmeasure.org,1
MedicationStatement/UKE-0007-E-1-MS-53,MedicationStatement,UKE-0007-E-1-MS-53,https://www.medizininformatik-initiative.de/fhir/core/modul-medikation/StructureDefinition/MedicationStatement,,,,,,,,,,,,,,PUT,MedicationStatement/UKE-0007-E-1-MS-53,,,,,active,,,,,,Patient/UKE-0007,,,,,,,,,,,,,,,,,,,,,,,,,,,,,,,,Medication/Medication-756563301,Encounter/UKE-0007-E-1,2020-06-09T00:00:00+02:00,2.0,Injektionslösung,http://unitsofmeasure.org,1
MedicationStatement/UKE-0007-E-1-MS-54,MedicationStatement,UKE-0007-E-1-MS-54,https://www.medizininformatik-initiative.de/fhir/core/modul-medikation/StructureDefinition/MedicationStatement,,,,,,,,,,,,,,PUT,MedicationStatement/UKE-0007-E-1-MS-54,,,,,active,,,,,,Patient/UKE-0007,,,,,,,,,,,,,,,,,,,,,,,,,,,,,,,,Medication/Medication--990736479,Encounter/UKE-0007-E-1,2020-06-09T00:00:00+02:00,3.0,Tabletten,http://unitsofmeasure.org,1
MedicationStatement/UKE-0007-E-1-MS-55,MedicationStatement,UKE-0007-E-1-MS-55,https://www.medizininformatik-initiative.de/fhir/core/modul-medikation/StructureDefinition/MedicationStatement,,,,,,,,,,,,,,PUT,MedicationStatement/UKE-0007-E-1-MS-55,,,,,active,,,,,,Patient/UKE-0007,,,,,,,,,,,,,,,,,,,,,,,,,,,,,,,,Medication/Medication--1622394655,Encounter/UKE-0007-E-1,2020-06-09T00:00:00+02:00,2.0,Tabletten,http://unitsofmeasure.org,1
MedicationStatement/UKE-0007-E-1-MS-56,MedicationStatement,UKE-0007-E-1-MS-56,https://www.medizininformatik-initiative.de/fhir/core/modul-medikation/StructureDefinition/MedicationStatement,,,,,,,,,,,,,,PUT,MedicationStatement/UKE-0007-E-1-MS-56,,,,,active,,,,,,Patient/UKE-0007,,,,,,,,,,,,,,,,,,,,,,,,,,,,,,,,Medication/Medication-756593092,Encounter/UKE-0007-E-1,2020-06-09T00:00:00+02:00,1.0,Tabletten,http://unitsofmeasure.org,1
MedicationStatement/UKE-0007-E-1-MS-57,MedicationStatement,UKE-0007-E-1-MS-57,https://www.medizininformatik-initiative.de/fhir/core/modul-medikation/StructureDefinition/MedicationStatement,,,,,,,,,,,,,,PUT,MedicationStatement/UKE-0007-E-1-MS-57,,,,,active,,,,,,Patient/UKE-0007,,,,,,,,,,,,,,,,,,,,,,,,,,,,,,,,Medication/Medication--990768222,Encounter/UKE-0007-E-1,2020-06-09T00:00:00+02:00,3.0,Tabletten,http://unitsofmeasure.org,1
MedicationStatement/UKE-0007-E-1-MS-58,MedicationStatement,UKE-0007-E-1-MS-58,https://www.medizininformatik-initiative.de/fhir/core/modul-medikation/StructureDefinition/MedicationStatement,,,,,,,,,,,,,,PUT,MedicationStatement/UKE-0007-E-1-MS-58,,,,,active,,,,,,Patient/UKE-0007,,,,,,,,,,,,,,,,,,,,,,,,,,,,,,,,Medication/Medication--132845077,Encounter/UKE-0007-E-1,2020-06-09T00:00:00+02:00,1.0,Tabletten,http://unitsofmeasure.org,1
MedicationStatement/UKE-0007-E-1-MS-59,MedicationStatement,UKE-0007-E-1-MS-59,https://www.medizininformatik-initiative.de/fhir/core/modul-medikation/StructureDefinition/MedicationStatement,,,,,,,,,,,,,,PUT,MedicationStatement/UKE-0007-E-1-MS-59,,,,,active,,,,,,Patient/UKE-0007,,,,,,,,,,,,,,,,,,,,,,,,,,,,,,,,Medication/Medication--132845079,Encounter/UKE-0007-E-1,2020-06-09T00:00:00+02:00,1.0,Tabletten,http://unitsofmeasure.org,1
MedicationStatement/UKE-0007-E-1-MS-60,MedicationStatement,UKE-0007-E-1-MS-60,https://www.medizininformatik-initiative.de/fhir/core/modul-medikation/StructureDefinition/MedicationStatement,,,,,,,,,,,,,,PUT,MedicationStatement/UKE-0007-E-1-MS-60,,,,,active,,,,,,Patient/UKE-0007,,,,,,,,,,,,,,,,,,,,,,,,,,,,,,,,Medication/Medication-1928219732,Encounter/UKE-0007-E-1,2020-06-09T00:00:00+02:00,4.0,Tabletten,http://unitsofmeasure.org,1
MedicationStatement/UKE-0007-E-1-MS-61,MedicationStatement,UKE-0007-E-1-MS-61,https://www.medizininformatik-initiative.de/fhir/core/modul-medikation/StructureDefinition/MedicationStatement,,,,,,,,,,,,,,PUT,MedicationStatement/UKE-0007-E-1-MS-61,,,,,active,,,,,,Patient/UKE-0007,,,,,,,,,,,,,,,,,,,,,,,,,,,,,,,,Medication/Medication--132846039,Encounter/UKE-0007-E-1,2020-06-10T00:00:00+02:00,1.0,Fertigspritzen,http://unitsofmeasure.org,1
MedicationStatement/UKE-0007-E-1-MS-62,MedicationStatement,UKE-0007-E-1-MS-62,https://www.medizininformatik-initiative.de/fhir/core/modul-medikation/StructureDefinition/MedicationStatement,,,,,,,,,,,,,,PUT,MedicationStatement/UKE-0007-E-1-MS-62,,,,,active,,,,,,Patient/UKE-0007,,,,,,,,,,,,,,,,,,,,,,,,,,,,,,,,Medication/Medication--1019395450,Encounter/UKE-0007-E-1,2020-06-10T00:00:00+02:00,1.0,Tabletten,http://unitsofmeasure.org,1
MedicationStatement/UKE-0007-E-1-MS-63,MedicationStatement,UKE-0007-E-1-MS-63,https://www.medizininformatik-initiative.de/fhir/core/modul-medikation/StructureDefinition/MedicationStatement,,,,,,,,,,,,,,PUT,MedicationStatement/UKE-0007-E-1-MS-63,,,,,active,,,,,,Patient/UKE-0007,,,,,,,,,,,,,,,,,,,,,,,,,,,,,,,,Medication/Medication-899054828,Encounter/UKE-0007-E-1,2020-06-10T00:00:00+02:00,1.0,Tabletten,http://unitsofmeasure.org,1
MedicationStatement/UKE-0007-E-1-MS-64,MedicationStatement,UKE-0007-E-1-MS-64,https://www.medizininformatik-initiative.de/fhir/core/modul-medikation/StructureDefinition/MedicationStatement,,,,,,,,,,,,,,PUT,MedicationStatement/UKE-0007-E-1-MS-64,,,,,active,,,,,,Patient/UKE-0007,,,,,,,,,,,,,,,,,,,,,,,,,,,,,,,,Medication/Medication-760198765,Encounter/UKE-0007-E-1,2020-06-10T00:00:00+02:00,2.0,Tabletten,http://unitsofmeasure.org,1
MedicationStatement/UKE-0007-E-1-MS-65,MedicationStatement,UKE-0007-E-1-MS-65,https://www.medizininformatik-initiative.de/fhir/core/modul-medikation/StructureDefinition/MedicationStatement,,,,,,,,,,,,,,PUT,MedicationStatement/UKE-0007-E-1-MS-65,,,,,active,,,,,,Patient/UKE-0007,,,,,,,,,,,,,,,,,,,,,,,,,,,,,,,,Medication/Medication-756563301,Encounter/UKE-0007-E-1,2020-06-10T00:00:00+02:00,2.0,Injektionslösung,http://unitsofmeasure.org,1
MedicationStatement/UKE-0007-E-1-MS-66,MedicationStatement,UKE-0007-E-1-MS-66,https://www.medizininformatik-initiative.de/fhir/core/modul-medikation/StructureDefinition/MedicationStatement,,,,,,,,,,,,,,PUT,MedicationStatement/UKE-0007-E-1-MS-66,,,,,active,,,,,,Patient/UKE-0007,,,,,,,,,,,,,,,,,,,,,,,,,,,,,,,,Medication/Medication--990736479,Encounter/UKE-0007-E-1,2020-06-10T00:00:00+02:00,3.0,Tabletten,http://unitsofmeasure.org,1
MedicationStatement/UKE-0007-E-1-MS-67,MedicationStatement,UKE-0007-E-1-MS-67,https://www.medizininformatik-initiative.de/fhir/core/modul-medikation/StructureDefinition/MedicationStatement,,,,,,,,,,,,,,PUT,MedicationStatement/UKE-0007-E-1-MS-67,,,,,active,,,,,,Patient/UKE-0007,,,,,,,,,,,,,,,,,,,,,,,,,,,,,,,,Medication/Medication--1622394655,Encounter/UKE-0007-E-1,2020-06-10T00:00:00+02:00,2.0,Tabletten,http://unitsofmeasure.org,1
MedicationStatement/UKE-0007-E-1-MS-68,MedicationStatement,UKE-0007-E-1-MS-68,https://www.medizininformatik-initiative.de/fhir/core/modul-medikation/StructureDefinition/MedicationStatement,,,,,,,,,,,,,,PUT,MedicationStatement/UKE-0007-E-1-MS-68,,,,,active,,,,,,Patient/UKE-0007,,,,,,,,,,,,,,,,,,,,,,,,,,,,,,,,Medication/Medication-756593092,Encounter/UKE-0007-E-1,2020-06-10T00:00:00+02:00,1.0,Tabletten,http://unitsofmeasure.org,1
MedicationStatement/UKE-0007-E-1-MS-69,MedicationStatement,UKE-0007-E-1-MS-69,https://www.medizininformatik-initiative.de/fhir/core/modul-medikation/StructureDefinition/MedicationStatement,,,,,,,,,,,,,,PUT,MedicationStatement/UKE-0007-E-1-MS-69,,,,,active,,,,,,Patient/UKE-0007,,,,,,,,,,,,,,,,,,,,,,,,,,,,,,,,Medication/Medication--990768222,Encounter/UKE-0007-E-1,2020-06-10T00:00:00+02:00,3.0,Tabletten,http://unitsofmeasure.org,1
MedicationStatement/UKE-0007-E-1-MS-70,MedicationStatement,UKE-0007-E-1-MS-70,https://www.medizininformatik-initiative.de/fhir/core/modul-medikation/StructureDefinition/MedicationStatement,,,,,,,,,,,,,,PUT,MedicationStatement/UKE-0007-E-1-MS-70,,,,,active,,,,,,Patient/UKE-0007,,,,,,,,,,,,,,,,,,,,,,,,,,,,,,,,Medication/Medication--132845077,Encounter/UKE-0007-E-1,2020-06-10T00:00:00+02:00,1.0,Tabletten,http://unitsofmeasure.org,1
MedicationStatement/UKE-0007-E-1-MS-71,MedicationStatement,UKE-0007-E-1-MS-71,https://www.medizininformatik-initiative.de/fhir/core/modul-medikation/StructureDefinition/MedicationStatement,,,,,,,,,,,,,,PUT,MedicationStatement/UKE-0007-E-1-MS-71,,,,,active,,,,,,Patient/UKE-0007,,,,,,,,,,,,,,,,,,,,,,,,,,,,,,,,Medication/Medication--132845079,Encounter/UKE-0007-E-1,2020-06-10T00:00:00+02:00,1.0,Tabletten,http://unitsofmeasure.org,1
MedicationStatement/UKE-0007-E-1-MS-72,MedicationStatement,UKE-0007-E-1-MS-72,https://www.medizininformatik-initiative.de/fhir/core/modul-medikation/StructureDefinition/MedicationStatement,,,,,,,,,,,,,,PUT,MedicationStatement/UKE-0007-E-1-MS-72,,,,,active,,,,,,Patient/UKE-0007,,,,,,,,,,,,,,,,,,,,,,,,,,,,,,,,Medication/Medication-1928219732,Encounter/UKE-0007-E-1,2020-06-10T00:00:00+02:00,4.0,Tabletten,http://unitsofmeasure.org,1
MedicationStatement/UKE-0007-E-1-MS-73,MedicationStatement,UKE-0007-E-1-MS-73,https://www.medizininformatik-initiative.de/fhir/core/modul-medikation/StructureDefinition/MedicationStatement,,,,,,,,,,,,,,PUT,MedicationStatement/UKE-0007-E-1-MS-73,,,,,active,,,,,,Patient/UKE-0007,,,,,,,,,,,,,,,,,,,,,,,,,,,,,,,,Medication/Medication--132846039,Encounter/UKE-0007-E-1,2020-06-11T00:00:00+02:00,1.0,Fertigspritzen,http://unitsofmeasure.org,1
MedicationStatement/UKE-0007-E-1-MS-74,MedicationStatement,UKE-0007-E-1-MS-74,https://www.medizininformatik-initiative.de/fhir/core/modul-medikation/StructureDefinition/MedicationStatement,,,,,,,,,,,,,,PUT,MedicationStatement/UKE-0007-E-1-MS-74,,,,,active,,,,,,Patient/UKE-0007,,,,,,,,,,,,,,,,,,,,,,,,,,,,,,,,Medication/Medication--1019395450,Encounter/UKE-0007-E-1,2020-06-11T00:00:00+02:00,1.0,Tabletten,http://unitsofmeasure.org,1
MedicationStatement/UKE-0007-E-1-MS-75,MedicationStatement,UKE-0007-E-1-MS-75,https://www.medizininformatik-initiative.de/fhir/core/modul-medikation/StructureDefinition/MedicationStatement,,,,,,,,,,,,,,PUT,MedicationStatement/UKE-0007-E-1-MS-75,,,,,active,,,,,,Patient/UKE-0007,,,,,,,,,,,,,,,,,,,,,,,,,,,,,,,,Medication/Medication-899054828,Encounter/UKE-0007-E-1,2020-06-11T00:00:00+02:00,1.0,Tabletten,http://unitsofmeasure.org,1
MedicationStatement/UKE-0007-E-1-MS-76,MedicationStatement,UKE-0007-E-1-MS-76,https://www.medizininformatik-initiative.de/fhir/core/modul-medikation/StructureDefinition/MedicationStatement,,,,,,,,,,,,,,PUT,MedicationStatement/UKE-0007-E-1-MS-76,,,,,active,,,,,,Patient/UKE-0007,,,,,,,,,,,,,,,,,,,,,,,,,,,,,,,,Medication/Medication-760198765,Encounter/UKE-0007-E-1,2020-06-11T00:00:00+02:00,2.0,Tabletten,http://unitsofmeasure.org,1
MedicationStatement/UKE-0007-E-1-MS-77,MedicationStatement,UKE-0007-E-1-MS-77,https://www.medizininformatik-initiative.de/fhir/core/modul-medikation/StructureDefinition/MedicationStatement,,,,,,,,,,,,,,PUT,MedicationStatement/UKE-0007-E-1-MS-77,,,,,active,,,,,,Patient/UKE-0007,,,,,,,,,,,,,,,,,,,,,,,,,,,,,,,,Medication/Medication-756563301,Encounter/UKE-0007-E-1,2020-06-11T00:00:00+02:00,2.0,Injektionslösung,http://unitsofmeasure.org,1
MedicationStatement/UKE-0007-E-1-MS-78,MedicationStatement,UKE-0007-E-1-MS-78,https://www.medizininformatik-initiative.de/fhir/core/modul-medikation/StructureDefinition/MedicationStatement,,,,,,,,,,,,,,PUT,MedicationStatement/UKE-0007-E-1-MS-78,,,,,active,,,,,,Patient/UKE-0007,,,,,,,,,,,,,,,,,,,,,,,,,,,,,,,,Medication/Medication--990736479,Encounter/UKE-0007-E-1,2020-06-11T00:00:00+02:00,3.0,Tabletten,http://unitsofmeasure.org,1
MedicationStatement/UKE-0007-E-1-MS-79,MedicationStatement,UKE-0007-E-1-MS-79,https://www.medizininformatik-initiative.de/fhir/core/modul-medikation/StructureDefinition/MedicationStatement,,,,,,,,,,,,,,PUT,MedicationStatement/UKE-0007-E-1-MS-79,,,,,active,,,,,,Patient/UKE-0007,,,,,,,,,,,,,,,,,,,,,,,,,,,,,,,,Medication/Medication--1622394655,Encounter/UKE-0007-E-1,2020-06-11T00:00:00+02:00,2.0,Tabletten,http://unitsofmeasure.org,1
MedicationStatement/UKE-0007-E-1-MS-80,MedicationStatement,UKE-0007-E-1-MS-80,https://www.medizininformatik-initiative.de/fhir/core/modul-medikation/StructureDefinition/MedicationStatement,,,,,,,,,,,,,,PUT,MedicationStatement/UKE-0007-E-1-MS-80,,,,,active,,,,,,Patient/UKE-0007,,,,,,,,,,,,,,,,,,,,,,,,,,,,,,,,Medication/Medication-756593092,Encounter/UKE-0007-E-1,2020-06-11T00:00:00+02:00,1.0,Tabletten,http://unitsofmeasure.org,1
MedicationStatement/UKE-0007-E-1-MS-81,MedicationStatement,UKE-0007-E-1-MS-81,https://www.medizininformatik-initiative.de/fhir/core/modul-medikation/StructureDefinition/MedicationStatement,,,,,,,,,,,,,,PUT,MedicationStatement/UKE-0007-E-1-MS-81,,,,,active,,,,,,Patient/UKE-0007,,,,,,,,,,,,,,,,,,,,,,,,,,,,,,,,Medication/Medication--990768222,Encounter/UKE-0007-E-1,2020-06-11T00:00:00+02:00,3.0,Tabletten,http://unitsofmeasure.org,1
MedicationStatement/UKE-0007-E-1-MS-82,MedicationStatement,UKE-0007-E-1-MS-82,https://www.medizininformatik-initiative.de/fhir/core/modul-medikation/StructureDefinition/MedicationStatement,,,,,,,,,,,,,,PUT,MedicationStatement/UKE-0007-E-1-MS-82,,,,,active,,,,,,Patient/UKE-0007,,,,,,,,,,,,,,,,,,,,,,,,,,,,,,,,Medication/Medication--132845077,Encounter/UKE-0007-E-1,2020-06-11T00:00:00+02:00,1.0,Tabletten,http://unitsofmeasure.org,1
MedicationStatement/UKE-0007-E-1-MS-83,MedicationStatement,UKE-0007-E-1-MS-83,https://www.medizininformatik-initiative.de/fhir/core/modul-medikation/StructureDefinition/MedicationStatement,,,,,,,,,,,,,,PUT,MedicationStatement/UKE-0007-E-1-MS-83,,,,,active,,,,,,Patient/UKE-0007,,,,,,,,,,,,,,,,,,,,,,,,,,,,,,,,Medication/Medication--132845079,Encounter/UKE-0007-E-1,2020-06-11T00:00:00+02:00,1.0,Tabletten,http://unitsofmeasure.org,1
MedicationStatement/UKE-0007-E-1-MS-84,MedicationStatement,UKE-0007-E-1-MS-84,https://www.medizininformatik-initiative.de/fhir/core/modul-medikation/StructureDefinition/MedicationStatement,,,,,,,,,,,,,,PUT,MedicationStatement/UKE-0007-E-1-MS-84,,,,,active,,,,,,Patient/UKE-0007,,,,,,,,,,,,,,,,,,,,,,,,,,,,,,,,Medication/Medication-1928219732,Encounter/UKE-0007-E-1,2020-06-11T00:00:00+02:00,4.0,Tabletten,http://unitsofmeasure.org,1
MedicationStatement/UKE-0007-E-1-MS-85,MedicationStatement,UKE-0007-E-1-MS-85,https://www.medizininformatik-initiative.de/fhir/core/modul-medikation/StructureDefinition/MedicationStatement,,,,,,,,,,,,,,PUT,MedicationStatement/UKE-0007-E-1-MS-85,,,,,active,,,,,,Patient/UKE-0007,,,,,,,,,,,,,,,,,,,,,,,,,,,,,,,,Medication/Medication--132846039,Encounter/UKE-0007-E-1,2020-06-12T00:00:00+02:00,1.0,Fertigspritzen,http://unitsofmeasure.org,1
MedicationStatement/UKE-0007-E-1-MS-86,MedicationStatement,UKE-0007-E-1-MS-86,https://www.medizininformatik-initiative.de/fhir/core/modul-medikation/StructureDefinition/MedicationStatement,,,,,,,,,,,,,,PUT,MedicationStatement/UKE-0007-E-1-MS-86,,,,,active,,,,,,Patient/UKE-0007,,,,,,,,,,,,,,,,,,,,,,,,,,,,,,,,Medication/Medication--1019395450,Encounter/UKE-0007-E-1,2020-06-12T00:00:00+02:00,1.0,Tabletten,http://unitsofmeasure.org,1
MedicationStatement/UKE-0007-E-1-MS-87,MedicationStatement,UKE-0007-E-1-MS-87,https://www.medizininformatik-initiative.de/fhir/core/modul-medikation/StructureDefinition/MedicationStatement,,,,,,,,,,,,,,PUT,MedicationStatement/UKE-0007-E-1-MS-87,,,,,active,,,,,,Patient/UKE-0007,,,,,,,,,,,,,,,,,,,,,,,,,,,,,,,,Medication/Medication-899054828,Encounter/UKE-0007-E-1,2020-06-12T00:00:00+02:00,1.0,Tabletten,http://unitsofmeasure.org,1
MedicationStatement/UKE-0007-E-1-MS-88,MedicationStatement,UKE-0007-E-1-MS-88,https://www.medizininformatik-initiative.de/fhir/core/modul-medikation/StructureDefinition/MedicationStatement,,,,,,,,,,,,,,PUT,MedicationStatement/UKE-0007-E-1-MS-88,,,,,active,,,,,,Patient/UKE-0007,,,,,,,,,,,,,,,,,,,,,,,,,,,,,,,,Medication/Medication-760198765,Encounter/UKE-0007-E-1,2020-06-12T00:00:00+02:00,2.0,Tabletten,http://unitsofmeasure.org,1
MedicationStatement/UKE-0007-E-1-MS-89,MedicationStatement,UKE-0007-E-1-MS-89,https://www.medizininformatik-initiative.de/fhir/core/modul-medikation/StructureDefinition/MedicationStatement,,,,,,,,,,,,,,PUT,MedicationStatement/UKE-0007-E-1-MS-89,,,,,active,,,,,,Patient/UKE-0007,,,,,,,,,,,,,,,,,,,,,,,,,,,,,,,,Medication/Medication-756563301,Encounter/UKE-0007-E-1,2020-06-12T00:00:00+02:00,2.0,Injektionslösung,http://unitsofmeasure.org,1
MedicationStatement/UKE-0007-E-1-MS-90,MedicationStatement,UKE-0007-E-1-MS-90,https://www.medizininformatik-initiative.de/fhir/core/modul-medikation/StructureDefinition/MedicationStatement,,,,,,,,,,,,,,PUT,MedicationStatement/UKE-0007-E-1-MS-90,,,,,active,,,,,,Patient/UKE-0007,,,,,,,,,,,,,,,,,,,,,,,,,,,,,,,,Medication/Medication--990736479,Encounter/UKE-0007-E-1,2020-06-12T00:00:00+02:00,3.0,Tabletten,http://unitsofmeasure.org,1
MedicationStatement/UKE-0007-E-1-MS-91,MedicationStatement,UKE-0007-E-1-MS-91,https://www.medizininformatik-initiative.de/fhir/core/modul-medikation/StructureDefinition/MedicationStatement,,,,,,,,,,,,,,PUT,MedicationStatement/UKE-0007-E-1-MS-91,,,,,active,,,,,,Patient/UKE-0007,,,,,,,,,,,,,,,,,,,,,,,,,,,,,,,,Medication/Medication--1622394655,Encounter/UKE-0007-E-1,2020-06-12T00:00:00+02:00,2.0,Tabletten,http://unitsofmeasure.org,1
MedicationStatement/UKE-0007-E-1-MS-92,MedicationStatement,UKE-0007-E-1-MS-92,https://www.medizininformatik-initiative.de/fhir/core/modul-medikation/StructureDefinition/MedicationStatement,,,,,,,,,,,,,,PUT,MedicationStatement/UKE-0007-E-1-MS-92,,,,,active,,,,,,Patient/UKE-0007,,,,,,,,,,,,,,,,,,,,,,,,,,,,,,,,Medication/Medication-756593092,Encounter/UKE-0007-E-1,2020-06-12T00:00:00+02:00,1.0,Tabletten,http://unitsofmeasure.org,1
MedicationStatement/UKE-0007-E-1-MS-93,MedicationStatement,UKE-0007-E-1-MS-93,https://www.medizininformatik-initiative.de/fhir/core/modul-medikation/StructureDefinition/MedicationStatement,,,,,,,,,,,,,,PUT,MedicationStatement/UKE-0007-E-1-MS-93,,,,,active,,,,,,Patient/UKE-0007,,,,,,,,,,,,,,,,,,,,,,,,,,,,,,,,Medication/Medication--990768222,Encounter/UKE-0007-E-1,2020-06-12T00:00:00+02:00,3.0,Tabletten,http://unitsofmeasure.org,1
MedicationStatement/UKE-0007-E-1-MS-94,MedicationStatement,UKE-0007-E-1-MS-94,https://www.medizininformatik-initiative.de/fhir/core/modul-medikation/StructureDefinition/MedicationStatement,,,,,,,,,,,,,,PUT,MedicationStatement/UKE-0007-E-1-MS-94,,,,,active,,,,,,Patient/UKE-0007,,,,,,,,,,,,,,,,,,,,,,,,,,,,,,,,Medication/Medication--132845077,Encounter/UKE-0007-E-1,2020-06-12T00:00:00+02:00,1.0,Tabletten,http://unitsofmeasure.org,1
MedicationStatement/UKE-0007-E-1-MS-95,MedicationStatement,UKE-0007-E-1-MS-95,https://www.medizininformatik-initiative.de/fhir/core/modul-medikation/StructureDefinition/MedicationStatement,,,,,,,,,,,,,,PUT,MedicationStatement/UKE-0007-E-1-MS-95,,,,,active,,,,,,Patient/UKE-0007,,,,,,,,,,,,,,,,,,,,,,,,,,,,,,,,Medication/Medication--132845079,Encounter/UKE-0007-E-1,2020-06-12T00:00:00+02:00,1.0,Tabletten,http://unitsofmeasure.org,1
MedicationStatement/UKE-0007-E-1-MS-96,MedicationStatement,UKE-0007-E-1-MS-96,https://www.medizininformatik-initiative.de/fhir/core/modul-medikation/StructureDefinition/MedicationStatement,,,,,,,,,,,,,,PUT,MedicationStatement/UKE-0007-E-1-MS-96,,,,,active,,,,,,Patient/UKE-0007,,,,,,,,,,,,,,,,,,,,,,,,,,,,,,,,Medication/Medication-1928219732,Encounter/UKE-0007-E-1,2020-06-12T00:00:00+02:00,4.0,Tabletten,http://unitsofmeasure.org,1
MedicationStatement/UKE-0007-E-1-MS-97,MedicationStatement,UKE-0007-E-1-MS-97,https://www.medizininformatik-initiative.de/fhir/core/modul-medikation/StructureDefinition/MedicationStatement,,,,,,,,,,,,,,PUT,MedicationStatement/UKE-0007-E-1-MS-97,,,,,active,,,,,,Patient/UKE-0007,,,,,,,,,,,,,,,,,,,,,,,,,,,,,,,,Medication/Medication--132846039,Encounter/UKE-0007-E-1,2020-06-13T00:00:00+02:00,1.0,Fertigspritzen,http://unitsofmeasure.org,1
MedicationStatement/UKE-0007-E-1-MS-98,MedicationStatement,UKE-0007-E-1-MS-98,https://www.medizininformatik-initiative.de/fhir/core/modul-medikation/StructureDefinition/MedicationStatement,,,,,,,,,,,,,,PUT,MedicationStatement/UKE-0007-E-1-MS-98,,,,,active,,,,,,Patient/UKE-0007,,,,,,,,,,,,,,,,,,,,,,,,,,,,,,,,Medication/Medication--1019395450,Encounter/UKE-0007-E-1,2020-06-13T00:00:00+02:00,1.0,Tabletten,http://unitsofmeasure.org,1
MedicationStatement/UKE-0007-E-1-MS-99,MedicationStatement,UKE-0007-E-1-MS-99,https://www.medizininformatik-initiative.de/fhir/core/modul-medikation/StructureDefinition/MedicationStatement,,,,,,,,,,,,,,PUT,MedicationStatement/UKE-0007-E-1-MS-99,,,,,active,,,,,,Patient/UKE-0007,,,,,,,,,,,,,,,,,,,,,,,,,,,,,,,,Medication/Medication-899054828,Encounter/UKE-0007-E-1,2020-06-13T00:00:00+02:00,1.0,Tabletten,http://unitsofmeasure.org,1
MedicationStatement/UKE-0007-E-1-MS-100,MedicationStatement,UKE-0007-E-1-MS-100,https://www.medizininformatik-initiative.de/fhir/core/modul-medikation/StructureDefinition/MedicationStatement,,,,,,,,,,,,,,PUT,MedicationStatement/UKE-0007-E-1-MS-100,,,,,active,,,,,,Patient/UKE-0007,,,,,,,,,,,,,,,,,,,,,,,,,,,,,,,,Medication/Medication-760198765,Encounter/UKE-0007-E-1,2020-06-13T00:00:00+02:00,2.0,Tabletten,http://unitsofmeasure.org,1
MedicationStatement/UKE-0007-E-1-MS-101,MedicationStatement,UKE-0007-E-1-MS-101,https://www.medizininformatik-initiative.de/fhir/core/modul-medikation/StructureDefinition/MedicationStatement,,,,,,,,,,,,,,PUT,MedicationStatement/UKE-0007-E-1-MS-101,,,,,active,,,,,,Patient/UKE-0007,,,,,,,,,,,,,,,,,,,,,,,,,,,,,,,,Medication/Medication-756563301,Encounter/UKE-0007-E-1,2020-06-13T00:00:00+02:00,2.0,Injektionslösung,http://unitsofmeasure.org,1
MedicationStatement/UKE-0007-E-1-MS-102,MedicationStatement,UKE-0007-E-1-MS-102,https://www.medizininformatik-initiative.de/fhir/core/modul-medikation/StructureDefinition/MedicationStatement,,,,,,,,,,,,,,PUT,MedicationStatement/UKE-0007-E-1-MS-102,,,,,active,,,,,,Patient/UKE-0007,,,,,,,,,,,,,,,,,,,,,,,,,,,,,,,,Medication/Medication--990736479,Encounter/UKE-0007-E-1,2020-06-13T00:00:00+02:00,3.0,Tabletten,http://unitsofmeasure.org,1
MedicationStatement/UKE-0007-E-1-MS-103,MedicationStatement,UKE-0007-E-1-MS-103,https://www.medizininformatik-initiative.de/fhir/core/modul-medikation/StructureDefinition/MedicationStatement,,,,,,,,,,,,,,PUT,MedicationStatement/UKE-0007-E-1-MS-103,,,,,active,,,,,,Patient/UKE-0007,,,,,,,,,,,,,,,,,,,,,,,,,,,,,,,,Medication/Medication--1622394655,Encounter/UKE-0007-E-1,2020-06-13T00:00:00+02:00,2.0,Tabletten,http://unitsofmeasure.org,1
MedicationStatement/UKE-0007-E-1-MS-104,MedicationStatement,UKE-0007-E-1-MS-104,https://www.medizininformatik-initiative.de/fhir/core/modul-medikation/StructureDefinition/MedicationStatement,,,,,,,,,,,,,,PUT,MedicationStatement/UKE-0007-E-1-MS-104,,,,,active,,,,,,Patient/UKE-0007,,,,,,,,,,,,,,,,,,,,,,,,,,,,,,,,Medication/Medication-756593092,Encounter/UKE-0007-E-1,2020-06-13T00:00:00+02:00,1.0,Tabletten,http://unitsofmeasure.org,1
MedicationStatement/UKE-0007-E-1-MS-105,MedicationStatement,UKE-0007-E-1-MS-105,https://www.medizininformatik-initiative.de/fhir/core/modul-medikation/StructureDefinition/MedicationStatement,,,,,,,,,,,,,,PUT,MedicationStatement/UKE-0007-E-1-MS-105,,,,,active,,,,,,Patient/UKE-0007,,,,,,,,,,,,,,,,,,,,,,,,,,,,,,,,Medication/Medication--990768222,Encounter/UKE-0007-E-1,2020-06-13T00:00:00+02:00,3.0,Tabletten,http://unitsofmeasure.org,1
MedicationStatement/UKE-0007-E-1-MS-106,MedicationStatement,UKE-0007-E-1-MS-106,https://www.medizininformatik-initiative.de/fhir/core/modul-medikation/StructureDefinition/MedicationStatement,,,,,,,,,,,,,,PUT,MedicationStatement/UKE-0007-E-1-MS-106,,,,,active,,,,,,Patient/UKE-0007,,,,,,,,,,,,,,,,,,,,,,,,,,,,,,,,Medication/Medication--132845077,Encounter/UKE-0007-E-1,2020-06-13T00:00:00+02:00,1.0,Tabletten,http://unitsofmeasure.org,1
MedicationStatement/UKE-0007-E-1-MS-107,MedicationStatement,UKE-0007-E-1-MS-107,https://www.medizininformatik-initiative.de/fhir/core/modul-medikation/StructureDefinition/MedicationStatement,,,,,,,,,,,,,,PUT,MedicationStatement/UKE-0007-E-1-MS-107,,,,,active,,,,,,Patient/UKE-0007,,,,,,,,,,,,,,,,,,,,,,,,,,,,,,,,Medication/Medication--132845079,Encounter/UKE-0007-E-1,2020-06-13T00:00:00+02:00,1.0,Tabletten,http://unitsofmeasure.org,1
MedicationStatement/UKE-0007-E-1-MS-108,MedicationStatement,UKE-0007-E-1-MS-108,https://www.medizininformatik-initiative.de/fhir/core/modul-medikation/StructureDefinition/MedicationStatement,,,,,,,,,,,,,,PUT,MedicationStatement/UKE-0007-E-1-MS-108,,,,,active,,,,,,Patient/UKE-0007,,,,,,,,,,,,,,,,,,,,,,,,,,,,,,,,Medication/Medication-1928219732,Encounter/UKE-0007-E-1,2020-06-13T00:00:00+02:00,4.0,Tabletten,http://unitsofmeasure.org,1
MedicationStatement/UKE-0007-E-1-MS-109,MedicationStatement,UKE-0007-E-1-MS-109,https://www.medizininformatik-initiative.de/fhir/core/modul-medikation/StructureDefinition/MedicationStatement,,,,,,,,,,,,,,PUT,MedicationStatement/UKE-0007-E-1-MS-109,,,,,active,,,,,,Patient/UKE-0007,,,,,,,,,,,,,,,,,,,,,,,,,,,,,,,,Medication/Medication--132846039,Encounter/UKE-0007-E-1,2020-06-14T00:00:00+02:00,1.0,Fertigspritzen,http://unitsofmeasure.org,1
MedicationStatement/UKE-0007-E-1-MS-110,MedicationStatement,UKE-0007-E-1-MS-110,https://www.medizininformatik-initiative.de/fhir/core/modul-medikation/StructureDefinition/MedicationStatement,,,,,,,,,,,,,,PUT,MedicationStatement/UKE-0007-E-1-MS-110,,,,,active,,,,,,Patient/UKE-0007,,,,,,,,,,,,,,,,,,,,,,,,,,,,,,,,Medication/Medication--1019395450,Encounter/UKE-0007-E-1,2020-06-14T00:00:00+02:00,1.0,Tabletten,http://unitsofmeasure.org,1
MedicationStatement/UKE-0007-E-1-MS-111,MedicationStatement,UKE-0007-E-1-MS-111,https://www.medizininformatik-initiative.de/fhir/core/modul-medikation/StructureDefinition/MedicationStatement,,,,,,,,,,,,,,PUT,MedicationStatement/UKE-0007-E-1-MS-111,,,,,active,,,,,,Patient/UKE-0007,,,,,,,,,,,,,,,,,,,,,,,,,,,,,,,,Medication/Medication-899054828,Encounter/UKE-0007-E-1,2020-06-14T00:00:00+02:00,1.0,Tabletten,http://unitsofmeasure.org,1
MedicationStatement/UKE-0007-E-1-MS-112,MedicationStatement,UKE-0007-E-1-MS-112,https://www.medizininformatik-initiative.de/fhir/core/modul-medikation/StructureDefinition/MedicationStatement,,,,,,,,,,,,,,PUT,MedicationStatement/UKE-0007-E-1-MS-112,,,,,active,,,,,,Patient/UKE-0007,,,,,,,,,,,,,,,,,,,,,,,,,,,,,,,,Medication/Medication-760198765,Encounter/UKE-0007-E-1,2020-06-14T00:00:00+02:00,2.0,Tabletten,http://unitsofmeasure.org,1
MedicationStatement/UKE-0007-E-1-MS-113,MedicationStatement,UKE-0007-E-1-MS-113,https://www.medizininformatik-initiative.de/fhir/core/modul-medikation/StructureDefinition/MedicationStatement,,,,,,,,,,,,,,PUT,MedicationStatement/UKE-0007-E-1-MS-113,,,,,active,,,,,,Patient/UKE-0007,,,,,,,,,,,,,,,,,,,,,,,,,,,,,,,,Medication/Medication-756563301,Encounter/UKE-0007-E-1,2020-06-14T00:00:00+02:00,2.0,Injektionslösung,http://unitsofmeasure.org,1
MedicationStatement/UKE-0007-E-1-MS-114,MedicationStatement,UKE-0007-E-1-MS-114,https://www.medizininformatik-initiative.de/fhir/core/modul-medikation/StructureDefinition/MedicationStatement,,,,,,,,,,,,,,PUT,MedicationStatement/UKE-0007-E-1-MS-114,,,,,active,,,,,,Patient/UKE-0007,,,,,,,,,,,,,,,,,,,,,,,,,,,,,,,,Medication/Medication--990736479,Encounter/UKE-0007-E-1,2020-06-14T00:00:00+02:00,3.0,Tabletten,http://unitsofmeasure.org,1
MedicationStatement/UKE-0007-E-1-MS-115,MedicationStatement,UKE-0007-E-1-MS-115,https://www.medizininformatik-initiative.de/fhir/core/modul-medikation/StructureDefinition/MedicationStatement,,,,,,,,,,,,,,PUT,MedicationStatement/UKE-0007-E-1-MS-115,,,,,active,,,,,,Patient/UKE-0007,,,,,,,,,,,,,,,,,,,,,,,,,,,,,,,,Medication/Medication--1622394655,Encounter/UKE-0007-E-1,2020-06-14T00:00:00+02:00,2.0,Tabletten,http://unitsofmeasure.org,1
MedicationStatement/UKE-0007-E-1-MS-116,MedicationStatement,UKE-0007-E-1-MS-116,https://www.medizininformatik-initiative.de/fhir/core/modul-medikation/StructureDefinition/MedicationStatement,,,,,,,,,,,,,,PUT,MedicationStatement/UKE-0007-E-1-MS-116,,,,,active,,,,,,Patient/UKE-0007,,,,,,,,,,,,,,,,,,,,,,,,,,,,,,,,Medication/Medication-756593092,Encounter/UKE-0007-E-1,2020-06-14T00:00:00+02:00,1.0,Tabletten,http://unitsofmeasure.org,1
MedicationStatement/UKE-0007-E-1-MS-117,MedicationStatement,UKE-0007-E-1-MS-117,https://www.medizininformatik-initiative.de/fhir/core/modul-medikation/StructureDefinition/MedicationStatement,,,,,,,,,,,,,,PUT,MedicationStatement/UKE-0007-E-1-MS-117,,,,,active,,,,,,Patient/UKE-0007,,,,,,,,,,,,,,,,,,,,,,,,,,,,,,,,Medication/Medication--990768222,Encounter/UKE-0007-E-1,2020-06-14T00:00:00+02:00,3.0,Tabletten,http://unitsofmeasure.org,1
MedicationStatement/UKE-0007-E-1-MS-118,MedicationStatement,UKE-0007-E-1-MS-118,https://www.medizininformatik-initiative.de/fhir/core/modul-medikation/StructureDefinition/MedicationStatement,,,,,,,,,,,,,,PUT,MedicationStatement/UKE-0007-E-1-MS-118,,,,,active,,,,,,Patient/UKE-0007,,,,,,,,,,,,,,,,,,,,,,,,,,,,,,,,Medication/Medication--132845077,Encounter/UKE-0007-E-1,2020-06-14T00:00:00+02:00,1.0,Tabletten,http://unitsofmeasure.org,1
MedicationStatement/UKE-0007-E-1-MS-119,MedicationStatement,UKE-0007-E-1-MS-119,https://www.medizininformatik-initiative.de/fhir/core/modul-medikation/StructureDefinition/MedicationStatement,,,,,,,,,,,,,,PUT,MedicationStatement/UKE-0007-E-1-MS-119,,,,,active,,,,,,Patient/UKE-0007,,,,,,,,,,,,,,,,,,,,,,,,,,,,,,,,Medication/Medication--132845079,Encounter/UKE-0007-E-1,2020-06-14T00:00:00+02:00,1.0,Tabletten,http://unitsofmeasure.org,1
MedicationStatement/UKE-0007-E-1-MS-120,MedicationStatement,UKE-0007-E-1-MS-120,https://www.medizininformatik-initiative.de/fhir/core/modul-medikation/StructureDefinition/MedicationStatement,,,,,,,,,,,,,,PUT,MedicationStatement/UKE-0007-E-1-MS-120,,,,,active,,,,,,Patient/UKE-0007,,,,,,,,,,,,,,,,,,,,,,,,,,,,,,,,Medication/Medication-1928219732,Encounter/UKE-0007-E-1,2020-06-14T00:00:00+02:00,4.0,Tabletten,http://unitsofmeasure.org,1
