fullUrl,resource_resourceType,resource_id,resource_meta_profile_0,resource_identifier_0_use,resource_identifier_0_type_coding_0_system,resource_identifier_0_type_coding_0_code,resource_identifier_0_system,resource_identifier_0_value,resource_name_0_use,resource_name_0_family,resource_name_0_given_0,resource_gender,resource_birthDate,resource_address_0_extension_0_url,resource_address_0_extension_0_valueCode,resource_generalPractitioner_0_display,request_method,request_url,resource_identifier_0__system_extension_0_url,resource_identifier_0__system_extension_0_valueCode,resource_identifier_0_assigner_identifier_system,resource_identifier_0_assigner_identifier_value,resource_status,resource_class_system,resource_class_code,resource_class_display,resource_type_0_coding_0_code,resource_type_0_coding_0_display,resource_subject_reference,resource_period_start,resource_period_end,resource_diagnosis_0_condition_reference,resource_diagnosis_0_use_coding_0_system,resource_diagnosis_0_use_coding_0_code,resource_diagnosis_0_use_coding_0_display,resource_class_extension_0_url,resource_class_extension_0_valueCode,resource_serviceType_coding_0_system,resource_serviceType_coding_0_code,resource_serviceType_coding_0_display,resource_diagnosis_0_condition__reference_extension_0_url,resource_diagnosis_0_condition__reference_extension_0_valueCode,resource_partOf_reference,resource_code_coding_0_system,resource_code_coding_0_version,resource_code_coding_0_code,resource_code_text,resource_recordedDate,resource_code_coding_1_system,resource_code_coding_1_code,resource_ingredient_0_itemCodeableConcept_coding_0_system,resource_ingredient_0_itemCodeableConcept_coding_0__code_extension_0_url,resource_ingredient_0_itemCodeableConcept_coding_0__code_extension_0_valueCode,resource_ingredient_0_strength_numerator_value,resource_ingredient_0_strength_numerator_unit,resource_ingredient_0_strength_numerator_system,resource_ingredient_0_strength_numerator_code,resource_ingredient_0_strength_denominator_value,resource_ingredient_0_strength_denominator_system,resource_ingredient_0_strength_denominator_code,resource_medicationReference_reference,resource_context_reference,resource_effectiveDateTime,resource_dosage_0_doseAndRate_0_doseQuantity_value,resource_dosage_0_doseAndRate_0_doseQuantity_unit,resource_dosage_0_doseAndRate_0_doseQuantity_system,resource_dosage_0_doseAndRate_0_doseQuantity_code
Patient/UKE-0005,Patient,UKE-0005,https://www.medizininformatik-initiative.de/fhir/core/modul-person/StructureDefinition/Patient,usual,http://terminology.hl7.org/CodeSystem/v2-0203,MR,https://UKE.de/pid,UKE-0005,official,h,e,female,1972-01-01,http://terminology.hl7.org/CodeSystem/data-absent-reason,unknown,TKK,PUT,Patient/UKE-0005,,,,,,,,,,,,,,,,,,,,,,,,,,,,,,,,,,,,,,,,,,,,,,,,,
Encounter/UKE-0005-E-1,Encounter,UKE-0005-E-1,https://www.medizininformatik-initiative.de/fhir/core/modul-fall/StructureDefinition/KontaktGesundheitseinrichtung,,http://terminology.hl7.org/CodeSystem/v2-0203,VN,,UKE-0005-E-1,,,,,,,,,PUT,Encounter/UKE-0005-E-1,http://terminology.hl7.org/CodeSystem/data-absent-reason,unknown,https://www.medizininformatik-initiative.de/fhir/core/NamingSystem/org-identifier,UKE,finished,http://terminology.hl7.org/CodeSystem/v3-ActCode,IMP,inpatient encounter,einrichtungskontakt,Einrichtungskontakt,Patient/UKE-0005,2020-01-30T00:00:00+01:00,2020-03-03T00:00:00+01:00,Condition/UKE-0005-E-1-D-1,http://terminology.hl7.org/CodeSystem/diagnosis-role,AD,Admission diagnosis,,,,,,,,,,,,,,,,,,,,,,,,,,,,,,,,
Encounter/UKE-0005-E-1-A-1,Encounter,UKE-0005-E-1-A-1,https://www.medizininformatik-initiative.de/fhir/core/modul-fall/StructureDefinition/KontaktGesundheitseinrichtung,,,,,,,,,,,,,,PUT,Encounter/UKE-0005-E-1-A-1,,,,,finished,,,,abteilungskontakt,Abteilungskontakt,Patient/UKE-0005,2020-01-30T00:00:00+01:00,2020-03-03T00:00:00+01:00,,,,,http://terminology.hl7.org/CodeSystem/data-absent-reason,unknown,http://fhir.de/CodeSystem/dkgev/Fachabteilungsschluessel,0100,Innere Medizin,http://terminology.hl7.org/CodeSystem/data-absent-reason,unknown,Encounter/UKE-0005-E-1,,,,,,,,,,,,,,,,,,,,,,,,
Condition/UKE-0005-E-1-D-1,Condition,UKE-0005-E-1-D-1,https://www.medizininformatik-initiative.de/fhir/core/modul-diagnose/StructureDefinition/Diagnose,,,,,UKE-0005-E-1-D-1,,,,,,,,,PUT,Condition/UKE-0005-E-1-D-1,,,,,,,,,,,Patient/UKE-0005,,,,,,,,,,,,,,,http://fhir.de/CodeSystem/bfarm/icd-10-gm,2020,N18.2,"Chronische Nierenkrankheit, Stadium 2",2020-01-30T00:00:00+01:00,,,,,,,,,,,,,,,,,,,
Medication/Medication--132846039,Medication,Medication--132846039,https://www.medizininformatik-initiative.de/fhir/core/modul-medikation/StructureDefinition/Medication,,,,,Medication--132846039,,,,,,,,,PUT,Medication/Medication--132846039,,,,,,,,,,,,,,,,,,,,,,,,,,http://fhir.de/CodeSystem/ifa/pzn,,05013266,Enoxaparin natrium,,http://fhir.de/CodeSystem/bfarm/atc,B01AB05,http://fhir.de/CodeSystem/ask,http://terminology.hl7.org/CodeSystem/data-absent-reason,unknown,20.0,milligram,http://unitsofmeasure.org,mg,1.0,http://XXX,Fertigspritzen,,,,,,,
MedicationStatement/UKE-0005-E-1-MS-1,MedicationStatement,UKE-0005-E-1-MS-1,https://www.medizininformatik-initiative.de/fhir/core/modul-medikation/StructureDefinition/MedicationStatement,,,,,,,,,,,,,,PUT,MedicationStatement/UKE-0005-E-1-MS-1,,,,,active,,,,,,Patient/UKE-0005,,,,,,,,,,,,,,,,,,,,,,,,,,,,,,,,Medication/Medication--132846039,Encounter/UKE-0005-E-1,2020-01-30T00:00:00+01:00,1.0,Fertigspritzen,http://unitsofmeasure.org,1
Medication/Medication--1019395450,Medication,Medication--1019395450,https://www.medizininformatik-initiative.de/fhir/core/modul-medikation/StructureDefinition/Medication,,,,,Medication--1019395450,,,,,,,,,PUT,Medication/Medication--1019395450,,,,,,,,,,,,,,,,,,,,,,,,,,http://fhir.de/CodeSystem/ifa/pzn,,11357188,Pantoprazol,,http://fhir.de/CodeSystem/bfarm/atc,A02BC02,http://fhir.de/CodeSystem/ask,http://terminology.hl7.org/CodeSystem/data-absent-reason,unknown,40.0,milligram,http://unitsofmeasure.org,mg,1.0,http://XXX,Tabletten,,,,,,,
MedicationStatement/UKE-0005-E-1-MS-2,MedicationStatement,UKE-0005-E-1-MS-2,https://www.medizininformatik-initiative.de/fhir/core/modul-medikation/StructureDefinition/MedicationStatement,,,,,,,,,,,,,,PUT,MedicationStatement/UKE-0005-E-1-MS-2,,,,,active,,,,,,Patient/UKE-0005,,,,,,,,,,,,,,,,,,,,,,,,,,,,,,,,Medication/Medication--1019395450,Encounter/UKE-0005-E-1,2020-01-30T00:00:00+01:00,1.0,Tabletten,http://unitsofmeasure.org,1
Medication/Medication-899085580,Medication,Medication-899085580,https://www.medizininformatik-initiative.de/fhir/core/modul-medikation/StructureDefinition/Medication,,,,,Medication-899085580,,,,,,,,,PUT,Medication/Medication-899085580,,,,,,,,,,,,,,,,,,,,,,,,,,http://fhir.de/CodeSystem/ifa/pzn,,02532586,Carbimazol,,http://fhir.de/CodeSystem/bfarm/atc,H03BB01,http://fhir.de/CodeSystem/ask,http://terminology.hl7.org/CodeSystem/data-absent-reason,unknown,10.0,milligram,http://unitsofmeasure.org,mg,1.0,http://XXX,Tabletten,,,,,,,
MedicationStatement/UKE-0005-E-1-MS-3,MedicationStatement,UKE-0005-E-1-MS-3,https://www.medizininformatik-initiative.de/fhir/core/modul-medikation/StructureDefinition/MedicationStatement,,,,,,,,,,,,,,PUT,MedicationStatement/UKE-0005-E-1-MS-3,,,,,active,,,,,,Patient/UKE-0005,,,,,,,,,,,,,,,,,,,,,,,,,,,,,,,,Medication/Medication-899085580,Encounter/UKE-0005-E-1,2020-01-30T00:00:00+01:00,1.0,Tabletten,http://unitsofmeasure.org,1
Medication/Medication-762104432,Medication,Medication-762104432,https://www.medizininformatik-initiative.de/fhir/core/modul-medikation/StructureDefinition/Medication,,,,,Medication-762104432,,,,,,,,,PUT,Medication/Medication-762104432,,,,,,,,,,,,,,,,,,,,,,,,,,http://fhir.de/CodeSystem/ifa/pzn,,09614376,Candesartan cilexetil,,http://fhir.de/CodeSystem/bfarm/atc,C09CA06,http://fhir.de/CodeSystem/ask,http://terminology.hl7.org/CodeSystem/data-absent-reason,unknown,32.0,milligram,http://unitsofmeasure.org,mg,1.0,http://XXX,Tabletten,,,,,,,
MedicationStatement/UKE-0005-E-1-MS-4,MedicationStatement,UKE-0005-E-1-MS-4,https://www.medizininformatik-initiative.de/fhir/core/modul-medikation/StructureDefinition/MedicationStatement,,,,,,,,,,,,,,PUT,MedicationStatement/UKE-0005-E-1-MS-4,,,,,active,,,,,,Patient/UKE-0005,,,,,,,,,,,,,,,,,,,,,,,,,,,,,,,,Medication/Medication-762104432,Encounter/UKE-0005-E-1,2020-01-30T00:00:00+01:00,1.0,Tabletten,http://unitsofmeasure.org,1
Medication/Medication-760198765,Medication,Medication-760198765,https://www.medizininformatik-initiative.de/fhir/core/modul-medikation/StructureDefinition/Medication,,,,,Medication-760198765,,,,,,,,,PUT,Medication/Medication-760198765,,,,,,,,,,,,,,,,,,,,,,,,,,http://fhir.de/CodeSystem/ifa/pzn,,09042810,Metoprolol succinat,,http://fhir.de/CodeSystem/bfarm/atc,C07AB02,http://fhir.de/CodeSystem/ask,http://terminology.hl7.org/CodeSystem/data-absent-reason,unknown,47.5,milligram,http://unitsofmeasure.org,mg,1.0,http://XXX,Tabletten,,,,,,,
MedicationStatement/UKE-0005-E-1-MS-5,MedicationStatement,UKE-0005-E-1-MS-5,https://www.medizininformatik-initiative.de/fhir/core/modul-medikation/StructureDefinition/MedicationStatement,,,,,,,,,,,,,,PUT,MedicationStatement/UKE-0005-E-1-MS-5,,,,,active,,,,,,Patient/UKE-0005,,,,,,,,,,,,,,,,,,,,,,,,,,,,,,,,Medication/Medication-760198765,Encounter/UKE-0005-E-1,2020-01-30T00:00:00+01:00,2.0,Tabletten,http://unitsofmeasure.org,1
Medication/Medication--990798010,Medication,Medication--990798010,https://www.medizininformatik-initiative.de/fhir/core/modul-medikation/StructureDefinition/Medication,,,,,Medication--990798010,,,,,,,,,PUT,Medication/Medication--990798010,,,,,,,,,,,,,,,,,,,,,,,,,,http://fhir.de/CodeSystem/ifa/pzn,,09750151,Calcium carbonat,,http://fhir.de/CodeSystem/bfarm/atc,A12AA04,http://fhir.de/CodeSystem/ask,http://terminology.hl7.org/CodeSystem/data-absent-reason,unknown,2500.0,milligram,http://unitsofmeasure.org,mg,1.0,http://XXX,Brausetabletten,,,,,,,
MedicationStatement/UKE-0005-E-1-MS-6,MedicationStatement,UKE-0005-E-1-MS-6,https://www.medizininformatik-initiative.de/fhir/core/modul-medikation/StructureDefinition/MedicationStatement,,,,,,,,,,,,,,PUT,MedicationStatement/UKE-0005-E-1-MS-6,,,,,active,,,,,,Patient/UKE-0005,,,,,,,,,,,,,,,,,,,,,,,,,,,,,,,,Medication/Medication--990798010,Encounter/UKE-0005-E-1,2020-01-30T00:00:00+01:00,1.0,Brausetabletten,http://unitsofmeasure.org,1
Medication/Medication--991660026,Medication,Medication--991660026,https://www.medizininformatik-initiative.de/fhir/core/modul-medikation/StructureDefinition/Medication,,,,,Medication--991660026,,,,,,,,,PUT,Medication/Medication--991660026,,,,,,,,,,,,,,,,,,,,,,,,,,http://fhir.de/CodeSystem/ifa/pzn,,13155661,Colecalciferol,,http://fhir.de/CodeSystem/bfarm/atc,A11CC05,http://fhir.de/CodeSystem/ask,http://terminology.hl7.org/CodeSystem/data-absent-reason,unknown,0.0125,milligram,http://unitsofmeasure.org,mg,1.0,http://XXX,Tabletten,,,,,,,
MedicationStatement/UKE-0005-E-1-MS-7,MedicationStatement,UKE-0005-E-1-MS-7,https://www.medizininformatik-initiative.de/fhir/core/modul-medikation/StructureDefinition/MedicationStatement,,,,,,,,,,,,,,PUT,MedicationStatement/UKE-0005-E-1-MS-7,,,,,active,,,,,,Patient/UKE-0005,,,,,,,,,,,,,,,,,,,,,,,,,,,,,,,,Medication/Medication--991660026,Encounter/UKE-0005-E-1,2020-01-30T00:00:00+01:00,1.0,Tabletten,http://unitsofmeasure.org,1
Medication/Medication-1042529458,Medication,Medication-1042529458,https://www.medizininformatik-initiative.de/fhir/core/modul-medikation/StructureDefinition/Medication,,,,,Medication-1042529458,,,,,,,,,PUT,Medication/Medication-1042529458,,,,,,,,,,,,,,,,,,,,,,,,,,http://fhir.de/CodeSystem/ifa/pzn,,01675496,Allopurinol,,http://fhir.de/CodeSystem/bfarm/atc,M04AA01,http://fhir.de/CodeSystem/ask,http://terminology.hl7.org/CodeSystem/data-absent-reason,unknown,100.0,milligram,http://unitsofmeasure.org,mg,1.0,http://XXX,Tabletten,,,,,,,
MedicationStatement/UKE-0005-E-1-MS-8,MedicationStatement,UKE-0005-E-1-MS-8,https://www.medizininformatik-initiative.de/fhir/core/modul-medikation/StructureDefinition/MedicationStatement,,,,,,,,,,,,,,PUT,MedicationStatement/UKE-0005-E-1-MS-8,,,,,active,,,,,,Patient/UKE-0005,,,,,,,,,,,,,,,,,,,,,,,,,,,,,,,,Medication/Medication-1042529458,Encounter/UKE-0005-E-1,2020-01-30T00:00:00+01:00,1.0,Tabletten,http://unitsofmeasure.org,1
Medication/Medication--1018481507,Medication,Medication--1018481507,https://www.medizininformatik-initiative.de/fhir/core/modul-medikation/StructureDefinition/Medication,,,,,Medication--1018481507,,,,,,,,,PUT,Medication/Medication--1018481507,,,,,,,,,,,,,,,,,,,,,,,,,,http://fhir.de/CodeSystem/ifa/pzn,,00893334,Simeticon,,http://fhir.de/CodeSystem/bfarm/atc,A03AX13,http://fhir.de/CodeSystem/ask,http://terminology.hl7.org/CodeSystem/data-absent-reason,unknown,64.0,milligram per deciliter,http://unitsofmeasure.org,mg/dL,1.0,http://XXX,Lösung zum Einnehmen,,,,,,,
MedicationStatement/UKE-0005-E-1-MS-9,MedicationStatement,UKE-0005-E-1-MS-9,https://www.medizininformatik-initiative.de/fhir/core/modul-medikation/StructureDefinition/MedicationStatement,,,,,,,,,,,,,,PUT,MedicationStatement/UKE-0005-E-1-MS-9,,,,,active,,,,,,Patient/UKE-0005,,,,,,,,,,,,,,,,,,,,,,,,,,,,,,,,Medication/Medication--1018481507,Encounter/UKE-0005-E-1,2020-01-30T00:00:00+01:00,2.0,Lösung zum Einnehmen,http://unitsofmeasure.org,1
Medication/Medication-1928219732,Medication,Medication-1928219732,https://www.medizininformatik-initiative.de/fhir/core/modul-medikation/StructureDefinition/Medication,,,,,Medication-1928219732,,,,,,,,,PUT,Medication/Medication-1928219732,,,,,,,,,,,,,,,,,,,,,,,,,,http://fhir.de/CodeSystem/ifa/pzn,,01126111,Paracetamol,,http://fhir.de/CodeSystem/bfarm/atc,N02BE01,http://fhir.de/CodeSystem/ask,http://terminology.hl7.org/CodeSystem/data-absent-reason,unknown,500.0,milligram,http://unitsofmeasure.org,mg,1.0,http://XXX,Tabletten,,,,,,,
MedicationStatement/UKE-0005-E-1-MS-10,MedicationStatement,UKE-0005-E-1-MS-10,https://www.medizininformatik-initiative.de/fhir/core/modul-medikation/StructureDefinition/MedicationStatement,,,,,,,,,,,,,,PUT,MedicationStatement/UKE-0005-E-1-MS-10,,,,,active,,,,,,Patient/UKE-0005,,,,,,,,,,,,,,,,,,,,,,,,,,,,,,,,Medication/Medication-1928219732,Encounter/UKE-0005-E-1,2020-01-30T00:00:00+01:00,4.0,Tabletten,http://unitsofmeasure.org,1
Medication/Medication-782362307,Medication,Medication-782362307,https://www.medizininformatik-initiative.de/fhir/core/modul-medikation/StructureDefinition/Medication,,,,,Medication-782362307,,,,,,,,,PUT,Medication/Medication-782362307,,,,,,,,,,,,,,,,,,,,,,,,,,http://fhir.de/CodeSystem/ifa/pzn,,02846712,Simvastatin,,http://fhir.de/CodeSystem/bfarm/atc,C10AA01,http://fhir.de/CodeSystem/ask,http://terminology.hl7.org/CodeSystem/data-absent-reason,unknown,40.0,milligram,http://unitsofmeasure.org,mg,1.0,http://XXX,Tabletten,,,,,,,
MedicationStatement/UKE-0005-E-1-MS-11,MedicationStatement,UKE-0005-E-1-MS-11,https://www.medizininformatik-initiative.de/fhir/core/modul-medikation/StructureDefinition/MedicationStatement,,,,,,,,,,,,,,PUT,MedicationStatement/UKE-0005-E-1-MS-11,,,,,active,,,,,,Patient/UKE-0005,,,,,,,,,,,,,,,,,,,,,,,,,,,,,,,,Medication/Medication-782362307,Encounter/UKE-0005-E-1,2020-01-30T00:00:00+01:00,1.0,Tabletten,http://unitsofmeasure.org,1
Medication/Medication-898132273,Medication,Medication-898132273,https://www.medizininformatik-initiative.de/fhir/core/modul-medikation/StructureDefinition/Medication,,,,,Medication-898132273,,,,,,,,,PUT,Medication/Medication-898132273,,,,,,,,,,,,,,,,,,,,,,,,,,http://fhir.de/CodeSystem/ifa/pzn,,04862158,Prednisolon,,http://fhir.de/CodeSystem/bfarm/atc,H02AB06,http://fhir.de/CodeSystem/ask,http://terminology.hl7.org/CodeSystem/data-absent-reason,unknown,5.0,milligram,http://unitsofmeasure.org,mg,1.0,http://XXX,Tabletten,,,,,,,
MedicationStatement/UKE-0005-E-1-MS-12,MedicationStatement,UKE-0005-E-1-MS-12,https://www.medizininformatik-initiative.de/fhir/core/modul-medikation/StructureDefinition/MedicationStatement,,,,,,,,,,,,,,PUT,MedicationStatement/UKE-0005-E-1-MS-12,,,,,active,,,,,,Patient/UKE-0005,,,,,,,,,,,,,,,,,,,,,,,,,,,,,,,,Medication/Medication-898132273,Encounter/UKE-0005-E-1,2020-01-30T00:00:00+01:00,1.0,Tabletten,http://unitsofmeasure.org,1
Medication/Medication-1039840580,Medication,Medication-1039840580,https://www.medizininformatik-initiative.de/fhir/core/modul-medikation/StructureDefinition/Medication,,,,,Medication-1039840580,,,,,,,,,PUT,Medication/Medication-1039840580,,,,,,,,,,,,,,,,,,,,,,,,,,http://fhir.de/CodeSystem/ifa/pzn,,09221406,Methotrexat,,http://fhir.de/CodeSystem/bfarm/atc,M01CX01,http://fhir.de/CodeSystem/ask,http://terminology.hl7.org/CodeSystem/data-absent-reason,unknown,10.0,milligram,http://unitsofmeasure.org,mg,1.0,http://XXX,Fertigspritzen,,,,,,,
MedicationStatement/UKE-0005-E-1-MS-13,MedicationStatement,UKE-0005-E-1-MS-13,https://www.medizininformatik-initiative.de/fhir/core/modul-medikation/StructureDefinition/MedicationStatement,,,,,,,,,,,,,,PUT,MedicationStatement/UKE-0005-E-1-MS-13,,,,,active,,,,,,Patient/UKE-0005,,,,,,,,,,,,,,,,,,,,,,,,,,,,,,,,Medication/Medication-1039840580,Encounter/UKE-0005-E-1,2020-01-30T00:00:00+01:00,1.0,Fertigspritzen,http://unitsofmeasure.org,1
Medication/Medication--130969210,Medication,Medication--130969210,https://www.medizininformatik-initiative.de/fhir/core/modul-medikation/StructureDefinition/Medication,,,,,Medication--130969210,,,,,,,,,PUT,Medication/Medication--130969210,,,,,,,,,,,,,,,,,,,,,,,,,,http://fhir.de/CodeSystem/ifa/pzn,,07712844,Folsäure,,http://fhir.de/CodeSystem/bfarm/atc,B03BB01,http://fhir.de/CodeSystem/ask,http://terminology.hl7.org/CodeSystem/data-absent-reason,unknown,5.0,milligram,http://unitsofmeasure.org,mg,1.0,http://XXX,Tabletten,,,,,,,
MedicationStatement/UKE-0005-E-1-MS-14,MedicationStatement,UKE-0005-E-1-MS-14,https://www.medizininformatik-initiative.de/fhir/core/modul-medikation/StructureDefinition/MedicationStatement,,,,,,,,,,,,,,PUT,MedicationStatement/UKE-0005-E-1-MS-14,,,,,active,,,,,,Patient/UKE-0005,,,,,,,,,,,,,,,,,,,,,,,,,,,,,,,,Medication/Medication--130969210,Encounter/UKE-0005-E-1,2020-01-30T00:00:00+01:00,1.0,Tabletten,http://unitsofmeasure.org,1
MedicationStatement/UKE-0005-E-1-MS-15,MedicationStatement,UKE-0005-E-1-MS-15,https://www.medizininformatik-initiative.de/fhir/core/modul-medikation/StructureDefinition/MedicationStatement,,,,,,,,,,,,,,PUT,MedicationStatement/UKE-0005-E-1-MS-15,,,,,active,,,,,,Patient/UKE-0005,,,,,,,,,,,,,,,,,,,,,,,,,,,,,,,,Medication/Medication--132846039,Encounter/UKE-0005-E-1,2020-01-31T00:00:00+01:00,1.0,Fertigspritzen,http://unitsofmeasure.org,1
MedicationStatement/UKE-0005-E-1-MS-16,MedicationStatement,UKE-0005-E-1-MS-16,https://www.medizininformatik-initiative.de/fhir/core/modul-medikation/StructureDefinition/MedicationStatement,,,,,,,,,,,,,,PUT,MedicationStatement/UKE-0005-E-1-MS-16,,,,,active,,,,,,Patient/UKE-0005,,,,,,,,,,,,,,,,,,,,,,,,,,,,,,,,Medication/Medication--1019395450,Encounter/UKE-0005-E-1,2020-01-31T00:00:00+01:00,1.0,Tabletten,http://unitsofmeasure.org,1
MedicationStatement/UKE-0005-E-1-MS-17,MedicationStatement,UKE-0005-E-1-MS-17,https://www.medizininformatik-initiative.de/fhir/core/modul-medikation/StructureDefinition/MedicationStatement,,,,,,,,,,,,,,PUT,MedicationStatement/UKE-0005-E-1-MS-17,,,,,active,,,,,,Patient/UKE-0005,,,,,,,,,,,,,,,,,,,,,,,,,,,,,,,,Medication/Medication-899085580,Encounter/UKE-0005-E-1,2020-01-31T00:00:00+01:00,1.0,Tabletten,http://unitsofmeasure.org,1
MedicationStatement/UKE-0005-E-1-MS-18,MedicationStatement,UKE-0005-E-1-MS-18,https://www.medizininformatik-initiative.de/fhir/core/modul-medikation/StructureDefinition/MedicationStatement,,,,,,,,,,,,,,PUT,MedicationStatement/UKE-0005-E-1-MS-18,,,,,active,,,,,,Patient/UKE-0005,,,,,,,,,,,,,,,,,,,,,,,,,,,,,,,,Medication/Medication-762104432,Encounter/UKE-0005-E-1,2020-01-31T00:00:00+01:00,1.0,Tabletten,http://unitsofmeasure.org,1
MedicationStatement/UKE-0005-E-1-MS-19,MedicationStatement,UKE-0005-E-1-MS-19,https://www.medizininformatik-initiative.de/fhir/core/modul-medikation/StructureDefinition/MedicationStatement,,,,,,,,,,,,,,PUT,MedicationStatement/UKE-0005-E-1-MS-19,,,,,active,,,,,,Patient/UKE-0005,,,,,,,,,,,,,,,,,,,,,,,,,,,,,,,,Medication/Medication-760198765,Encounter/UKE-0005-E-1,2020-01-31T00:00:00+01:00,2.0,Tabletten,http://unitsofmeasure.org,1
MedicationStatement/UKE-0005-E-1-MS-20,MedicationStatement,UKE-0005-E-1-MS-20,https://www.medizininformatik-initiative.de/fhir/core/modul-medikation/StructureDefinition/MedicationStatement,,,,,,,,,,,,,,PUT,MedicationStatement/UKE-0005-E-1-MS-20,,,,,active,,,,,,Patient/UKE-0005,,,,,,,,,,,,,,,,,,,,,,,,,,,,,,,,Medication/Medication--990798010,Encounter/UKE-0005-E-1,2020-01-31T00:00:00+01:00,1.0,Brausetabletten,http://unitsofmeasure.org,1
MedicationStatement/UKE-0005-E-1-MS-21,MedicationStatement,UKE-0005-E-1-MS-21,https://www.medizininformatik-initiative.de/fhir/core/modul-medikation/StructureDefinition/MedicationStatement,,,,,,,,,,,,,,PUT,MedicationStatement/UKE-0005-E-1-MS-21,,,,,active,,,,,,Patient/UKE-0005,,,,,,,,,,,,,,,,,,,,,,,,,,,,,,,,Medication/Medication--991660026,Encounter/UKE-0005-E-1,2020-01-31T00:00:00+01:00,1.0,Tabletten,http://unitsofmeasure.org,1
MedicationStatement/UKE-0005-E-1-MS-22,MedicationStatement,UKE-0005-E-1-MS-22,https://www.medizininformatik-initiative.de/fhir/core/modul-medikation/StructureDefinition/MedicationStatement,,,,,,,,,,,,,,PUT,MedicationStatement/UKE-0005-E-1-MS-22,,,,,active,,,,,,Patient/UKE-0005,,,,,,,,,,,,,,,,,,,,,,,,,,,,,,,,Medication/Medication-1042529458,Encounter/UKE-0005-E-1,2020-01-31T00:00:00+01:00,1.0,Tabletten,http://unitsofmeasure.org,1
MedicationStatement/UKE-0005-E-1-MS-23,MedicationStatement,UKE-0005-E-1-MS-23,https://www.medizininformatik-initiative.de/fhir/core/modul-medikation/StructureDefinition/MedicationStatement,,,,,,,,,,,,,,PUT,MedicationStatement/UKE-0005-E-1-MS-23,,,,,active,,,,,,Patient/UKE-0005,,,,,,,,,,,,,,,,,,,,,,,,,,,,,,,,Medication/Medication--1018481507,Encounter/UKE-0005-E-1,2020-01-31T00:00:00+01:00,2.0,Lösung zum Einnehmen,http://unitsofmeasure.org,1
MedicationStatement/UKE-0005-E-1-MS-24,MedicationStatement,UKE-0005-E-1-MS-24,https://www.medizininformatik-initiative.de/fhir/core/modul-medikation/StructureDefinition/MedicationStatement,,,,,,,,,,,,,,PUT,MedicationStatement/UKE-0005-E-1-MS-24,,,,,active,,,,,,Patient/UKE-0005,,,,,,,,,,,,,,,,,,,,,,,,,,,,,,,,Medication/Medication-1928219732,Encounter/UKE-0005-E-1,2020-01-31T00:00:00+01:00,4.0,Tabletten,http://unitsofmeasure.org,1
MedicationStatement/UKE-0005-E-1-MS-25,MedicationStatement,UKE-0005-E-1-MS-25,https://www.medizininformatik-initiative.de/fhir/core/modul-medikation/StructureDefinition/MedicationStatement,,,,,,,,,,,,,,PUT,MedicationStatement/UKE-0005-E-1-MS-25,,,,,active,,,,,,Patient/UKE-0005,,,,,,,,,,,,,,,,,,,,,,,,,,,,,,,,Medication/Medication-782362307,Encounter/UKE-0005-E-1,2020-01-31T00:00:00+01:00,1.0,Tabletten,http://unitsofmeasure.org,1
MedicationStatement/UKE-0005-E-1-MS-26,MedicationStatement,UKE-0005-E-1-MS-26,https://www.medizininformatik-initiative.de/fhir/core/modul-medikation/StructureDefinition/MedicationStatement,,,,,,,,,,,,,,PUT,MedicationStatement/UKE-0005-E-1-MS-26,,,,,active,,,,,,Patient/UKE-0005,,,,,,,,,,,,,,,,,,,,,,,,,,,,,,,,Medication/Medication-898132273,Encounter/UKE-0005-E-1,2020-01-31T00:00:00+01:00,1.0,Tabletten,http://unitsofmeasure.org,1
MedicationStatement/UKE-0005-E-1-MS-27,MedicationStatement,UKE-0005-E-1-MS-27,https://www.medizininformatik-initiative.de/fhir/core/modul-medikation/StructureDefinition/MedicationStatement,,,,,,,,,,,,,,PUT,MedicationStatement/UKE-0005-E-1-MS-27,,,,,active,,,,,,Patient/UKE-0005,,,,,,,,,,,,,,,,,,,,,,,,,,,,,,,,Medication/Medication-1039840580,Encounter/UKE-0005-E-1,2020-01-31T00:00:00+01:00,1.0,Fertigspritzen,http://unitsofmeasure.org,1
MedicationStatement/UKE-0005-E-1-MS-28,MedicationStatement,UKE-0005-E-1-MS-28,https://www.medizininformatik-initiative.de/fhir/core/modul-medikation/StructureDefinition/MedicationStatement,,,,,,,,,,,,,,PUT,MedicationStatement/UKE-0005-E-1-MS-28,,,,,active,,,,,,Patient/UKE-0005,,,,,,,,,,,,,,,,,,,,,,,,,,,,,,,,Medication/Medication--130969210,Encounter/UKE-0005-E-1,2020-01-31T00:00:00+01:00,1.0,Tabletten,http://unitsofmeasure.org,1
MedicationStatement/UKE-0005-E-1-MS-29,MedicationStatement,UKE-0005-E-1-MS-29,https://www.medizininformatik-initiative.de/fhir/core/modul-medikation/StructureDefinition/MedicationStatement,,,,,,,,,,,,,,PUT,MedicationStatement/UKE-0005-E-1-MS-29,,,,,active,,,,,,Patient/UKE-0005,,,,,,,,,,,,,,,,,,,,,,,,,,,,,,,,Medication/Medication--132846039,Encounter/UKE-0005-E-1,2020-02-01T00:00:00+01:00,1.0,Fertigspritzen,http://unitsofmeasure.org,1
MedicationStatement/UKE-0005-E-1-MS-30,MedicationStatement,UKE-0005-E-1-MS-30,https://www.medizininformatik-initiative.de/fhir/core/modul-medikation/StructureDefinition/MedicationStatement,,,,,,,,,,,,,,PUT,MedicationStatement/UKE-0005-E-1-MS-30,,,,,active,,,,,,Patient/UKE-0005,,,,,,,,,,,,,,,,,,,,,,,,,,,,,,,,Medication/Medication--1019395450,Encounter/UKE-0005-E-1,2020-02-01T00:00:00+01:00,1.0,Tabletten,http://unitsofmeasure.org,1
MedicationStatement/UKE-0005-E-1-MS-31,MedicationStatement,UKE-0005-E-1-MS-31,https://www.medizininformatik-initiative.de/fhir/core/modul-medikation/StructureDefinition/MedicationStatement,,,,,,,,,,,,,,PUT,MedicationStatement/UKE-0005-E-1-MS-31,,,,,active,,,,,,Patient/UKE-0005,,,,,,,,,,,,,,,,,,,,,,,,,,,,,,,,Medication/Medication-899085580,Encounter/UKE-0005-E-1,2020-02-01T00:00:00+01:00,1.0,Tabletten,http://unitsofmeasure.org,1
MedicationStatement/UKE-0005-E-1-MS-32,MedicationStatement,UKE-0005-E-1-MS-32,https://www.medizininformatik-initiative.de/fhir/core/modul-medikation/StructureDefinition/MedicationStatement,,,,,,,,,,,,,,PUT,MedicationStatement/UKE-0005-E-1-MS-32,,,,,active,,,,,,Patient/UKE-0005,,,,,,,,,,,,,,,,,,,,,,,,,,,,,,,,Medication/Medication-762104432,Encounter/UKE-0005-E-1,2020-02-01T00:00:00+01:00,1.0,Tabletten,http://unitsofmeasure.org,1
MedicationStatement/UKE-0005-E-1-MS-33,MedicationStatement,UKE-0005-E-1-MS-33,https://www.medizininformatik-initiative.de/fhir/core/modul-medikation/StructureDefinition/MedicationStatement,,,,,,,,,,,,,,PUT,MedicationStatement/UKE-0005-E-1-MS-33,,,,,active,,,,,,Patient/UKE-0005,,,,,,,,,,,,,,,,,,,,,,,,,,,,,,,,Medication/Medication-760198765,Encounter/UKE-0005-E-1,2020-02-01T00:00:00+01:00,2.0,Tabletten,http://unitsofmeasure.org,1
MedicationStatement/UKE-0005-E-1-MS-34,MedicationStatement,UKE-0005-E-1-MS-34,https://www.medizininformatik-initiative.de/fhir/core/modul-medikation/StructureDefinition/MedicationStatement,,,,,,,,,,,,,,PUT,MedicationStatement/UKE-0005-E-1-MS-34,,,,,active,,,,,,Patient/UKE-0005,,,,,,,,,,,,,,,,,,,,,,,,,,,,,,,,Medication/Medication--990798010,Encounter/UKE-0005-E-1,2020-02-01T00:00:00+01:00,1.0,Brausetabletten,http://unitsofmeasure.org,1
MedicationStatement/UKE-0005-E-1-MS-35,MedicationStatement,UKE-0005-E-1-MS-35,https://www.medizininformatik-initiative.de/fhir/core/modul-medikation/StructureDefinition/MedicationStatement,,,,,,,,,,,,,,PUT,MedicationStatement/UKE-0005-E-1-MS-35,,,,,active,,,,,,Patient/UKE-0005,,,,,,,,,,,,,,,,,,,,,,,,,,,,,,,,Medication/Medication--991660026,Encounter/UKE-0005-E-1,2020-02-01T00:00:00+01:00,1.0,Tabletten,http://unitsofmeasure.org,1
MedicationStatement/UKE-0005-E-1-MS-36,MedicationStatement,UKE-0005-E-1-MS-36,https://www.medizininformatik-initiative.de/fhir/core/modul-medikation/StructureDefinition/MedicationStatement,,,,,,,,,,,,,,PUT,MedicationStatement/UKE-0005-E-1-MS-36,,,,,active,,,,,,Patient/UKE-0005,,,,,,,,,,,,,,,,,,,,,,,,,,,,,,,,Medication/Medication-1042529458,Encounter/UKE-0005-E-1,2020-02-01T00:00:00+01:00,1.0,Tabletten,http://unitsofmeasure.org,1
MedicationStatement/UKE-0005-E-1-MS-37,MedicationStatement,UKE-0005-E-1-MS-37,https://www.medizininformatik-initiative.de/fhir/core/modul-medikation/StructureDefinition/MedicationStatement,,,,,,,,,,,,,,PUT,MedicationStatement/UKE-0005-E-1-MS-37,,,,,active,,,,,,Patient/UKE-0005,,,,,,,,,,,,,,,,,,,,,,,,,,,,,,,,Medication/Medication--1018481507,Encounter/UKE-0005-E-1,2020-02-01T00:00:00+01:00,2.0,Lösung zum Einnehmen,http://unitsofmeasure.org,1
MedicationStatement/UKE-0005-E-1-MS-38,MedicationStatement,UKE-0005-E-1-MS-38,https://www.medizininformatik-initiative.de/fhir/core/modul-medikation/StructureDefinition/MedicationStatement,,,,,,,,,,,,,,PUT,MedicationStatement/UKE-0005-E-1-MS-38,,,,,active,,,,,,Patient/UKE-0005,,,,,,,,,,,,,,,,,,,,,,,,,,,,,,,,Medication/Medication-1928219732,Encounter/UKE-0005-E-1,2020-02-01T00:00:00+01:00,4.0,Tabletten,http://unitsofmeasure.org,1
MedicationStatement/UKE-0005-E-1-MS-39,MedicationStatement,UKE-0005-E-1-MS-39,https://www.medizininformatik-initiative.de/fhir/core/modul-medikation/StructureDefinition/MedicationStatement,,,,,,,,,,,,,,PUT,MedicationStatement/UKE-0005-E-1-MS-39,,,,,active,,,,,,Patient/UKE-0005,,,,,,,,,,,,,,,,,,,,,,,,,,,,,,,,Medication/Medication-782362307,Encounter/UKE-0005-E-1,2020-02-01T00:00:00+01:00,1.0,Tabletten,http://unitsofmeasure.org,1
MedicationStatement/UKE-0005-E-1-MS-40,MedicationStatement,UKE-0005-E-1-MS-40,https://www.medizininformatik-initiative.de/fhir/core/modul-medikation/StructureDefinition/MedicationStatement,,,,,,,,,,,,,,PUT,MedicationStatement/UKE-0005-E-1-MS-40,,,,,active,,,,,,Patient/UKE-0005,,,,,,,,,,,,,,,,,,,,,,,,,,,,,,,,Medication/Medication-898132273,Encounter/UKE-0005-E-1,2020-02-01T00:00:00+01:00,1.0,Tabletten,http://unitsofmeasure.org,1
MedicationStatement/UKE-0005-E-1-MS-41,MedicationStatement,UKE-0005-E-1-MS-41,https://www.medizininformatik-initiative.de/fhir/core/modul-medikation/StructureDefinition/MedicationStatement,,,,,,,,,,,,,,PUT,MedicationStatement/UKE-0005-E-1-MS-41,,,,,active,,,,,,Patient/UKE-0005,,,,,,,,,,,,,,,,,,,,,,,,,,,,,,,,Medication/Medication-1039840580,Encounter/UKE-0005-E-1,2020-02-01T00:00:00+01:00,1.0,Fertigspritzen,http://unitsofmeasure.org,1
MedicationStatement/UKE-0005-E-1-MS-42,MedicationStatement,UKE-0005-E-1-MS-42,https://www.medizininformatik-initiative.de/fhir/core/modul-medikation/StructureDefinition/MedicationStatement,,,,,,,,,,,,,,PUT,MedicationStatement/UKE-0005-E-1-MS-42,,,,,active,,,,,,Patient/UKE-0005,,,,,,,,,,,,,,,,,,,,,,,,,,,,,,,,Medication/Medication--130969210,Encounter/UKE-0005-E-1,2020-02-01T00:00:00+01:00,1.0,Tabletten,http://unitsofmeasure.org,1
MedicationStatement/UKE-0005-E-1-MS-43,MedicationStatement,UKE-0005-E-1-MS-43,https://www.medizininformatik-initiative.de/fhir/core/modul-medikation/StructureDefinition/MedicationStatement,,,,,,,,,,,,,,PUT,MedicationStatement/UKE-0005-E-1-MS-43,,,,,active,,,,,,Patient/UKE-0005,,,,,,,,,,,,,,,,,,,,,,,,,,,,,,,,Medication/Medication--132846039,Encounter/UKE-0005-E-1,2020-02-02T00:00:00+01:00,1.0,Fertigspritzen,http://unitsofmeasure.org,1
MedicationStatement/UKE-0005-E-1-MS-44,MedicationStatement,UKE-0005-E-1-MS-44,https://www.medizininformatik-initiative.de/fhir/core/modul-medikation/StructureDefinition/MedicationStatement,,,,,,,,,,,,,,PUT,MedicationStatement/UKE-0005-E-1-MS-44,,,,,active,,,,,,Patient/UKE-0005,,,,,,,,,,,,,,,,,,,,,,,,,,,,,,,,Medication/Medication--1019395450,Encounter/UKE-0005-E-1,2020-02-02T00:00:00+01:00,1.0,Tabletten,http://unitsofmeasure.org,1
MedicationStatement/UKE-0005-E-1-MS-45,MedicationStatement,UKE-0005-E-1-MS-45,https://www.medizininformatik-initiative.de/fhir/core/modul-medikation/StructureDefinition/MedicationStatement,,,,,,,,,,,,,,PUT,MedicationStatement/UKE-0005-E-1-MS-45,,,,,active,,,,,,Patient/UKE-0005,,,,,,,,,,,,,,,,,,,,,,,,,,,,,,,,Medication/Medication-899085580,Encounter/UKE-0005-E-1,2020-02-02T00:00:00+01:00,1.0,Tabletten,http://unitsofmeasure.org,1
MedicationStatement/UKE-0005-E-1-MS-46,MedicationStatement,UKE-0005-E-1-MS-46,https://www.medizininformatik-initiative.de/fhir/core/modul-medikation/StructureDefinition/MedicationStatement,,,,,,,,,,,,,,PUT,MedicationStatement/UKE-0005-E-1-MS-46,,,,,active,,,,,,Patient/UKE-0005,,,,,,,,,,,,,,,,,,,,,,,,,,,,,,,,Medication/Medication-762104432,Encounter/UKE-0005-E-1,2020-02-02T00:00:00+01:00,1.0,Tabletten,http://unitsofmeasure.org,1
MedicationStatement/UKE-0005-E-1-MS-47,MedicationStatement,UKE-0005-E-1-MS-47,https://www.medizininformatik-initiative.de/fhir/core/modul-medikation/StructureDefinition/MedicationStatement,,,,,,,,,,,,,,PUT,MedicationStatement/UKE-0005-E-1-MS-47,,,,,active,,,,,,Patient/UKE-0005,,,,,,,,,,,,,,,,,,,,,,,,,,,,,,,,Medication/Medication-760198765,Encounter/UKE-0005-E-1,2020-02-02T00:00:00+01:00,2.0,Tabletten,http://unitsofmeasure.org,1
MedicationStatement/UKE-0005-E-1-MS-48,MedicationStatement,UKE-0005-E-1-MS-48,https://www.medizininformatik-initiative.de/fhir/core/modul-medikation/StructureDefinition/MedicationStatement,,,,,,,,,,,,,,PUT,MedicationStatement/UKE-0005-E-1-MS-48,,,,,active,,,,,,Patient/UKE-0005,,,,,,,,,,,,,,,,,,,,,,,,,,,,,,,,Medication/Medication--990798010,Encounter/UKE-0005-E-1,2020-02-02T00:00:00+01:00,1.0,Brausetabletten,http://unitsofmeasure.org,1
MedicationStatement/UKE-0005-E-1-MS-49,MedicationStatement,UKE-0005-E-1-MS-49,https://www.medizininformatik-initiative.de/fhir/core/modul-medikation/StructureDefinition/MedicationStatement,,,,,,,,,,,,,,PUT,MedicationStatement/UKE-0005-E-1-MS-49,,,,,active,,,,,,Patient/UKE-0005,,,,,,,,,,,,,,,,,,,,,,,,,,,,,,,,Medication/Medication--991660026,Encounter/UKE-0005-E-1,2020-02-02T00:00:00+01:00,1.0,Tabletten,http://unitsofmeasure.org,1
MedicationStatement/UKE-0005-E-1-MS-50,MedicationStatement,UKE-0005-E-1-MS-50,https://www.medizininformatik-initiative.de/fhir/core/modul-medikation/StructureDefinition/MedicationStatement,,,,,,,,,,,,,,PUT,MedicationStatement/UKE-0005-E-1-MS-50,,,,,active,,,,,,Patient/UKE-0005,,,,,,,,,,,,,,,,,,,,,,,,,,,,,,,,Medication/Medication-1042529458,Encounter/UKE-0005-E-1,2020-02-02T00:00:00+01:00,1.0,Tabletten,http://unitsofmeasure.org,1
MedicationStatement/UKE-0005-E-1-MS-51,MedicationStatement,UKE-0005-E-1-MS-51,https://www.medizininformatik-initiative.de/fhir/core/modul-medikation/StructureDefinition/MedicationStatement,,,,,,,,,,,,,,PUT,MedicationStatement/UKE-0005-E-1-MS-51,,,,,active,,,,,,Patient/UKE-0005,,,,,,,,,,,,,,,,,,,,,,,,,,,,,,,,Medication/Medication--1018481507,Encounter/UKE-0005-E-1,2020-02-02T00:00:00+01:00,2.0,Lösung zum Einnehmen,http://unitsofmeasure.org,1
MedicationStatement/UKE-0005-E-1-MS-52,MedicationStatement,UKE-0005-E-1-MS-52,https://www.medizininformatik-initiative.de/fhir/core/modul-medikation/StructureDefinition/MedicationStatement,,,,,,,,,,,,,,PUT,MedicationStatement/UKE-0005-E-1-MS-52,,,,,active,,,,,,Patient/UKE-0005,,,,,,,,,,,,,,,,,,,,,,,,,,,,,,,,Medication/Medication-1928219732,Encounter/UKE-0005-E-1,2020-02-02T00:00:00+01:00,4.0,Tabletten,http://unitsofmeasure.org,1
MedicationStatement/UKE-0005-E-1-MS-53,MedicationStatement,UKE-0005-E-1-MS-53,https://www.medizininformatik-initiative.de/fhir/core/modul-medikation/StructureDefinition/MedicationStatement,,,,,,,,,,,,,,PUT,MedicationStatement/UKE-0005-E-1-MS-53,,,,,active,,,,,,Patient/UKE-0005,,,,,,,,,,,,,,,,,,,,,,,,,,,,,,,,Medication/Medication-782362307,Encounter/UKE-0005-E-1,2020-02-02T00:00:00+01:00,1.0,Tabletten,http://unitsofmeasure.org,1
MedicationStatement/UKE-0005-E-1-MS-54,MedicationStatement,UKE-0005-E-1-MS-54,https://www.medizininformatik-initiative.de/fhir/core/modul-medikation/StructureDefinition/MedicationStatement,,,,,,,,,,,,,,PUT,MedicationStatement/UKE-0005-E-1-MS-54,,,,,active,,,,,,Patient/UKE-0005,,,,,,,,,,,,,,,,,,,,,,,,,,,,,,,,Medication/Medication-898132273,Encounter/UKE-0005-E-1,2020-02-02T00:00:00+01:00,1.0,Tabletten,http://unitsofmeasure.org,1
MedicationStatement/UKE-0005-E-1-MS-55,MedicationStatement,UKE-0005-E-1-MS-55,https://www.medizininformatik-initiative.de/fhir/core/modul-medikation/StructureDefinition/MedicationStatement,,,,,,,,,,,,,,PUT,MedicationStatement/UKE-0005-E-1-MS-55,,,,,active,,,,,,Patient/UKE-0005,,,,,,,,,,,,,,,,,,,,,,,,,,,,,,,,Medication/Medication-1039840580,Encounter/UKE-0005-E-1,2020-02-02T00:00:00+01:00,1.0,Fertigspritzen,http://unitsofmeasure.org,1
MedicationStatement/UKE-0005-E-1-MS-56,MedicationStatement,UKE-0005-E-1-MS-56,https://www.medizininformatik-initiative.de/fhir/core/modul-medikation/StructureDefinition/MedicationStatement,,,,,,,,,,,,,,PUT,MedicationStatement/UKE-0005-E-1-MS-56,,,,,active,,,,,,Patient/UKE-0005,,,,,,,,,,,,,,,,,,,,,,,,,,,,,,,,Medication/Medication--130969210,Encounter/UKE-0005-E-1,2020-02-02T00:00:00+01:00,1.0,Tabletten,http://unitsofmeasure.org,1
MedicationStatement/UKE-0005-E-1-MS-57,MedicationStatement,UKE-0005-E-1-MS-57,https://www.medizininformatik-initiative.de/fhir/core/modul-medikation/StructureDefinition/MedicationStatement,,,,,,,,,,,,,,PUT,MedicationStatement/UKE-0005-E-1-MS-57,,,,,active,,,,,,Patient/UKE-0005,,,,,,,,,,,,,,,,,,,,,,,,,,,,,,,,Medication/Medication--132846039,Encounter/UKE-0005-E-1,2020-02-03T00:00:00+01:00,1.0,Fertigspritzen,http://unitsofmeasure.org,1
MedicationStatement/UKE-0005-E-1-MS-58,MedicationStatement,UKE-0005-E-1-MS-58,https://www.medizininformatik-initiative.de/fhir/core/modul-medikation/StructureDefinition/MedicationStatement,,,,,,,,,,,,,,PUT,MedicationStatement/UKE-0005-E-1-MS-58,,,,,active,,,,,,Patient/UKE-0005,,,,,,,,,,,,,,,,,,,,,,,,,,,,,,,,Medication/Medication--1019395450,Encounter/UKE-0005-E-1,2020-02-03T00:00:00+01:00,1.0,Tabletten,http://unitsofmeasure.org,1
MedicationStatement/UKE-0005-E-1-MS-59,MedicationStatement,UKE-0005-E-1-MS-59,https://www.medizininformatik-initiative.de/fhir/core/modul-medikation/StructureDefinition/MedicationStatement,,,,,,,,,,,,,,PUT,MedicationStatement/UKE-0005-E-1-MS-59,,,,,active,,,,,,Patient/UKE-0005,,,,,,,,,,,,,,,,,,,,,,,,,,,,,,,,Medication/Medication-899085580,Encounter/UKE-0005-E-1,2020-02-03T00:00:00+01:00,1.0,Tabletten,http://unitsofmeasure.org,1
MedicationStatement/UKE-0005-E-1-MS-60,MedicationStatement,UKE-0005-E-1-MS-60,https://www.medizininformatik-initiative.de/fhir/core/modul-medikation/StructureDefinition/MedicationStatement,,,,,,,,,,,,,,PUT,MedicationStatement/UKE-0005-E-1-MS-60,,,,,active,,,,,,Patient/UKE-0005,,,,,,,,,,,,,,,,,,,,,,,,,,,,,,,,Medication/Medication-762104432,Encounter/UKE-0005-E-1,2020-02-03T00:00:00+01:00,1.0,Tabletten,http://unitsofmeasure.org,1
MedicationStatement/UKE-0005-E-1-MS-61,MedicationStatement,UKE-0005-E-1-MS-61,https://www.medizininformatik-initiative.de/fhir/core/modul-medikation/StructureDefinition/MedicationStatement,,,,,,,,,,,,,,PUT,MedicationStatement/UKE-0005-E-1-MS-61,,,,,active,,,,,,Patient/UKE-0005,,,,,,,,,,,,,,,,,,,,,,,,,,,,,,,,Medication/Medication-760198765,Encounter/UKE-0005-E-1,2020-02-03T00:00:00+01:00,2.0,Tabletten,http://unitsofmeasure.org,1
MedicationStatement/UKE-0005-E-1-MS-62,MedicationStatement,UKE-0005-E-1-MS-62,https://www.medizininformatik-initiative.de/fhir/core/modul-medikation/StructureDefinition/MedicationStatement,,,,,,,,,,,,,,PUT,MedicationStatement/UKE-0005-E-1-MS-62,,,,,active,,,,,,Patient/UKE-0005,,,,,,,,,,,,,,,,,,,,,,,,,,,,,,,,Medication/Medication--990798010,Encounter/UKE-0005-E-1,2020-02-03T00:00:00+01:00,1.0,Brausetabletten,http://unitsofmeasure.org,1
MedicationStatement/UKE-0005-E-1-MS-63,MedicationStatement,UKE-0005-E-1-MS-63,https://www.medizininformatik-initiative.de/fhir/core/modul-medikation/StructureDefinition/MedicationStatement,,,,,,,,,,,,,,PUT,MedicationStatement/UKE-0005-E-1-MS-63,,,,,active,,,,,,Patient/UKE-0005,,,,,,,,,,,,,,,,,,,,,,,,,,,,,,,,Medication/Medication--991660026,Encounter/UKE-0005-E-1,2020-02-03T00:00:00+01:00,1.0,Tabletten,http://unitsofmeasure.org,1
MedicationStatement/UKE-0005-E-1-MS-64,MedicationStatement,UKE-0005-E-1-MS-64,https://www.medizininformatik-initiative.de/fhir/core/modul-medikation/StructureDefinition/MedicationStatement,,,,,,,,,,,,,,PUT,MedicationStatement/UKE-0005-E-1-MS-64,,,,,active,,,,,,Patient/UKE-0005,,,,,,,,,,,,,,,,,,,,,,,,,,,,,,,,Medication/Medication-1042529458,Encounter/UKE-0005-E-1,2020-02-03T00:00:00+01:00,1.0,Tabletten,http://unitsofmeasure.org,1
MedicationStatement/UKE-0005-E-1-MS-65,MedicationStatement,UKE-0005-E-1-MS-65,https://www.medizininformatik-initiative.de/fhir/core/modul-medikation/StructureDefinition/MedicationStatement,,,,,,,,,,,,,,PUT,MedicationStatement/UKE-0005-E-1-MS-65,,,,,active,,,,,,Patient/UKE-0005,,,,,,,,,,,,,,,,,,,,,,,,,,,,,,,,Medication/Medication--1018481507,Encounter/UKE-0005-E-1,2020-02-03T00:00:00+01:00,2.0,Lösung zum Einnehmen,http://unitsofmeasure.org,1
MedicationStatement/UKE-0005-E-1-MS-66,MedicationStatement,UKE-0005-E-1-MS-66,https://www.medizininformatik-initiative.de/fhir/core/modul-medikation/StructureDefinition/MedicationStatement,,,,,,,,,,,,,,PUT,MedicationStatement/UKE-0005-E-1-MS-66,,,,,active,,,,,,Patient/UKE-0005,,,,,,,,,,,,,,,,,,,,,,,,,,,,,,,,Medication/Medication-1928219732,Encounter/UKE-0005-E-1,2020-02-03T00:00:00+01:00,4.0,Tabletten,http://unitsofmeasure.org,1
MedicationStatement/UKE-0005-E-1-MS-67,MedicationStatement,UKE-0005-E-1-MS-67,https://www.medizininformatik-initiative.de/fhir/core/modul-medikation/StructureDefinition/MedicationStatement,,,,,,,,,,,,,,PUT,MedicationStatement/UKE-0005-E-1-MS-67,,,,,active,,,,,,Patient/UKE-0005,,,,,,,,,,,,,,,,,,,,,,,,,,,,,,,,Medication/Medication-782362307,Encounter/UKE-0005-E-1,2020-02-03T00:00:00+01:00,1.0,Tabletten,http://unitsofmeasure.org,1
MedicationStatement/UKE-0005-E-1-MS-68,MedicationStatement,UKE-0005-E-1-MS-68,https://www.medizininformatik-initiative.de/fhir/core/modul-medikation/StructureDefinition/MedicationStatement,,,,,,,,,,,,,,PUT,MedicationStatement/UKE-0005-E-1-MS-68,,,,,active,,,,,,Patient/UKE-0005,,,,,,,,,,,,,,,,,,,,,,,,,,,,,,,,Medication/Medication-898132273,Encounter/UKE-0005-E-1,2020-02-03T00:00:00+01:00,1.0,Tabletten,http://unitsofmeasure.org,1
MedicationStatement/UKE-0005-E-1-MS-69,MedicationStatement,UKE-0005-E-1-MS-69,https://www.medizininformatik-initiative.de/fhir/core/modul-medikation/StructureDefinition/MedicationStatement,,,,,,,,,,,,,,PUT,MedicationStatement/UKE-0005-E-1-MS-69,,,,,active,,,,,,Patient/UKE-0005,,,,,,,,,,,,,,,,,,,,,,,,,,,,,,,,Medication/Medication-1039840580,Encounter/UKE-0005-E-1,2020-02-03T00:00:00+01:00,1.0,Fertigspritzen,http://unitsofmeasure.org,1
MedicationStatement/UKE-0005-E-1-MS-70,MedicationStatement,UKE-0005-E-1-MS-70,https://www.medizininformatik-initiative.de/fhir/core/modul-medikation/StructureDefinition/MedicationStatement,,,,,,,,,,,,,,PUT,MedicationStatement/UKE-0005-E-1-MS-70,,,,,active,,,,,,Patient/UKE-0005,,,,,,,,,,,,,,,,,,,,,,,,,,,,,,,,Medication/Medication--130969210,Encounter/UKE-0005-E-1,2020-02-03T00:00:00+01:00,1.0,Tabletten,http://unitsofmeasure.org,1
