fullUrl,resource_resourceType,resource_id,resource_meta_profile_0,resource_identifier_0_use,resource_identifier_0_type_coding_0_system,resource_identifier_0_type_coding_0_code,resource_identifier_0_system,resource_identifier_0_value,resource_name_0_use,resource_name_0_family,resource_name_0_given_0,resource_gender,resource_birthDate,resource_address_0_extension_0_url,resource_address_0_extension_0_valueCode,resource_generalPractitioner_0_display,request_method,request_url,resource_identifier_0__system_extension_0_url,resource_identifier_0__system_extension_0_valueCode,resource_identifier_0_assigner_identifier_system,resource_identifier_0_assigner_identifier_value,resource_status,resource_class_system,resource_class_code,resource_class_display,resource_type_0_coding_0_code,resource_type_0_coding_0_display,resource_subject_reference,resource_period_start,resource_period_end,resource_diagnosis_0_condition_reference,resource_diagnosis_0_use_coding_0_system,resource_diagnosis_0_use_coding_0_code,resource_diagnosis_0_use_coding_0_display,resource_class_extension_0_url,resource_class_extension_0_valueCode,resource_serviceType_coding_0_system,resource_serviceType_coding_0_code,resource_serviceType_coding_0_display,resource_diagnosis_0_condition__reference_extension_0_url,resource_diagnosis_0_condition__reference_extension_0_valueCode,resource_partOf_reference,resource_code_coding_0_system,resource_code_coding_0_version,resource_code_coding_0_code,resource_code_text,resource_recordedDate,resource_code_coding_1_system,resource_code_coding_1_code,resource_ingredient_0_itemCodeableConcept_coding_0_system,resource_ingredient_0_itemCodeableConcept_coding_0__code_extension_0_url,resource_ingredient_0_itemCodeableConcept_coding_0__code_extension_0_valueCode,resource_ingredient_0_strength_numerator_value,resource_ingredient_0_strength_numerator_unit,resource_ingredient_0_strength_numerator_system,resource_ingredient_0_strength_numerator_code,resource_ingredient_0_strength_denominator_value,resource_ingredient_0_strength_denominator_system,resource_ingredient_0_strength_denominator_code,resource_medicationReference_reference,resource_context_reference,resource_effectiveDateTime,resource_dosage_0_doseAndRate_0_doseQuantity_value,resource_dosage_0_doseAndRate_0_doseQuantity_unit,resource_dosage_0_doseAndRate_0_doseQuantity_system,resource_dosage_0_doseAndRate_0_doseQuantity_code
Patient/UKE-0008,Patient,UKE-0008,https://www.medizininformatik-initiative.de/fhir/core/modul-person/StructureDefinition/Patient,usual,http://terminology.hl7.org/CodeSystem/v2-0203,MR,https://UKE.de/pid,UKE-0008,official,o,g,female,1983-01-01,http://terminology.hl7.org/CodeSystem/data-absent-reason,unknown,AOK,PUT,Patient/UKE-0008,,,,,,,,,,,,,,,,,,,,,,,,,,,,,,,,,,,,,,,,,,,,,,,,,
Encounter/UKE-0008-E-1,Encounter,UKE-0008-E-1,https://www.medizininformatik-initiative.de/fhir/core/modul-fall/StructureDefinition/KontaktGesundheitseinrichtung,,http://terminology.hl7.org/CodeSystem/v2-0203,VN,,UKE-0008-E-1,,,,,,,,,PUT,Encounter/UKE-0008-E-1,http://terminology.hl7.org/CodeSystem/data-absent-reason,unknown,https://www.medizininformatik-initiative.de/fhir/core/NamingSystem/org-identifier,UKE,finished,http://terminology.hl7.org/CodeSystem/v3-ActCode,IMP,inpatient encounter,einrichtungskontakt,Einrichtungskontakt,Patient/UKE-0008,2020-05-31T00:00:00+02:00,2020-06-02T00:00:00+02:00,Condition/UKE-0008-E-1-D-1,http://terminology.hl7.org/CodeSystem/diagnosis-role,AD,Admission diagnosis,,,,,,,,,,,,,,,,,,,,,,,,,,,,,,,,
Encounter/UKE-0008-E-1-A-1,Encounter,UKE-0008-E-1-A-1,https://www.medizininformatik-initiative.de/fhir/core/modul-fall/StructureDefinition/KontaktGesundheitseinrichtung,,,,,,,,,,,,,,PUT,Encounter/UKE-0008-E-1-A-1,,,,,finished,,,,abteilungskontakt,Abteilungskontakt,Patient/UKE-0008,2020-05-31T00:00:00+02:00,2020-06-02T00:00:00+02:00,,,,,http://terminology.hl7.org/CodeSystem/data-absent-reason,unknown,http://fhir.de/CodeSystem/dkgev/Fachabteilungsschluessel,0100,Innere Medizin,http://terminology.hl7.org/CodeSystem/data-absent-reason,unknown,Encounter/UKE-0008-E-1,,,,,,,,,,,,,,,,,,,,,,,,
Condition/UKE-0008-E-1-D-1,Condition,UKE-0008-E-1-D-1,https://www.medizininformatik-initiative.de/fhir/core/modul-diagnose/StructureDefinition/Diagnose,,,,,UKE-0008-E-1-D-1,,,,,,,,,PUT,Condition/UKE-0008-E-1-D-1,,,,,,,,,,,Patient/UKE-0008,,,,,,,,,,,,,,,http://fhir.de/CodeSystem/bfarm/icd-10-gm,2020,J45.9,Asthma bronchiale late onset,2020-05-31T00:00:00+02:00,,,,,,,,,,,,,,,,,,,
Medication/Medication--132846039,Medication,Medication--132846039,https://www.medizininformatik-initiative.de/fhir/core/modul-medikation/StructureDefinition/Medication,,,,,Medication--132846039,,,,,,,,,PUT,Medication/Medication--132846039,,,,,,,,,,,,,,,,,,,,,,,,,,http://fhir.de/CodeSystem/ifa/pzn,,05013266,Enoxaparin natrium,,http://fhir.de/CodeSystem/bfarm/atc,B01AB05,http://fhir.de/CodeSystem/ask,http://terminology.hl7.org/CodeSystem/data-absent-reason,unknown,20.0,milligram,http://unitsofmeasure.org,mg,1.0,http://XXX,Fertigspritzen,,,,,,,
MedicationStatement/UKE-0008-E-1-MS-1,MedicationStatement,UKE-0008-E-1-MS-1,https://www.medizininformatik-initiative.de/fhir/core/modul-medikation/StructureDefinition/MedicationStatement,,,,,,,,,,,,,,PUT,MedicationStatement/UKE-0008-E-1-MS-1,,,,,active,,,,,,Patient/UKE-0008,,,,,,,,,,,,,,,,,,,,,,,,,,,,,,,,Medication/Medication--132846039,Encounter/UKE-0008-E-1,2020-05-31T00:00:00+02:00,1.0,Fertigspritzen,http://unitsofmeasure.org,1
Medication/Medication--1019395450,Medication,Medication--1019395450,https://www.medizininformatik-initiative.de/fhir/core/modul-medikation/StructureDefinition/Medication,,,,,Medication--1019395450,,,,,,,,,PUT,Medication/Medication--1019395450,,,,,,,,,,,,,,,,,,,,,,,,,,http://fhir.de/CodeSystem/ifa/pzn,,11357188,Pantoprazol,,http://fhir.de/CodeSystem/bfarm/atc,A02BC02,http://fhir.de/CodeSystem/ask,http://terminology.hl7.org/CodeSystem/data-absent-reason,unknown,40.0,milligram,http://unitsofmeasure.org,mg,1.0,http://XXX,Tabletten,,,,,,,
MedicationStatement/UKE-0008-E-1-MS-2,MedicationStatement,UKE-0008-E-1-MS-2,https://www.medizininformatik-initiative.de/fhir/core/modul-medikation/StructureDefinition/MedicationStatement,,,,,,,,,,,,,,PUT,MedicationStatement/UKE-0008-E-1-MS-2,,,,,active,,,,,,Patient/UKE-0008,,,,,,,,,,,,,,,,,,,,,,,,,,,,,,,,Medication/Medication--1019395450,Encounter/UKE-0008-E-1,2020-05-31T00:00:00+02:00,1.0,Tabletten,http://unitsofmeasure.org,1
Medication/Medication-899054828,Medication,Medication-899054828,https://www.medizininformatik-initiative.de/fhir/core/modul-medikation/StructureDefinition/Medication,,,,,Medication-899054828,,,,,,,,,PUT,Medication/Medication-899054828,,,,,,,,,,,,,,,,,,,,,,,,,,http://fhir.de/CodeSystem/ifa/pzn,,02532735,L-Thyroxin,,http://fhir.de/CodeSystem/bfarm/atc,H03AA01,http://fhir.de/CodeSystem/ask,http://terminology.hl7.org/CodeSystem/data-absent-reason,unknown,75.0,microgram,http://unitsofmeasure.org,ug,1.0,http://XXX,Tabletten,,,,,,,
MedicationStatement/UKE-0008-E-1-MS-3,MedicationStatement,UKE-0008-E-1-MS-3,https://www.medizininformatik-initiative.de/fhir/core/modul-medikation/StructureDefinition/MedicationStatement,,,,,,,,,,,,,,PUT,MedicationStatement/UKE-0008-E-1-MS-3,,,,,active,,,,,,Patient/UKE-0008,,,,,,,,,,,,,,,,,,,,,,,,,,,,,,,,Medication/Medication-899054828,Encounter/UKE-0008-E-1,2020-05-31T00:00:00+02:00,1.0,Tabletten,http://unitsofmeasure.org,1
Medication/Medication-762044849,Medication,Medication-762044849,https://www.medizininformatik-initiative.de/fhir/core/modul-medikation/StructureDefinition/Medication,,,,,Medication-762044849,,,,,,,,,PUT,Medication/Medication-762044849,,,,,,,,,,,,,,,,,,,,,,,,,,http://fhir.de/CodeSystem/ifa/pzn,,05905964,Ramipril,,http://fhir.de/CodeSystem/bfarm/atc,C09AA05,http://fhir.de/CodeSystem/ask,http://terminology.hl7.org/CodeSystem/data-absent-reason,unknown,5.0,milligram,http://unitsofmeasure.org,mg,1.0,http://XXX,Tabletten,,,,,,,
MedicationStatement/UKE-0008-E-1-MS-4,MedicationStatement,UKE-0008-E-1-MS-4,https://www.medizininformatik-initiative.de/fhir/core/modul-medikation/StructureDefinition/MedicationStatement,,,,,,,,,,,,,,PUT,MedicationStatement/UKE-0008-E-1-MS-4,,,,,active,,,,,,Patient/UKE-0008,,,,,,,,,,,,,,,,,,,,,,,,,,,,,,,,Medication/Medication-762044849,Encounter/UKE-0008-E-1,2020-05-31T00:00:00+02:00,1.0,Tabletten,http://unitsofmeasure.org,1
Medication/Medication-760198770,Medication,Medication-760198770,https://www.medizininformatik-initiative.de/fhir/core/modul-medikation/StructureDefinition/Medication,,,,,Medication-760198770,,,,,,,,,PUT,Medication/Medication-760198770,,,,,,,,,,,,,,,,,,,,,,,,,,http://fhir.de/CodeSystem/ifa/pzn,,02091544,Bisoprolol,,http://fhir.de/CodeSystem/bfarm/atc,C07AB07,http://fhir.de/CodeSystem/ask,http://terminology.hl7.org/CodeSystem/data-absent-reason,unknown,5.0,milligram,http://unitsofmeasure.org,mg,1.0,http://XXX,Tabletten,,,,,,,
MedicationStatement/UKE-0008-E-1-MS-5,MedicationStatement,UKE-0008-E-1-MS-5,https://www.medizininformatik-initiative.de/fhir/core/modul-medikation/StructureDefinition/MedicationStatement,,,,,,,,,,,,,,PUT,MedicationStatement/UKE-0008-E-1-MS-5,,,,,active,,,,,,Patient/UKE-0008,,,,,,,,,,,,,,,,,,,,,,,,,,,,,,,,Medication/Medication-760198770,Encounter/UKE-0008-E-1,2020-05-31T00:00:00+02:00,2.0,Tabletten,http://unitsofmeasure.org,1
Medication/Medication-756563301,Medication,Medication-756563301,https://www.medizininformatik-initiative.de/fhir/core/modul-medikation/StructureDefinition/Medication,,,,,Medication-756563301,,,,,,,,,PUT,Medication/Medication-756563301,,,,,,,,,,,,,,,,,,,,,,,,,,http://fhir.de/CodeSystem/ifa/pzn,,07605953,Furosemid,,http://fhir.de/CodeSystem/bfarm/atc,C03CA01,http://fhir.de/CodeSystem/ask,http://terminology.hl7.org/CodeSystem/data-absent-reason,unknown,40.0,milligram,http://unitsofmeasure.org,mg,1.0,http://XXX,Injektionslösung,,,,,,,
MedicationStatement/UKE-0008-E-1-MS-6,MedicationStatement,UKE-0008-E-1-MS-6,https://www.medizininformatik-initiative.de/fhir/core/modul-medikation/StructureDefinition/MedicationStatement,,,,,,,,,,,,,,PUT,MedicationStatement/UKE-0008-E-1-MS-6,,,,,active,,,,,,Patient/UKE-0008,,,,,,,,,,,,,,,,,,,,,,,,,,,,,,,,Medication/Medication-756563301,Encounter/UKE-0008-E-1,2020-05-31T00:00:00+02:00,3.0,Injektionslösung,http://unitsofmeasure.org,1
Medication/Medication-756593092,Medication,Medication-756593092,https://www.medizininformatik-initiative.de/fhir/core/modul-medikation/StructureDefinition/Medication,,,,,Medication-756593092,,,,,,,,,PUT,Medication/Medication-756593092,,,,,,,,,,,,,,,,,,,,,,,,,,http://fhir.de/CodeSystem/ifa/pzn,,00615204,Spironolacton,,http://fhir.de/CodeSystem/bfarm/atc,C03DA01,http://fhir.de/CodeSystem/ask,http://terminology.hl7.org/CodeSystem/data-absent-reason,unknown,50.0,milligram,http://unitsofmeasure.org,mg,1.0,http://XXX,Tabletten,,,,,,,
MedicationStatement/UKE-0008-E-1-MS-7,MedicationStatement,UKE-0008-E-1-MS-7,https://www.medizininformatik-initiative.de/fhir/core/modul-medikation/StructureDefinition/MedicationStatement,,,,,,,,,,,,,,PUT,MedicationStatement/UKE-0008-E-1-MS-7,,,,,active,,,,,,Patient/UKE-0008,,,,,,,,,,,,,,,,,,,,,,,,,,,,,,,,Medication/Medication-756593092,Encounter/UKE-0008-E-1,2020-05-31T00:00:00+02:00,1.0,Tabletten,http://unitsofmeasure.org,1
Medication/Medication--990736479,Medication,Medication--990736479,https://www.medizininformatik-initiative.de/fhir/core/modul-medikation/StructureDefinition/Medication,,,,,Medication--990736479,,,,,,,,,PUT,Medication/Medication--990736479,,,,,,,,,,,,,,,,,,,,,,,,,,http://fhir.de/CodeSystem/ifa/pzn,,07606088,Magnesium oxid,,http://fhir.de/CodeSystem/bfarm/atc,A12CC10,http://fhir.de/CodeSystem/ask,http://terminology.hl7.org/CodeSystem/data-absent-reason,unknown,250.0,milligram,http://unitsofmeasure.org,mg,1.0,http://XXX,Tabletten,,,,,,,
MedicationStatement/UKE-0008-E-1-MS-8,MedicationStatement,UKE-0008-E-1-MS-8,https://www.medizininformatik-initiative.de/fhir/core/modul-medikation/StructureDefinition/MedicationStatement,,,,,,,,,,,,,,PUT,MedicationStatement/UKE-0008-E-1-MS-8,,,,,active,,,,,,Patient/UKE-0008,,,,,,,,,,,,,,,,,,,,,,,,,,,,,,,,Medication/Medication--990736479,Encounter/UKE-0008-E-1,2020-05-31T00:00:00+02:00,2.0,Tabletten,http://unitsofmeasure.org,1
Medication/Medication-1929131757,Medication,Medication-1929131757,https://www.medizininformatik-initiative.de/fhir/core/modul-medikation/StructureDefinition/Medication,,,,,Medication-1929131757,,,,,,,,,PUT,Medication/Medication-1929131757,,,,,,,,,,,,,,,,,,,,,,,,,,http://fhir.de/CodeSystem/ifa/pzn,,03389435,Pregabalin,,http://fhir.de/CodeSystem/bfarm/atc,N03AX16,http://fhir.de/CodeSystem/ask,http://terminology.hl7.org/CodeSystem/data-absent-reason,unknown,300.0,milligram,http://unitsofmeasure.org,mg,1.0,http://XXX,Tabletten,,,,,,,
MedicationStatement/UKE-0008-E-1-MS-9,MedicationStatement,UKE-0008-E-1-MS-9,https://www.medizininformatik-initiative.de/fhir/core/modul-medikation/StructureDefinition/MedicationStatement,,,,,,,,,,,,,,PUT,MedicationStatement/UKE-0008-E-1-MS-9,,,,,active,,,,,,Patient/UKE-0008,,,,,,,,,,,,,,,,,,,,,,,,,,,,,,,,Medication/Medication-1929131757,Encounter/UKE-0008-E-1,2020-05-31T00:00:00+02:00,1.0,Tabletten,http://unitsofmeasure.org,1
Medication/Medication-1931021047,Medication,Medication-1931021047,https://www.medizininformatik-initiative.de/fhir/core/modul-medikation/StructureDefinition/Medication,,,,,Medication-1931021047,,,,,,,,,PUT,Medication/Medication-1931021047,,,,,,,,,,,,,,,,,,,,,,,,,,http://fhir.de/CodeSystem/ifa/pzn,,00574592,Zopiclon,,http://fhir.de/CodeSystem/bfarm/atc,N05CF01,http://fhir.de/CodeSystem/ask,http://terminology.hl7.org/CodeSystem/data-absent-reason,unknown,7.5,milligram,http://unitsofmeasure.org,mg,1.0,http://XXX,Tabletten,,,,,,,
MedicationStatement/UKE-0008-E-1-MS-10,MedicationStatement,UKE-0008-E-1-MS-10,https://www.medizininformatik-initiative.de/fhir/core/modul-medikation/StructureDefinition/MedicationStatement,,,,,,,,,,,,,,PUT,MedicationStatement/UKE-0008-E-1-MS-10,,,,,active,,,,,,Patient/UKE-0008,,,,,,,,,,,,,,,,,,,,,,,,,,,,,,,,Medication/Medication-1931021047,Encounter/UKE-0008-E-1,2020-05-31T00:00:00+02:00,1.0,Tabletten,http://unitsofmeasure.org,1
Medication/Medication-1849587734,Medication,Medication-1849587734,https://www.medizininformatik-initiative.de/fhir/core/modul-medikation/StructureDefinition/Medication,,,,,Medication-1849587734,,,,,,,,,PUT,Medication/Medication-1849587734,,,,,,,,,,,,,,,,,,,,,,,,,,,,,"Codein phosphat 0,5-Wasser",,,,http://fhir.de/CodeSystem/ask,http://terminology.hl7.org/CodeSystem/data-absent-reason,unknown,1.0,mg/Tropfen,http://unitsofmeasure.org,mg/Tropfen,1.0,http://XXX,Tropfen zum Einnehmen,,,,,,,
MedicationStatement/UKE-0008-E-1-MS-11,MedicationStatement,UKE-0008-E-1-MS-11,https://www.medizininformatik-initiative.de/fhir/core/modul-medikation/StructureDefinition/MedicationStatement,,,,,,,,,,,,,,PUT,MedicationStatement/UKE-0008-E-1-MS-11,,,,,active,,,,,,Patient/UKE-0008,,,,,,,,,,,,,,,,,,,,,,,,,,,,,,,,Medication/Medication-1849587734,Encounter/UKE-0008-E-1,2020-05-31T00:00:00+02:00,1.0,Tropfen zum Einnehmen,http://unitsofmeasure.org,1
MedicationStatement/UKE-0008-E-1-MS-12,MedicationStatement,UKE-0008-E-1-MS-12,https://www.medizininformatik-initiative.de/fhir/core/modul-medikation/StructureDefinition/MedicationStatement,,,,,,,,,,,,,,PUT,MedicationStatement/UKE-0008-E-1-MS-12,,,,,active,,,,,,Patient/UKE-0008,,,,,,,,,,,,,,,,,,,,,,,,,,,,,,,,Medication/Medication--132846039,Encounter/UKE-0008-E-1,2020-06-01T00:00:00+02:00,1.0,Fertigspritzen,http://unitsofmeasure.org,1
MedicationStatement/UKE-0008-E-1-MS-13,MedicationStatement,UKE-0008-E-1-MS-13,https://www.medizininformatik-initiative.de/fhir/core/modul-medikation/StructureDefinition/MedicationStatement,,,,,,,,,,,,,,PUT,MedicationStatement/UKE-0008-E-1-MS-13,,,,,active,,,,,,Patient/UKE-0008,,,,,,,,,,,,,,,,,,,,,,,,,,,,,,,,Medication/Medication--1019395450,Encounter/UKE-0008-E-1,2020-06-01T00:00:00+02:00,1.0,Tabletten,http://unitsofmeasure.org,1
MedicationStatement/UKE-0008-E-1-MS-14,MedicationStatement,UKE-0008-E-1-MS-14,https://www.medizininformatik-initiative.de/fhir/core/modul-medikation/StructureDefinition/MedicationStatement,,,,,,,,,,,,,,PUT,MedicationStatement/UKE-0008-E-1-MS-14,,,,,active,,,,,,Patient/UKE-0008,,,,,,,,,,,,,,,,,,,,,,,,,,,,,,,,Medication/Medication-899054828,Encounter/UKE-0008-E-1,2020-06-01T00:00:00+02:00,1.0,Tabletten,http://unitsofmeasure.org,1
MedicationStatement/UKE-0008-E-1-MS-15,MedicationStatement,UKE-0008-E-1-MS-15,https://www.medizininformatik-initiative.de/fhir/core/modul-medikation/StructureDefinition/MedicationStatement,,,,,,,,,,,,,,PUT,MedicationStatement/UKE-0008-E-1-MS-15,,,,,active,,,,,,Patient/UKE-0008,,,,,,,,,,,,,,,,,,,,,,,,,,,,,,,,Medication/Medication-762044849,Encounter/UKE-0008-E-1,2020-06-01T00:00:00+02:00,1.0,Tabletten,http://unitsofmeasure.org,1
MedicationStatement/UKE-0008-E-1-MS-16,MedicationStatement,UKE-0008-E-1-MS-16,https://www.medizininformatik-initiative.de/fhir/core/modul-medikation/StructureDefinition/MedicationStatement,,,,,,,,,,,,,,PUT,MedicationStatement/UKE-0008-E-1-MS-16,,,,,active,,,,,,Patient/UKE-0008,,,,,,,,,,,,,,,,,,,,,,,,,,,,,,,,Medication/Medication-760198770,Encounter/UKE-0008-E-1,2020-06-01T00:00:00+02:00,2.0,Tabletten,http://unitsofmeasure.org,1
MedicationStatement/UKE-0008-E-1-MS-17,MedicationStatement,UKE-0008-E-1-MS-17,https://www.medizininformatik-initiative.de/fhir/core/modul-medikation/StructureDefinition/MedicationStatement,,,,,,,,,,,,,,PUT,MedicationStatement/UKE-0008-E-1-MS-17,,,,,active,,,,,,Patient/UKE-0008,,,,,,,,,,,,,,,,,,,,,,,,,,,,,,,,Medication/Medication-756563301,Encounter/UKE-0008-E-1,2020-06-01T00:00:00+02:00,3.0,Injektionslösung,http://unitsofmeasure.org,1
MedicationStatement/UKE-0008-E-1-MS-18,MedicationStatement,UKE-0008-E-1-MS-18,https://www.medizininformatik-initiative.de/fhir/core/modul-medikation/StructureDefinition/MedicationStatement,,,,,,,,,,,,,,PUT,MedicationStatement/UKE-0008-E-1-MS-18,,,,,active,,,,,,Patient/UKE-0008,,,,,,,,,,,,,,,,,,,,,,,,,,,,,,,,Medication/Medication-756593092,Encounter/UKE-0008-E-1,2020-06-01T00:00:00+02:00,1.0,Tabletten,http://unitsofmeasure.org,1
MedicationStatement/UKE-0008-E-1-MS-19,MedicationStatement,UKE-0008-E-1-MS-19,https://www.medizininformatik-initiative.de/fhir/core/modul-medikation/StructureDefinition/MedicationStatement,,,,,,,,,,,,,,PUT,MedicationStatement/UKE-0008-E-1-MS-19,,,,,active,,,,,,Patient/UKE-0008,,,,,,,,,,,,,,,,,,,,,,,,,,,,,,,,Medication/Medication--990736479,Encounter/UKE-0008-E-1,2020-06-01T00:00:00+02:00,2.0,Tabletten,http://unitsofmeasure.org,1
MedicationStatement/UKE-0008-E-1-MS-20,MedicationStatement,UKE-0008-E-1-MS-20,https://www.medizininformatik-initiative.de/fhir/core/modul-medikation/StructureDefinition/MedicationStatement,,,,,,,,,,,,,,PUT,MedicationStatement/UKE-0008-E-1-MS-20,,,,,active,,,,,,Patient/UKE-0008,,,,,,,,,,,,,,,,,,,,,,,,,,,,,,,,Medication/Medication-1929131757,Encounter/UKE-0008-E-1,2020-06-01T00:00:00+02:00,1.0,Tabletten,http://unitsofmeasure.org,1
MedicationStatement/UKE-0008-E-1-MS-21,MedicationStatement,UKE-0008-E-1-MS-21,https://www.medizininformatik-initiative.de/fhir/core/modul-medikation/StructureDefinition/MedicationStatement,,,,,,,,,,,,,,PUT,MedicationStatement/UKE-0008-E-1-MS-21,,,,,active,,,,,,Patient/UKE-0008,,,,,,,,,,,,,,,,,,,,,,,,,,,,,,,,Medication/Medication-1931021047,Encounter/UKE-0008-E-1,2020-06-01T00:00:00+02:00,1.0,Tabletten,http://unitsofmeasure.org,1
Medication/Medication-1186093464,Medication,Medication-1186093464,https://www.medizininformatik-initiative.de/fhir/core/modul-medikation/StructureDefinition/Medication,,,,,Medication-1186093464,,,,,,,,,PUT,Medication/Medication-1186093464,,,,,,,,,,,,,,,,,,,,,,,,,,http://fhir.de/CodeSystem/ifa/pzn,,07229059,"Codein phosphat 0,5-Wasser",,http://fhir.de/CodeSystem/bfarm/atc,R05DA04,http://fhir.de/CodeSystem/ask,http://terminology.hl7.org/CodeSystem/data-absent-reason,unknown,1.0,mg/Tropfen,http://unitsofmeasure.org,mg/Tropfen,1.0,http://XXX,Tropfen zum Einnehmen,,,,,,,
MedicationStatement/UKE-0008-E-1-MS-22,MedicationStatement,UKE-0008-E-1-MS-22,https://www.medizininformatik-initiative.de/fhir/core/modul-medikation/StructureDefinition/MedicationStatement,,,,,,,,,,,,,,PUT,MedicationStatement/UKE-0008-E-1-MS-22,,,,,active,,,,,,Patient/UKE-0008,,,,,,,,,,,,,,,,,,,,,,,,,,,,,,,,Medication/Medication-1186093464,Encounter/UKE-0008-E-1,2020-06-01T00:00:00+02:00,1.0,Tropfen zum Einnehmen,http://unitsofmeasure.org,1
MedicationStatement/UKE-0008-E-1-MS-23,MedicationStatement,UKE-0008-E-1-MS-23,https://www.medizininformatik-initiative.de/fhir/core/modul-medikation/StructureDefinition/MedicationStatement,,,,,,,,,,,,,,PUT,MedicationStatement/UKE-0008-E-1-MS-23,,,,,active,,,,,,Patient/UKE-0008,,,,,,,,,,,,,,,,,,,,,,,,,,,,,,,,Medication/Medication--132846039,Encounter/UKE-0008-E-1,2020-06-02T00:00:00+02:00,1.0,Fertigspritzen,http://unitsofmeasure.org,1
MedicationStatement/UKE-0008-E-1-MS-24,MedicationStatement,UKE-0008-E-1-MS-24,https://www.medizininformatik-initiative.de/fhir/core/modul-medikation/StructureDefinition/MedicationStatement,,,,,,,,,,,,,,PUT,MedicationStatement/UKE-0008-E-1-MS-24,,,,,active,,,,,,Patient/UKE-0008,,,,,,,,,,,,,,,,,,,,,,,,,,,,,,,,Medication/Medication--1019395450,Encounter/UKE-0008-E-1,2020-06-02T00:00:00+02:00,1.0,Tabletten,http://unitsofmeasure.org,1
MedicationStatement/UKE-0008-E-1-MS-25,MedicationStatement,UKE-0008-E-1-MS-25,https://www.medizininformatik-initiative.de/fhir/core/modul-medikation/StructureDefinition/MedicationStatement,,,,,,,,,,,,,,PUT,MedicationStatement/UKE-0008-E-1-MS-25,,,,,active,,,,,,Patient/UKE-0008,,,,,,,,,,,,,,,,,,,,,,,,,,,,,,,,Medication/Medication-899054828,Encounter/UKE-0008-E-1,2020-06-02T00:00:00+02:00,1.0,Tabletten,http://unitsofmeasure.org,1
MedicationStatement/UKE-0008-E-1-MS-26,MedicationStatement,UKE-0008-E-1-MS-26,https://www.medizininformatik-initiative.de/fhir/core/modul-medikation/StructureDefinition/MedicationStatement,,,,,,,,,,,,,,PUT,MedicationStatement/UKE-0008-E-1-MS-26,,,,,active,,,,,,Patient/UKE-0008,,,,,,,,,,,,,,,,,,,,,,,,,,,,,,,,Medication/Medication-762044849,Encounter/UKE-0008-E-1,2020-06-02T00:00:00+02:00,1.0,Tabletten,http://unitsofmeasure.org,1
MedicationStatement/UKE-0008-E-1-MS-27,MedicationStatement,UKE-0008-E-1-MS-27,https://www.medizininformatik-initiative.de/fhir/core/modul-medikation/StructureDefinition/MedicationStatement,,,,,,,,,,,,,,PUT,MedicationStatement/UKE-0008-E-1-MS-27,,,,,active,,,,,,Patient/UKE-0008,,,,,,,,,,,,,,,,,,,,,,,,,,,,,,,,Medication/Medication-760198770,Encounter/UKE-0008-E-1,2020-06-02T00:00:00+02:00,2.0,Tabletten,http://unitsofmeasure.org,1
MedicationStatement/UKE-0008-E-1-MS-28,MedicationStatement,UKE-0008-E-1-MS-28,https://www.medizininformatik-initiative.de/fhir/core/modul-medikation/StructureDefinition/MedicationStatement,,,,,,,,,,,,,,PUT,MedicationStatement/UKE-0008-E-1-MS-28,,,,,active,,,,,,Patient/UKE-0008,,,,,,,,,,,,,,,,,,,,,,,,,,,,,,,,Medication/Medication-756563301,Encounter/UKE-0008-E-1,2020-06-02T00:00:00+02:00,3.0,Injektionslösung,http://unitsofmeasure.org,1
MedicationStatement/UKE-0008-E-1-MS-29,MedicationStatement,UKE-0008-E-1-MS-29,https://www.medizininformatik-initiative.de/fhir/core/modul-medikation/StructureDefinition/MedicationStatement,,,,,,,,,,,,,,PUT,MedicationStatement/UKE-0008-E-1-MS-29,,,,,active,,,,,,Patient/UKE-0008,,,,,,,,,,,,,,,,,,,,,,,,,,,,,,,,Medication/Medication-756593092,Encounter/UKE-0008-E-1,2020-06-02T00:00:00+02:00,1.0,Tabletten,http://unitsofmeasure.org,1
MedicationStatement/UKE-0008-E-1-MS-30,MedicationStatement,UKE-0008-E-1-MS-30,https://www.medizininformatik-initiative.de/fhir/core/modul-medikation/StructureDefinition/MedicationStatement,,,,,,,,,,,,,,PUT,MedicationStatement/UKE-0008-E-1-MS-30,,,,,active,,,,,,Patient/UKE-0008,,,,,,,,,,,,,,,,,,,,,,,,,,,,,,,,Medication/Medication--990736479,Encounter/UKE-0008-E-1,2020-06-02T00:00:00+02:00,2.0,Tabletten,http://unitsofmeasure.org,1
MedicationStatement/UKE-0008-E-1-MS-31,MedicationStatement,UKE-0008-E-1-MS-31,https://www.medizininformatik-initiative.de/fhir/core/modul-medikation/StructureDefinition/MedicationStatement,,,,,,,,,,,,,,PUT,MedicationStatement/UKE-0008-E-1-MS-31,,,,,active,,,,,,Patient/UKE-0008,,,,,,,,,,,,,,,,,,,,,,,,,,,,,,,,Medication/Medication-1929131757,Encounter/UKE-0008-E-1,2020-06-02T00:00:00+02:00,1.0,Tabletten,http://unitsofmeasure.org,1
MedicationStatement/UKE-0008-E-1-MS-32,MedicationStatement,UKE-0008-E-1-MS-32,https://www.medizininformatik-initiative.de/fhir/core/modul-medikation/StructureDefinition/MedicationStatement,,,,,,,,,,,,,,PUT,MedicationStatement/UKE-0008-E-1-MS-32,,,,,active,,,,,,Patient/UKE-0008,,,,,,,,,,,,,,,,,,,,,,,,,,,,,,,,Medication/Medication-1931021047,Encounter/UKE-0008-E-1,2020-06-02T00:00:00+02:00,1.0,Tabletten,http://unitsofmeasure.org,1
MedicationStatement/UKE-0008-E-1-MS-33,MedicationStatement,UKE-0008-E-1-MS-33,https://www.medizininformatik-initiative.de/fhir/core/modul-medikation/StructureDefinition/MedicationStatement,,,,,,,,,,,,,,PUT,MedicationStatement/UKE-0008-E-1-MS-33,,,,,active,,,,,,Patient/UKE-0008,,,,,,,,,,,,,,,,,,,,,,,,,,,,,,,,Medication/Medication-1186093464,Encounter/UKE-0008-E-1,2020-06-02T00:00:00+02:00,1.0,Tropfen zum Einnehmen,http://unitsofmeasure.org,1
