fullUrl,resource_resourceType,resource_id,resource_meta_profile_0,resource_identifier_0_use,resource_identifier_0_type_coding_0_system,resource_identifier_0_type_coding_0_code,resource_identifier_0_system,resource_identifier_0_value,resource_name_0_use,resource_name_0_family,resource_name_0_given_0,resource_gender,resource_birthDate,resource_address_0_extension_0_url,resource_address_0_extension_0_valueCode,resource_generalPractitioner_0_display,request_method,request_url,resource_identifier_0__system_extension_0_url,resource_identifier_0__system_extension_0_valueCode,resource_identifier_0_assigner_identifier_system,resource_identifier_0_assigner_identifier_value,resource_status,resource_class_system,resource_class_code,resource_class_display,resource_type_0_coding_0_code,resource_type_0_coding_0_display,resource_subject_reference,resource_period_start,resource_period_end,resource_diagnosis_0_condition_reference,resource_diagnosis_0_use_coding_0_system,resource_diagnosis_0_use_coding_0_code,resource_diagnosis_0_use_coding_0_display,resource_diagnosis_1_condition_reference,resource_diagnosis_1_use_coding_0_system,resource_diagnosis_1_use_coding_0_code,resource_diagnosis_1_use_coding_0_display,resource_diagnosis_2_condition_reference,resource_diagnosis_2_use_coding_0_system,resource_diagnosis_2_use_coding_0_code,resource_diagnosis_2_use_coding_0_display,resource_class_extension_0_url,resource_class_extension_0_valueCode,resource_serviceType_coding_0_system,resource_serviceType_coding_0_code,resource_serviceType_coding_0_display,resource_diagnosis_0_condition__reference_extension_0_url,resource_diagnosis_0_condition__reference_extension_0_valueCode,resource_partOf_reference,resource_code_coding_0_system,resource_code_coding_0_version,resource_code_coding_0_code,resource_recordedDate,resource_code_coding_1_system,resource_code_coding_1_code,resource_code_text,resource_ingredient_0_itemCodeableConcept_coding_0_system,resource_ingredient_0_itemCodeableConcept_coding_0__code_extension_0_url,resource_ingredient_0_itemCodeableConcept_coding_0__code_extension_0_valueCode,resource_ingredient_0_strength_numerator_value,resource_ingredient_0_strength_numerator_unit,resource_ingredient_0_strength_numerator_system,resource_ingredient_0_strength_numerator_code,resource_ingredient_0_strength_denominator_value,resource_ingredient_0_strength_denominator_system,resource_ingredient_0_strength_denominator_code,resource_medicationReference_reference,resource_context_reference,resource_effectiveDateTime,resource_dosage_0_doseAndRate_0_doseQuantity_value,resource_dosage_0_doseAndRate_0_doseQuantity_unit,resource_dosage_0_doseAndRate_0_doseQuantity_system,resource_dosage_0_doseAndRate_0_doseQuantity_code
Patient/UKE-0003,Patient,UKE-0003,https://www.medizininformatik-initiative.de/fhir/core/modul-person/StructureDefinition/Patient,usual,http://terminology.hl7.org/CodeSystem/v2-0203,MR,https://UKE.de/pid,UKE-0003,official,f,c,female,1941-01-01,http://terminology.hl7.org/CodeSystem/data-absent-reason,unknown,AOK,PUT,Patient/UKE-0003,,,,,,,,,,,,,,,,,,,,,,,,,,,,,,,,,,,,,,,,,,,,,,,,,,,,,,,,,
Encounter/UKE-0003-E-1,Encounter,UKE-0003-E-1,https://www.medizininformatik-initiative.de/fhir/core/modul-fall/StructureDefinition/KontaktGesundheitseinrichtung,,http://terminology.hl7.org/CodeSystem/v2-0203,VN,,UKE-0003-E-1,,,,,,,,,PUT,Encounter/UKE-0003-E-1,http://terminology.hl7.org/CodeSystem/data-absent-reason,unknown,https://www.medizininformatik-initiative.de/fhir/core/NamingSystem/org-identifier,UKE,finished,http://terminology.hl7.org/CodeSystem/v3-ActCode,IMP,inpatient encounter,einrichtungskontakt,Einrichtungskontakt,Patient/UKE-0003,2020-02-26T00:00:00+01:00,2020-03-02T00:00:00+01:00,Condition/UKE-0003-E-1-D-1,http://terminology.hl7.org/CodeSystem/diagnosis-role,AD,Admission diagnosis,Condition/UKE-0003-E-1-D-2,http://terminology.hl7.org/CodeSystem/diagnosis-role,AD,Admission diagnosis,Condition/UKE-0003-E-1-D-3,http://terminology.hl7.org/CodeSystem/diagnosis-role,AD,Admission diagnosis,,,,,,,,,,,,,,,,,,,,,,,,,,,,,,,,
Encounter/UKE-0003-E-1-A-1,Encounter,UKE-0003-E-1-A-1,https://www.medizininformatik-initiative.de/fhir/core/modul-fall/StructureDefinition/KontaktGesundheitseinrichtung,,,,,,,,,,,,,,PUT,Encounter/UKE-0003-E-1-A-1,,,,,finished,,,,abteilungskontakt,Abteilungskontakt,Patient/UKE-0003,2020-02-26T00:00:00+01:00,2020-03-02T00:00:00+01:00,,,,,,,,,,,,,http://terminology.hl7.org/CodeSystem/data-absent-reason,unknown,http://fhir.de/CodeSystem/dkgev/Fachabteilungsschluessel,0100,Innere Medizin,http://terminology.hl7.org/CodeSystem/data-absent-reason,unknown,Encounter/UKE-0003-E-1,,,,,,,,,,,,,,,,,,,,,,,,
Condition/UKE-0003-E-1-D-1,Condition,UKE-0003-E-1-D-1,https://www.medizininformatik-initiative.de/fhir/core/modul-diagnose/StructureDefinition/Diagnose,,,,,UKE-0003-E-1-D-1,,,,,,,,,PUT,Condition/UKE-0003-E-1-D-1,,,,,,,,,,,Patient/UKE-0003,,,,,,,,,,,,,,,,,,,,,,,http://fhir.de/CodeSystem/bfarm/icd-10-gm,2020,I10.90,2020-02-26T00:00:00+01:00,,,,,,,,,,,,,,,,,,,,
Condition/UKE-0003-E-1-D-2,Condition,UKE-0003-E-1-D-2,https://www.medizininformatik-initiative.de/fhir/core/modul-diagnose/StructureDefinition/Diagnose,,,,,UKE-0003-E-1-D-2,,,,,,,,,PUT,Condition/UKE-0003-E-1-D-2,,,,,,,,,,,Patient/UKE-0003,,,,,,,,,,,,,,,,,,,,,,,http://fhir.de/CodeSystem/bfarm/icd-10-gm,2020,I25.2,2020-02-26T00:00:00+01:00,,,,,,,,,,,,,,,,,,,,
Condition/UKE-0003-E-1-D-3,Condition,UKE-0003-E-1-D-3,https://www.medizininformatik-initiative.de/fhir/core/modul-diagnose/StructureDefinition/Diagnose,,,,,UKE-0003-E-1-D-3,,,,,,,,,PUT,Condition/UKE-0003-E-1-D-3,,,,,,,,,,,Patient/UKE-0003,,,,,,,,,,,,,,,,,,,,,,,http://fhir.de/CodeSystem/bfarm/icd-10-gm,2020,N18.2,2020-02-26T00:00:00+01:00,,,,,,,,,,,,,,,,,,,,
Medication/Medication--132846039,Medication,Medication--132846039,https://www.medizininformatik-initiative.de/fhir/core/modul-medikation/StructureDefinition/Medication,,,,,Medication--132846039,,,,,,,,,PUT,Medication/Medication--132846039,,,,,,,,,,,,,,,,,,,,,,,,,,,,,,,,,,http://fhir.de/CodeSystem/ifa/pzn,,05013266,,http://fhir.de/CodeSystem/bfarm/atc,B01AB05,Enoxaparin,http://fhir.de/CodeSystem/ask,http://terminology.hl7.org/CodeSystem/data-absent-reason,unknown,20.0,milligram,http://unitsofmeasure.org,mg,1.0,http://XXX,Fertigspritzen,,,,,,,
MedicationStatement/UKE-0003-E-1-MS-1,MedicationStatement,UKE-0003-E-1-MS-1,https://www.medizininformatik-initiative.de/fhir/core/modul-medikation/StructureDefinition/MedicationStatement,,,,,,,,,,,,,,PUT,MedicationStatement/UKE-0003-E-1-MS-1,,,,,active,,,,,,Patient/UKE-0003,,,,,,,,,,,,,,,,,,,,,,,,,,,,,,,,,,,,,,,,Medication/Medication--132846039,Encounter/UKE-0003-E-1,2020-02-26T00:00:00+01:00,1.0,Fertigspritzen,http://unitsofmeasure.org,1
Medication/Medication--990768222,Medication,Medication--990768222,https://www.medizininformatik-initiative.de/fhir/core/modul-medikation/StructureDefinition/Medication,,,,,Medication--990768222,,,,,,,,,PUT,Medication/Medication--990768222,,,,,,,,,,,,,,,,,,,,,,,,,,,,,,,,,,http://fhir.de/CodeSystem/ifa/pzn,,02758209,,http://fhir.de/CodeSystem/bfarm/atc,A12BA01,Kalium chlorid,http://fhir.de/CodeSystem/ask,http://terminology.hl7.org/CodeSystem/data-absent-reason,unknown,600.0,milligram,http://unitsofmeasure.org,mg,1.0,http://XXX,Tabletten,,,,,,,
MedicationStatement/UKE-0003-E-1-MS-2,MedicationStatement,UKE-0003-E-1-MS-2,https://www.medizininformatik-initiative.de/fhir/core/modul-medikation/StructureDefinition/MedicationStatement,,,,,,,,,,,,,,PUT,MedicationStatement/UKE-0003-E-1-MS-2,,,,,active,,,,,,Patient/UKE-0003,,,,,,,,,,,,,,,,,,,,,,,,,,,,,,,,,,,,,,,,Medication/Medication--990768222,Encounter/UKE-0003-E-1,2020-02-26T00:00:00+01:00,5.0,Tabletten,http://unitsofmeasure.org,1
Medication/Medication--1019395450,Medication,Medication--1019395450,https://www.medizininformatik-initiative.de/fhir/core/modul-medikation/StructureDefinition/Medication,,,,,Medication--1019395450,,,,,,,,,PUT,Medication/Medication--1019395450,,,,,,,,,,,,,,,,,,,,,,,,,,,,,,,,,,http://fhir.de/CodeSystem/ifa/pzn,,16014056,,http://fhir.de/CodeSystem/bfarm/atc,A02BC02,"Pantoprazol Natrium 1,5 Wasser",http://fhir.de/CodeSystem/ask,http://terminology.hl7.org/CodeSystem/data-absent-reason,unknown,40.0,milligram,http://unitsofmeasure.org,mg,1.0,http://XXX,Infusionslösung,,,,,,,
MedicationStatement/UKE-0003-E-1-MS-3,MedicationStatement,UKE-0003-E-1-MS-3,https://www.medizininformatik-initiative.de/fhir/core/modul-medikation/StructureDefinition/MedicationStatement,,,,,,,,,,,,,,PUT,MedicationStatement/UKE-0003-E-1-MS-3,,,,,active,,,,,,Patient/UKE-0003,,,,,,,,,,,,,,,,,,,,,,,,,,,,,,,,,,,,,,,,Medication/Medication--1019395450,Encounter/UKE-0003-E-1,2020-02-26T00:00:00+01:00,1.0,Infusionslösung,http://unitsofmeasure.org,1
Medication/Medication-756563304,Medication,Medication-756563304,https://www.medizininformatik-initiative.de/fhir/core/modul-medikation/StructureDefinition/Medication,,,,,Medication-756563304,,,,,,,,,PUT,Medication/Medication-756563304,,,,,,,,,,,,,,,,,,,,,,,,,,,,,,,,,,http://fhir.de/CodeSystem/ifa/pzn,,06564548,,http://fhir.de/CodeSystem/bfarm/atc,C03CA04,Torasemid,http://fhir.de/CodeSystem/ask,http://terminology.hl7.org/CodeSystem/data-absent-reason,unknown,5.0,milligram,http://unitsofmeasure.org,mg,1.0,http://XXX,Tabletten,,,,,,,
MedicationStatement/UKE-0003-E-1-MS-4,MedicationStatement,UKE-0003-E-1-MS-4,https://www.medizininformatik-initiative.de/fhir/core/modul-medikation/StructureDefinition/MedicationStatement,,,,,,,,,,,,,,PUT,MedicationStatement/UKE-0003-E-1-MS-4,,,,,active,,,,,,Patient/UKE-0003,,,,,,,,,,,,,,,,,,,,,,,,,,,,,,,,,,,,,,,,Medication/Medication-756563304,Encounter/UKE-0003-E-1,2020-02-26T00:00:00+01:00,1.0,Tabletten,http://unitsofmeasure.org,1
Medication/Medication-899054828,Medication,Medication-899054828,https://www.medizininformatik-initiative.de/fhir/core/modul-medikation/StructureDefinition/Medication,,,,,Medication-899054828,,,,,,,,,PUT,Medication/Medication-899054828,,,,,,,,,,,,,,,,,,,,,,,,,,,,,,,,,,http://fhir.de/CodeSystem/ifa/pzn,,02532675,,http://fhir.de/CodeSystem/bfarm/atc,H03AA01,L-Thyroxin,http://fhir.de/CodeSystem/ask,http://terminology.hl7.org/CodeSystem/data-absent-reason,unknown,0.0125,milligram,http://unitsofmeasure.org,mg,1.0,http://XXX,Tabletten,,,,,,,
MedicationStatement/UKE-0003-E-1-MS-5,MedicationStatement,UKE-0003-E-1-MS-5,https://www.medizininformatik-initiative.de/fhir/core/modul-medikation/StructureDefinition/MedicationStatement,,,,,,,,,,,,,,PUT,MedicationStatement/UKE-0003-E-1-MS-5,,,,,active,,,,,,Patient/UKE-0003,,,,,,,,,,,,,,,,,,,,,,,,,,,,,,,,,,,,,,,,Medication/Medication-899054828,Encounter/UKE-0003-E-1,2020-02-26T00:00:00+01:00,1.0,Tabletten,http://unitsofmeasure.org,1
Medication/Medication-1928216850,Medication,Medication-1928216850,https://www.medizininformatik-initiative.de/fhir/core/modul-medikation/StructureDefinition/Medication,,,,,Medication-1928216850,,,,,,,,,PUT,Medication/Medication-1928216850,,,,,,,,,,,,,,,,,,,,,,,,,,,,,,,,,,http://fhir.de/CodeSystem/ifa/pzn,,06882768,,http://fhir.de/CodeSystem/bfarm/atc,N02BB02,Metamizol Natrium 1-Wasser,http://fhir.de/CodeSystem/ask,http://terminology.hl7.org/CodeSystem/data-absent-reason,unknown,125.0,milligram,http://unitsofmeasure.org,mg,1.0,http://XXX,Infusionslösung,,,,,,,
MedicationStatement/UKE-0003-E-1-MS-6,MedicationStatement,UKE-0003-E-1-MS-6,https://www.medizininformatik-initiative.de/fhir/core/modul-medikation/StructureDefinition/MedicationStatement,,,,,,,,,,,,,,PUT,MedicationStatement/UKE-0003-E-1-MS-6,,,,,active,,,,,,Patient/UKE-0003,,,,,,,,,,,,,,,,,,,,,,,,,,,,,,,,,,,,,,,,Medication/Medication-1928216850,Encounter/UKE-0003-E-1,2020-02-26T00:00:00+01:00,4.0,Infusionslösung,http://unitsofmeasure.org,1
MedicationStatement/UKE-0003-E-1-MS-7,MedicationStatement,UKE-0003-E-1-MS-7,https://www.medizininformatik-initiative.de/fhir/core/modul-medikation/StructureDefinition/MedicationStatement,,,,,,,,,,,,,,PUT,MedicationStatement/UKE-0003-E-1-MS-7,,,,,active,,,,,,Patient/UKE-0003,,,,,,,,,,,,,,,,,,,,,,,,,,,,,,,,,,,,,,,,Medication/Medication--132846039,Encounter/UKE-0003-E-1,2020-02-27T00:00:00+01:00,1.0,Fertigspritzen,http://unitsofmeasure.org,1
MedicationStatement/UKE-0003-E-1-MS-8,MedicationStatement,UKE-0003-E-1-MS-8,https://www.medizininformatik-initiative.de/fhir/core/modul-medikation/StructureDefinition/MedicationStatement,,,,,,,,,,,,,,PUT,MedicationStatement/UKE-0003-E-1-MS-8,,,,,active,,,,,,Patient/UKE-0003,,,,,,,,,,,,,,,,,,,,,,,,,,,,,,,,,,,,,,,,Medication/Medication--990768222,Encounter/UKE-0003-E-1,2020-02-27T00:00:00+01:00,5.0,Tabletten,http://unitsofmeasure.org,1
MedicationStatement/UKE-0003-E-1-MS-9,MedicationStatement,UKE-0003-E-1-MS-9,https://www.medizininformatik-initiative.de/fhir/core/modul-medikation/StructureDefinition/MedicationStatement,,,,,,,,,,,,,,PUT,MedicationStatement/UKE-0003-E-1-MS-9,,,,,active,,,,,,Patient/UKE-0003,,,,,,,,,,,,,,,,,,,,,,,,,,,,,,,,,,,,,,,,Medication/Medication--1019395450,Encounter/UKE-0003-E-1,2020-02-27T00:00:00+01:00,1.0,Infusionslösung,http://unitsofmeasure.org,1
MedicationStatement/UKE-0003-E-1-MS-10,MedicationStatement,UKE-0003-E-1-MS-10,https://www.medizininformatik-initiative.de/fhir/core/modul-medikation/StructureDefinition/MedicationStatement,,,,,,,,,,,,,,PUT,MedicationStatement/UKE-0003-E-1-MS-10,,,,,active,,,,,,Patient/UKE-0003,,,,,,,,,,,,,,,,,,,,,,,,,,,,,,,,,,,,,,,,Medication/Medication-756563304,Encounter/UKE-0003-E-1,2020-02-27T00:00:00+01:00,1.0,Tabletten,http://unitsofmeasure.org,1
MedicationStatement/UKE-0003-E-1-MS-11,MedicationStatement,UKE-0003-E-1-MS-11,https://www.medizininformatik-initiative.de/fhir/core/modul-medikation/StructureDefinition/MedicationStatement,,,,,,,,,,,,,,PUT,MedicationStatement/UKE-0003-E-1-MS-11,,,,,active,,,,,,Patient/UKE-0003,,,,,,,,,,,,,,,,,,,,,,,,,,,,,,,,,,,,,,,,Medication/Medication-899054828,Encounter/UKE-0003-E-1,2020-02-27T00:00:00+01:00,1.0,Tabletten,http://unitsofmeasure.org,1
MedicationStatement/UKE-0003-E-1-MS-12,MedicationStatement,UKE-0003-E-1-MS-12,https://www.medizininformatik-initiative.de/fhir/core/modul-medikation/StructureDefinition/MedicationStatement,,,,,,,,,,,,,,PUT,MedicationStatement/UKE-0003-E-1-MS-12,,,,,active,,,,,,Patient/UKE-0003,,,,,,,,,,,,,,,,,,,,,,,,,,,,,,,,,,,,,,,,Medication/Medication-1928216850,Encounter/UKE-0003-E-1,2020-02-27T00:00:00+01:00,4.0,Infusionslösung,http://unitsofmeasure.org,1
MedicationStatement/UKE-0003-E-1-MS-13,MedicationStatement,UKE-0003-E-1-MS-13,https://www.medizininformatik-initiative.de/fhir/core/modul-medikation/StructureDefinition/MedicationStatement,,,,,,,,,,,,,,PUT,MedicationStatement/UKE-0003-E-1-MS-13,,,,,active,,,,,,Patient/UKE-0003,,,,,,,,,,,,,,,,,,,,,,,,,,,,,,,,,,,,,,,,Medication/Medication--132846039,Encounter/UKE-0003-E-1,2020-02-28T00:00:00+01:00,1.0,Fertigspritzen,http://unitsofmeasure.org,1
MedicationStatement/UKE-0003-E-1-MS-14,MedicationStatement,UKE-0003-E-1-MS-14,https://www.medizininformatik-initiative.de/fhir/core/modul-medikation/StructureDefinition/MedicationStatement,,,,,,,,,,,,,,PUT,MedicationStatement/UKE-0003-E-1-MS-14,,,,,active,,,,,,Patient/UKE-0003,,,,,,,,,,,,,,,,,,,,,,,,,,,,,,,,,,,,,,,,Medication/Medication--990768222,Encounter/UKE-0003-E-1,2020-02-28T00:00:00+01:00,5.0,Tabletten,http://unitsofmeasure.org,1
MedicationStatement/UKE-0003-E-1-MS-15,MedicationStatement,UKE-0003-E-1-MS-15,https://www.medizininformatik-initiative.de/fhir/core/modul-medikation/StructureDefinition/MedicationStatement,,,,,,,,,,,,,,PUT,MedicationStatement/UKE-0003-E-1-MS-15,,,,,active,,,,,,Patient/UKE-0003,,,,,,,,,,,,,,,,,,,,,,,,,,,,,,,,,,,,,,,,Medication/Medication--1019395450,Encounter/UKE-0003-E-1,2020-02-28T00:00:00+01:00,1.0,Infusionslösung,http://unitsofmeasure.org,1
MedicationStatement/UKE-0003-E-1-MS-16,MedicationStatement,UKE-0003-E-1-MS-16,https://www.medizininformatik-initiative.de/fhir/core/modul-medikation/StructureDefinition/MedicationStatement,,,,,,,,,,,,,,PUT,MedicationStatement/UKE-0003-E-1-MS-16,,,,,active,,,,,,Patient/UKE-0003,,,,,,,,,,,,,,,,,,,,,,,,,,,,,,,,,,,,,,,,Medication/Medication-756563304,Encounter/UKE-0003-E-1,2020-02-28T00:00:00+01:00,1.0,Tabletten,http://unitsofmeasure.org,1
MedicationStatement/UKE-0003-E-1-MS-17,MedicationStatement,UKE-0003-E-1-MS-17,https://www.medizininformatik-initiative.de/fhir/core/modul-medikation/StructureDefinition/MedicationStatement,,,,,,,,,,,,,,PUT,MedicationStatement/UKE-0003-E-1-MS-17,,,,,active,,,,,,Patient/UKE-0003,,,,,,,,,,,,,,,,,,,,,,,,,,,,,,,,,,,,,,,,Medication/Medication-899054828,Encounter/UKE-0003-E-1,2020-02-28T00:00:00+01:00,1.0,Tabletten,http://unitsofmeasure.org,1
MedicationStatement/UKE-0003-E-1-MS-18,MedicationStatement,UKE-0003-E-1-MS-18,https://www.medizininformatik-initiative.de/fhir/core/modul-medikation/StructureDefinition/MedicationStatement,,,,,,,,,,,,,,PUT,MedicationStatement/UKE-0003-E-1-MS-18,,,,,active,,,,,,Patient/UKE-0003,,,,,,,,,,,,,,,,,,,,,,,,,,,,,,,,,,,,,,,,Medication/Medication-1928216850,Encounter/UKE-0003-E-1,2020-02-28T00:00:00+01:00,4.0,Infusionslösung,http://unitsofmeasure.org,1
MedicationStatement/UKE-0003-E-1-MS-19,MedicationStatement,UKE-0003-E-1-MS-19,https://www.medizininformatik-initiative.de/fhir/core/modul-medikation/StructureDefinition/MedicationStatement,,,,,,,,,,,,,,PUT,MedicationStatement/UKE-0003-E-1-MS-19,,,,,active,,,,,,Patient/UKE-0003,,,,,,,,,,,,,,,,,,,,,,,,,,,,,,,,,,,,,,,,Medication/Medication--132846039,Encounter/UKE-0003-E-1,2020-02-29T00:00:00+01:00,1.0,Fertigspritzen,http://unitsofmeasure.org,1
MedicationStatement/UKE-0003-E-1-MS-20,MedicationStatement,UKE-0003-E-1-MS-20,https://www.medizininformatik-initiative.de/fhir/core/modul-medikation/StructureDefinition/MedicationStatement,,,,,,,,,,,,,,PUT,MedicationStatement/UKE-0003-E-1-MS-20,,,,,active,,,,,,Patient/UKE-0003,,,,,,,,,,,,,,,,,,,,,,,,,,,,,,,,,,,,,,,,Medication/Medication--990768222,Encounter/UKE-0003-E-1,2020-02-29T00:00:00+01:00,5.0,Tabletten,http://unitsofmeasure.org,1
MedicationStatement/UKE-0003-E-1-MS-21,MedicationStatement,UKE-0003-E-1-MS-21,https://www.medizininformatik-initiative.de/fhir/core/modul-medikation/StructureDefinition/MedicationStatement,,,,,,,,,,,,,,PUT,MedicationStatement/UKE-0003-E-1-MS-21,,,,,active,,,,,,Patient/UKE-0003,,,,,,,,,,,,,,,,,,,,,,,,,,,,,,,,,,,,,,,,Medication/Medication--1019395450,Encounter/UKE-0003-E-1,2020-02-29T00:00:00+01:00,1.0,Infusionslösung,http://unitsofmeasure.org,1
MedicationStatement/UKE-0003-E-1-MS-22,MedicationStatement,UKE-0003-E-1-MS-22,https://www.medizininformatik-initiative.de/fhir/core/modul-medikation/StructureDefinition/MedicationStatement,,,,,,,,,,,,,,PUT,MedicationStatement/UKE-0003-E-1-MS-22,,,,,active,,,,,,Patient/UKE-0003,,,,,,,,,,,,,,,,,,,,,,,,,,,,,,,,,,,,,,,,Medication/Medication-756563304,Encounter/UKE-0003-E-1,2020-02-29T00:00:00+01:00,1.0,Tabletten,http://unitsofmeasure.org,1
MedicationStatement/UKE-0003-E-1-MS-23,MedicationStatement,UKE-0003-E-1-MS-23,https://www.medizininformatik-initiative.de/fhir/core/modul-medikation/StructureDefinition/MedicationStatement,,,,,,,,,,,,,,PUT,MedicationStatement/UKE-0003-E-1-MS-23,,,,,active,,,,,,Patient/UKE-0003,,,,,,,,,,,,,,,,,,,,,,,,,,,,,,,,,,,,,,,,Medication/Medication-899054828,Encounter/UKE-0003-E-1,2020-02-29T00:00:00+01:00,1.0,Tabletten,http://unitsofmeasure.org,1
MedicationStatement/UKE-0003-E-1-MS-24,MedicationStatement,UKE-0003-E-1-MS-24,https://www.medizininformatik-initiative.de/fhir/core/modul-medikation/StructureDefinition/MedicationStatement,,,,,,,,,,,,,,PUT,MedicationStatement/UKE-0003-E-1-MS-24,,,,,active,,,,,,Patient/UKE-0003,,,,,,,,,,,,,,,,,,,,,,,,,,,,,,,,,,,,,,,,Medication/Medication-1928216850,Encounter/UKE-0003-E-1,2020-02-29T00:00:00+01:00,4.0,Infusionslösung,http://unitsofmeasure.org,1
MedicationStatement/UKE-0003-E-1-MS-25,MedicationStatement,UKE-0003-E-1-MS-25,https://www.medizininformatik-initiative.de/fhir/core/modul-medikation/StructureDefinition/MedicationStatement,,,,,,,,,,,,,,PUT,MedicationStatement/UKE-0003-E-1-MS-25,,,,,active,,,,,,Patient/UKE-0003,,,,,,,,,,,,,,,,,,,,,,,,,,,,,,,,,,,,,,,,Medication/Medication--132846039,Encounter/UKE-0003-E-1,2020-03-01T00:00:00+01:00,1.0,Fertigspritzen,http://unitsofmeasure.org,1
MedicationStatement/UKE-0003-E-1-MS-26,MedicationStatement,UKE-0003-E-1-MS-26,https://www.medizininformatik-initiative.de/fhir/core/modul-medikation/StructureDefinition/MedicationStatement,,,,,,,,,,,,,,PUT,MedicationStatement/UKE-0003-E-1-MS-26,,,,,active,,,,,,Patient/UKE-0003,,,,,,,,,,,,,,,,,,,,,,,,,,,,,,,,,,,,,,,,Medication/Medication--990768222,Encounter/UKE-0003-E-1,2020-03-01T00:00:00+01:00,5.0,Tabletten,http://unitsofmeasure.org,1
MedicationStatement/UKE-0003-E-1-MS-27,MedicationStatement,UKE-0003-E-1-MS-27,https://www.medizininformatik-initiative.de/fhir/core/modul-medikation/StructureDefinition/MedicationStatement,,,,,,,,,,,,,,PUT,MedicationStatement/UKE-0003-E-1-MS-27,,,,,active,,,,,,Patient/UKE-0003,,,,,,,,,,,,,,,,,,,,,,,,,,,,,,,,,,,,,,,,Medication/Medication--1019395450,Encounter/UKE-0003-E-1,2020-03-01T00:00:00+01:00,1.0,Infusionslösung,http://unitsofmeasure.org,1
MedicationStatement/UKE-0003-E-1-MS-28,MedicationStatement,UKE-0003-E-1-MS-28,https://www.medizininformatik-initiative.de/fhir/core/modul-medikation/StructureDefinition/MedicationStatement,,,,,,,,,,,,,,PUT,MedicationStatement/UKE-0003-E-1-MS-28,,,,,active,,,,,,Patient/UKE-0003,,,,,,,,,,,,,,,,,,,,,,,,,,,,,,,,,,,,,,,,Medication/Medication-756563304,Encounter/UKE-0003-E-1,2020-03-01T00:00:00+01:00,1.0,Tabletten,http://unitsofmeasure.org,1
MedicationStatement/UKE-0003-E-1-MS-29,MedicationStatement,UKE-0003-E-1-MS-29,https://www.medizininformatik-initiative.de/fhir/core/modul-medikation/StructureDefinition/MedicationStatement,,,,,,,,,,,,,,PUT,MedicationStatement/UKE-0003-E-1-MS-29,,,,,active,,,,,,Patient/UKE-0003,,,,,,,,,,,,,,,,,,,,,,,,,,,,,,,,,,,,,,,,Medication/Medication-899054828,Encounter/UKE-0003-E-1,2020-03-01T00:00:00+01:00,1.0,Tabletten,http://unitsofmeasure.org,1
MedicationStatement/UKE-0003-E-1-MS-30,MedicationStatement,UKE-0003-E-1-MS-30,https://www.medizininformatik-initiative.de/fhir/core/modul-medikation/StructureDefinition/MedicationStatement,,,,,,,,,,,,,,PUT,MedicationStatement/UKE-0003-E-1-MS-30,,,,,active,,,,,,Patient/UKE-0003,,,,,,,,,,,,,,,,,,,,,,,,,,,,,,,,,,,,,,,,Medication/Medication-1928216850,Encounter/UKE-0003-E-1,2020-03-01T00:00:00+01:00,4.0,Infusionslösung,http://unitsofmeasure.org,1
MedicationStatement/UKE-0003-E-1-MS-31,MedicationStatement,UKE-0003-E-1-MS-31,https://www.medizininformatik-initiative.de/fhir/core/modul-medikation/StructureDefinition/MedicationStatement,,,,,,,,,,,,,,PUT,MedicationStatement/UKE-0003-E-1-MS-31,,,,,active,,,,,,Patient/UKE-0003,,,,,,,,,,,,,,,,,,,,,,,,,,,,,,,,,,,,,,,,Medication/Medication--132846039,Encounter/UKE-0003-E-1,2020-03-02T00:00:00+01:00,1.0,Fertigspritzen,http://unitsofmeasure.org,1
MedicationStatement/UKE-0003-E-1-MS-32,MedicationStatement,UKE-0003-E-1-MS-32,https://www.medizininformatik-initiative.de/fhir/core/modul-medikation/StructureDefinition/MedicationStatement,,,,,,,,,,,,,,PUT,MedicationStatement/UKE-0003-E-1-MS-32,,,,,active,,,,,,Patient/UKE-0003,,,,,,,,,,,,,,,,,,,,,,,,,,,,,,,,,,,,,,,,Medication/Medication--990768222,Encounter/UKE-0003-E-1,2020-03-02T00:00:00+01:00,5.0,Tabletten,http://unitsofmeasure.org,1
MedicationStatement/UKE-0003-E-1-MS-33,MedicationStatement,UKE-0003-E-1-MS-33,https://www.medizininformatik-initiative.de/fhir/core/modul-medikation/StructureDefinition/MedicationStatement,,,,,,,,,,,,,,PUT,MedicationStatement/UKE-0003-E-1-MS-33,,,,,active,,,,,,Patient/UKE-0003,,,,,,,,,,,,,,,,,,,,,,,,,,,,,,,,,,,,,,,,Medication/Medication--1019395450,Encounter/UKE-0003-E-1,2020-03-02T00:00:00+01:00,1.0,Infusionslösung,http://unitsofmeasure.org,1
MedicationStatement/UKE-0003-E-1-MS-34,MedicationStatement,UKE-0003-E-1-MS-34,https://www.medizininformatik-initiative.de/fhir/core/modul-medikation/StructureDefinition/MedicationStatement,,,,,,,,,,,,,,PUT,MedicationStatement/UKE-0003-E-1-MS-34,,,,,active,,,,,,Patient/UKE-0003,,,,,,,,,,,,,,,,,,,,,,,,,,,,,,,,,,,,,,,,Medication/Medication-756563304,Encounter/UKE-0003-E-1,2020-03-02T00:00:00+01:00,1.0,Tabletten,http://unitsofmeasure.org,1
MedicationStatement/UKE-0003-E-1-MS-35,MedicationStatement,UKE-0003-E-1-MS-35,https://www.medizininformatik-initiative.de/fhir/core/modul-medikation/StructureDefinition/MedicationStatement,,,,,,,,,,,,,,PUT,MedicationStatement/UKE-0003-E-1-MS-35,,,,,active,,,,,,Patient/UKE-0003,,,,,,,,,,,,,,,,,,,,,,,,,,,,,,,,,,,,,,,,Medication/Medication-899054828,Encounter/UKE-0003-E-1,2020-03-02T00:00:00+01:00,1.0,Tabletten,http://unitsofmeasure.org,1
MedicationStatement/UKE-0003-E-1-MS-36,MedicationStatement,UKE-0003-E-1-MS-36,https://www.medizininformatik-initiative.de/fhir/core/modul-medikation/StructureDefinition/MedicationStatement,,,,,,,,,,,,,,PUT,MedicationStatement/UKE-0003-E-1-MS-36,,,,,active,,,,,,Patient/UKE-0003,,,,,,,,,,,,,,,,,,,,,,,,,,,,,,,,,,,,,,,,Medication/Medication-1928216850,Encounter/UKE-0003-E-1,2020-03-02T00:00:00+01:00,4.0,Infusionslösung,http://unitsofmeasure.org,1
