fullUrl,resource_resourceType,resource_id,resource_meta_profile_0,resource_identifier_0_use,resource_identifier_0_type_coding_0_system,resource_identifier_0_type_coding_0_code,resource_identifier_0_system,resource_identifier_0_value,resource_name_0_use,resource_name_0_family,resource_name_0_given_0,resource_gender,resource_birthDate,resource_address_0_extension_0_url,resource_address_0_extension_0_valueCode,resource_generalPractitioner_0_display,request_method,request_url,resource_identifier_0__system_extension_0_url,resource_identifier_0__system_extension_0_valueCode,resource_identifier_0_assigner_identifier_system,resource_identifier_0_assigner_identifier_value,resource_status,resource_class_system,resource_class_code,resource_class_display,resource_type_0_coding_0_code,resource_type_0_coding_0_display,resource_subject_reference,resource_period_start,resource_period_end,resource_diagnosis_0_condition_reference,resource_diagnosis_0_use_coding_0_system,resource_diagnosis_0_use_coding_0_code,resource_diagnosis_0_use_coding_0_display,resource_class_extension_0_url,resource_class_extension_0_valueCode,resource_serviceType_coding_0_system,resource_serviceType_coding_0_code,resource_serviceType_coding_0_display,resource_diagnosis_0_condition__reference_extension_0_url,resource_diagnosis_0_condition__reference_extension_0_valueCode,resource_partOf_reference,resource_code_coding_0_system,resource_code_coding_0_version,resource_code_coding_0_code,resource_code_text,resource_recordedDate,resource_code_coding_1_system,resource_code_coding_1_code,resource_ingredient_0_itemCodeableConcept_coding_0_system,resource_ingredient_0_itemCodeableConcept_coding_0__code_extension_0_url,resource_ingredient_0_itemCodeableConcept_coding_0__code_extension_0_valueCode,resource_ingredient_0_strength_numerator_value,resource_ingredient_0_strength_numerator_unit,resource_ingredient_0_strength_numerator_system,resource_ingredient_0_strength_numerator_code,resource_ingredient_0_strength_denominator_value,resource_ingredient_0_strength_denominator_system,resource_ingredient_0_strength_denominator_code,resource_medicationReference_reference,resource_context_reference,resource_effectiveDateTime,resource_dosage_0_doseAndRate_0_doseQuantity_value,resource_dosage_0_doseAndRate_0_doseQuantity_unit,resource_dosage_0_doseAndRate_0_doseQuantity_system,resource_dosage_0_doseAndRate_0_doseQuantity_code
Patient/UKE-0013,Patient,UKE-0013,https://www.medizininformatik-initiative.de/fhir/core/modul-person/StructureDefinition/Patient,usual,http://terminology.hl7.org/CodeSystem/v2-0203,MR,https://UKE.de/pid,UKE-0013,official,l,i,male,1943-01-01,http://terminology.hl7.org/CodeSystem/data-absent-reason,unknown,Barmer,PUT,Patient/UKE-0013,,,,,,,,,,,,,,,,,,,,,,,,,,,,,,,,,,,,,,,,,,,,,,,,,
Encounter/UKE-0013-E-1,Encounter,UKE-0013-E-1,https://www.medizininformatik-initiative.de/fhir/core/modul-fall/StructureDefinition/KontaktGesundheitseinrichtung,,http://terminology.hl7.org/CodeSystem/v2-0203,VN,,UKE-0013-E-1,,,,,,,,,PUT,Encounter/UKE-0013-E-1,http://terminology.hl7.org/CodeSystem/data-absent-reason,unknown,https://www.medizininformatik-initiative.de/fhir/core/NamingSystem/org-identifier,UKE,finished,http://terminology.hl7.org/CodeSystem/v3-ActCode,IMP,inpatient encounter,einrichtungskontakt,Einrichtungskontakt,Patient/UKE-0013,2020-06-13T00:00:00+02:00,2020-06-18T00:00:00+02:00,Condition/UKE-0013-E-1-D-1,http://terminology.hl7.org/CodeSystem/diagnosis-role,AD,Admission diagnosis,,,,,,,,,,,,,,,,,,,,,,,,,,,,,,,,
Encounter/UKE-0013-E-1-A-1,Encounter,UKE-0013-E-1-A-1,https://www.medizininformatik-initiative.de/fhir/core/modul-fall/StructureDefinition/KontaktGesundheitseinrichtung,,,,,,,,,,,,,,PUT,Encounter/UKE-0013-E-1-A-1,,,,,finished,,,,abteilungskontakt,Abteilungskontakt,Patient/UKE-0013,2020-06-13T00:00:00+02:00,2020-06-18T00:00:00+02:00,,,,,http://terminology.hl7.org/CodeSystem/data-absent-reason,unknown,http://fhir.de/CodeSystem/dkgev/Fachabteilungsschluessel,0300,Kardiologie,http://terminology.hl7.org/CodeSystem/data-absent-reason,unknown,Encounter/UKE-0013-E-1,,,,,,,,,,,,,,,,,,,,,,,,
Condition/UKE-0013-E-1-D-1,Condition,UKE-0013-E-1-D-1,https://www.medizininformatik-initiative.de/fhir/core/modul-diagnose/StructureDefinition/Diagnose,,,,,UKE-0013-E-1-D-1,,,,,,,,,PUT,Condition/UKE-0013-E-1-D-1,,,,,,,,,,,Patient/UKE-0013,,,,,,,,,,,,,,,http://fhir.de/CodeSystem/bfarm/icd-10-gm,2020,I25.22,Myokardinfarkt in Vergangenheit,2020-06-13T00:00:00+02:00,,,,,,,,,,,,,,,,,,,
Medication/Medication-154102257,Medication,Medication-154102257,https://www.medizininformatik-initiative.de/fhir/core/modul-medikation/StructureDefinition/Medication,,,,,Medication-154102257,,,,,,,,,PUT,Medication/Medication-154102257,,,,,,,,,,,,,,,,,,,,,,,,,,http://fhir.de/CodeSystem/ifa/pzn,,05484267,Filgastrim,,http://fhir.de/CodeSystem/bfarm/atc,L03AA02,http://fhir.de/CodeSystem/ask,http://terminology.hl7.org/CodeSystem/data-absent-reason,unknown,48.0,"Mio I.E./0,5ml",http://unitsofmeasure.org,"Mio I.E./0,5ml",1.0,http://XXX,Fertigspritzen,,,,,,,
MedicationStatement/UKE-0013-E-1-MS-1,MedicationStatement,UKE-0013-E-1-MS-1,https://www.medizininformatik-initiative.de/fhir/core/modul-medikation/StructureDefinition/MedicationStatement,,,,,,,,,,,,,,PUT,MedicationStatement/UKE-0013-E-1-MS-1,,,,,active,,,,,,Patient/UKE-0013,,,,,,,,,,,,,,,,,,,,,,,,,,,,,,,,Medication/Medication-154102257,Encounter/UKE-0013-E-1,2020-06-13T00:00:00+02:00,1.0,Fertigspritzen,http://unitsofmeasure.org,1
Medication/Medication--132842199,Medication,Medication--132842199,https://www.medizininformatik-initiative.de/fhir/core/modul-medikation/StructureDefinition/Medication,,,,,Medication--132842199,,,,,,,,,PUT,Medication/Medication--132842199,,,,,,,,,,,,,,,,,,,,,,,,,,http://fhir.de/CodeSystem/ifa/pzn,,12636016,Rivaroxaban,,http://fhir.de/CodeSystem/bfarm/atc,B01AF01,http://fhir.de/CodeSystem/ask,http://terminology.hl7.org/CodeSystem/data-absent-reason,unknown,10.0,milligram,http://unitsofmeasure.org,mg,1.0,http://XXX,Tabletten,,,,,,,
MedicationStatement/UKE-0013-E-1-MS-2,MedicationStatement,UKE-0013-E-1-MS-2,https://www.medizininformatik-initiative.de/fhir/core/modul-medikation/StructureDefinition/MedicationStatement,,,,,,,,,,,,,,PUT,MedicationStatement/UKE-0013-E-1-MS-2,,,,,active,,,,,,Patient/UKE-0013,,,,,,,,,,,,,,,,,,,,,,,,,,,,,,,,Medication/Medication--132842199,Encounter/UKE-0013-E-1,2020-06-13T00:00:00+02:00,1.0,Tabletten,http://unitsofmeasure.org,1
Medication/Medication-1928216850,Medication,Medication-1928216850,https://www.medizininformatik-initiative.de/fhir/core/modul-medikation/StructureDefinition/Medication,,,,,Medication-1928216850,,,,,,,,,PUT,Medication/Medication-1928216850,,,,,,,,,,,,,,,,,,,,,,,,,,http://fhir.de/CodeSystem/ifa/pzn,,06882768,Metamizol natrium-1-Wasser,,http://fhir.de/CodeSystem/bfarm/atc,N02BB02,http://fhir.de/CodeSystem/ask,http://terminology.hl7.org/CodeSystem/data-absent-reason,unknown,1000.0,milligram,http://unitsofmeasure.org,mg,1.0,http://XXX,Injektionslösung,,,,,,,
MedicationStatement/UKE-0013-E-1-MS-3,MedicationStatement,UKE-0013-E-1-MS-3,https://www.medizininformatik-initiative.de/fhir/core/modul-medikation/StructureDefinition/MedicationStatement,,,,,,,,,,,,,,PUT,MedicationStatement/UKE-0013-E-1-MS-3,,,,,active,,,,,,Patient/UKE-0013,,,,,,,,,,,,,,,,,,,,,,,,,,,,,,,,Medication/Medication-1928216850,Encounter/UKE-0013-E-1,2020-06-13T00:00:00+02:00,4.0,Injektionslösung,http://unitsofmeasure.org,1
MedicationStatement/UKE-0013-E-1-MS-4,MedicationStatement,UKE-0013-E-1-MS-4,https://www.medizininformatik-initiative.de/fhir/core/modul-medikation/StructureDefinition/MedicationStatement,,,,,,,,,,,,,,PUT,MedicationStatement/UKE-0013-E-1-MS-4,,,,,active,,,,,,Patient/UKE-0013,,,,,,,,,,,,,,,,,,,,,,,,,,,,,,,,Medication/Medication-154102257,Encounter/UKE-0013-E-1,2020-06-14T00:00:00+02:00,1.0,Fertigspritzen,http://unitsofmeasure.org,1
MedicationStatement/UKE-0013-E-1-MS-5,MedicationStatement,UKE-0013-E-1-MS-5,https://www.medizininformatik-initiative.de/fhir/core/modul-medikation/StructureDefinition/MedicationStatement,,,,,,,,,,,,,,PUT,MedicationStatement/UKE-0013-E-1-MS-5,,,,,active,,,,,,Patient/UKE-0013,,,,,,,,,,,,,,,,,,,,,,,,,,,,,,,,Medication/Medication--132842199,Encounter/UKE-0013-E-1,2020-06-14T00:00:00+02:00,1.0,Tabletten,http://unitsofmeasure.org,1
MedicationStatement/UKE-0013-E-1-MS-6,MedicationStatement,UKE-0013-E-1-MS-6,https://www.medizininformatik-initiative.de/fhir/core/modul-medikation/StructureDefinition/MedicationStatement,,,,,,,,,,,,,,PUT,MedicationStatement/UKE-0013-E-1-MS-6,,,,,active,,,,,,Patient/UKE-0013,,,,,,,,,,,,,,,,,,,,,,,,,,,,,,,,Medication/Medication-1928216850,Encounter/UKE-0013-E-1,2020-06-14T00:00:00+02:00,4.0,Injektionslösung,http://unitsofmeasure.org,1
MedicationStatement/UKE-0013-E-1-MS-7,MedicationStatement,UKE-0013-E-1-MS-7,https://www.medizininformatik-initiative.de/fhir/core/modul-medikation/StructureDefinition/MedicationStatement,,,,,,,,,,,,,,PUT,MedicationStatement/UKE-0013-E-1-MS-7,,,,,active,,,,,,Patient/UKE-0013,,,,,,,,,,,,,,,,,,,,,,,,,,,,,,,,Medication/Medication-154102257,Encounter/UKE-0013-E-1,2020-06-15T00:00:00+02:00,1.0,Fertigspritzen,http://unitsofmeasure.org,1
MedicationStatement/UKE-0013-E-1-MS-8,MedicationStatement,UKE-0013-E-1-MS-8,https://www.medizininformatik-initiative.de/fhir/core/modul-medikation/StructureDefinition/MedicationStatement,,,,,,,,,,,,,,PUT,MedicationStatement/UKE-0013-E-1-MS-8,,,,,active,,,,,,Patient/UKE-0013,,,,,,,,,,,,,,,,,,,,,,,,,,,,,,,,Medication/Medication--132842199,Encounter/UKE-0013-E-1,2020-06-15T00:00:00+02:00,1.0,Tabletten,http://unitsofmeasure.org,1
MedicationStatement/UKE-0013-E-1-MS-9,MedicationStatement,UKE-0013-E-1-MS-9,https://www.medizininformatik-initiative.de/fhir/core/modul-medikation/StructureDefinition/MedicationStatement,,,,,,,,,,,,,,PUT,MedicationStatement/UKE-0013-E-1-MS-9,,,,,active,,,,,,Patient/UKE-0013,,,,,,,,,,,,,,,,,,,,,,,,,,,,,,,,Medication/Medication-1928216850,Encounter/UKE-0013-E-1,2020-06-15T00:00:00+02:00,4.0,Injektionslösung,http://unitsofmeasure.org,1
MedicationStatement/UKE-0013-E-1-MS-10,MedicationStatement,UKE-0013-E-1-MS-10,https://www.medizininformatik-initiative.de/fhir/core/modul-medikation/StructureDefinition/MedicationStatement,,,,,,,,,,,,,,PUT,MedicationStatement/UKE-0013-E-1-MS-10,,,,,active,,,,,,Patient/UKE-0013,,,,,,,,,,,,,,,,,,,,,,,,,,,,,,,,Medication/Medication-154102257,Encounter/UKE-0013-E-1,2020-06-16T00:00:00+02:00,1.0,Fertigspritzen,http://unitsofmeasure.org,1
MedicationStatement/UKE-0013-E-1-MS-11,MedicationStatement,UKE-0013-E-1-MS-11,https://www.medizininformatik-initiative.de/fhir/core/modul-medikation/StructureDefinition/MedicationStatement,,,,,,,,,,,,,,PUT,MedicationStatement/UKE-0013-E-1-MS-11,,,,,active,,,,,,Patient/UKE-0013,,,,,,,,,,,,,,,,,,,,,,,,,,,,,,,,Medication/Medication--132842199,Encounter/UKE-0013-E-1,2020-06-16T00:00:00+02:00,1.0,Tabletten,http://unitsofmeasure.org,1
MedicationStatement/UKE-0013-E-1-MS-12,MedicationStatement,UKE-0013-E-1-MS-12,https://www.medizininformatik-initiative.de/fhir/core/modul-medikation/StructureDefinition/MedicationStatement,,,,,,,,,,,,,,PUT,MedicationStatement/UKE-0013-E-1-MS-12,,,,,active,,,,,,Patient/UKE-0013,,,,,,,,,,,,,,,,,,,,,,,,,,,,,,,,Medication/Medication-1928216850,Encounter/UKE-0013-E-1,2020-06-16T00:00:00+02:00,4.0,Injektionslösung,http://unitsofmeasure.org,1
MedicationStatement/UKE-0013-E-1-MS-13,MedicationStatement,UKE-0013-E-1-MS-13,https://www.medizininformatik-initiative.de/fhir/core/modul-medikation/StructureDefinition/MedicationStatement,,,,,,,,,,,,,,PUT,MedicationStatement/UKE-0013-E-1-MS-13,,,,,active,,,,,,Patient/UKE-0013,,,,,,,,,,,,,,,,,,,,,,,,,,,,,,,,Medication/Medication-154102257,Encounter/UKE-0013-E-1,2020-06-17T00:00:00+02:00,1.0,Fertigspritzen,http://unitsofmeasure.org,1
MedicationStatement/UKE-0013-E-1-MS-14,MedicationStatement,UKE-0013-E-1-MS-14,https://www.medizininformatik-initiative.de/fhir/core/modul-medikation/StructureDefinition/MedicationStatement,,,,,,,,,,,,,,PUT,MedicationStatement/UKE-0013-E-1-MS-14,,,,,active,,,,,,Patient/UKE-0013,,,,,,,,,,,,,,,,,,,,,,,,,,,,,,,,Medication/Medication--132842199,Encounter/UKE-0013-E-1,2020-06-17T00:00:00+02:00,1.0,Tabletten,http://unitsofmeasure.org,1
MedicationStatement/UKE-0013-E-1-MS-15,MedicationStatement,UKE-0013-E-1-MS-15,https://www.medizininformatik-initiative.de/fhir/core/modul-medikation/StructureDefinition/MedicationStatement,,,,,,,,,,,,,,PUT,MedicationStatement/UKE-0013-E-1-MS-15,,,,,active,,,,,,Patient/UKE-0013,,,,,,,,,,,,,,,,,,,,,,,,,,,,,,,,Medication/Medication-1928216850,Encounter/UKE-0013-E-1,2020-06-17T00:00:00+02:00,4.0,Injektionslösung,http://unitsofmeasure.org,1
MedicationStatement/UKE-0013-E-1-MS-16,MedicationStatement,UKE-0013-E-1-MS-16,https://www.medizininformatik-initiative.de/fhir/core/modul-medikation/StructureDefinition/MedicationStatement,,,,,,,,,,,,,,PUT,MedicationStatement/UKE-0013-E-1-MS-16,,,,,active,,,,,,Patient/UKE-0013,,,,,,,,,,,,,,,,,,,,,,,,,,,,,,,,Medication/Medication-154102257,Encounter/UKE-0013-E-1,2020-06-18T00:00:00+02:00,1.0,Fertigspritzen,http://unitsofmeasure.org,1
MedicationStatement/UKE-0013-E-1-MS-17,MedicationStatement,UKE-0013-E-1-MS-17,https://www.medizininformatik-initiative.de/fhir/core/modul-medikation/StructureDefinition/MedicationStatement,,,,,,,,,,,,,,PUT,MedicationStatement/UKE-0013-E-1-MS-17,,,,,active,,,,,,Patient/UKE-0013,,,,,,,,,,,,,,,,,,,,,,,,,,,,,,,,Medication/Medication--132842199,Encounter/UKE-0013-E-1,2020-06-18T00:00:00+02:00,1.0,Tabletten,http://unitsofmeasure.org,1
MedicationStatement/UKE-0013-E-1-MS-18,MedicationStatement,UKE-0013-E-1-MS-18,https://www.medizininformatik-initiative.de/fhir/core/modul-medikation/StructureDefinition/MedicationStatement,,,,,,,,,,,,,,PUT,MedicationStatement/UKE-0013-E-1-MS-18,,,,,active,,,,,,Patient/UKE-0013,,,,,,,,,,,,,,,,,,,,,,,,,,,,,,,,Medication/Medication-1928216850,Encounter/UKE-0013-E-1,2020-06-18T00:00:00+02:00,4.0,Injektionslösung,http://unitsofmeasure.org,1
