{
  "resourceType": "Bundle",
  "type": "transaction",
  "entry": [ {
    "fullUrl": "Patient/UKFAU-0003",
    "resource": {
      "resourceType": "Patient",
      "id": "UKFAU-0003",
      "meta": {
        "profile": [ "https://www.medizininformatik-initiative.de/fhir/core/modul-person/StructureDefinition/Patient" ]
      },
      "identifier": [ {
        "use": "usual",
        "type": {
          "coding": [ {
            "system": "http://terminology.hl7.org/CodeSystem/v2-0203",
            "code": "MR"
          } ]
        },
        "system": "https://UKFAU.de/pid",
        "value": "UKFAU-0003"
      } ],
      "name": [ {
        "use": "official",
        "family": "a",
        "given": [ "a" ]
      } ],
      "gender": "male",
      "birthDate": "1970-01-01",
      "address": [ {
        "type": "both",
        "line": [ "An der Leite 5" ],
        "city": "Erlangen",
        "postalCode": "91058",
        "country": "DE"
      } ],
      "generalPractitioner": [ {
        "display": "DAK Gesundheit"
      } ]
    },
    "request": {
      "method": "PUT",
      "url": "Patient/UKFAU-0003"
    }
  }, {
    "fullUrl": "Encounter/UKFAU-0003-E-1",
    "resource": {
      "resourceType": "Encounter",
      "id": "UKFAU-0003-E-1",
      "meta": {
        "profile": [ "https://www.medizininformatik-initiative.de/fhir/core/modul-fall/StructureDefinition/KontaktGesundheitseinrichtung" ]
      },
      "identifier": [ {
        "type": {
          "coding": [ {
            "system": "http://terminology.hl7.org/CodeSystem/v2-0203",
            "code": "VN"
          } ]
        },
        "_system": {
          "extension": [ {
            "url": "http://terminology.hl7.org/CodeSystem/data-absent-reason",
            "valueCode": "unknown"
          } ]
        },
        "value": "UKFAU-0003-E-1",
        "assigner": {
          "identifier": {
            "system": "https://www.medizininformatik-initiative.de/fhir/core/NamingSystem/org-identifier",
            "value": "UKFAU"
          }
        }
      } ],
      "status": "finished",
      "class": {
        "system": "http://terminology.hl7.org/CodeSystem/v3-ActCode",
        "code": "IMP",
        "display": "inpatient encounter"
      },
      "type": [ {
        "coding": [ {
          "code": "einrichtungskontakt",
          "display": "Einrichtungskontakt"
        } ]
      } ],
      "subject": {
        "reference": "Patient/UKFAU-0003"
      },
      "period": {
        "start": "2020-10-17T00:00:00+02:00",
        "end": "2020-10-18T00:00:00+02:00"
      },
      "diagnosis": [ {
        "condition": {
          "reference": "Condition/UKFAU-0003-E-1-D-1"
        },
        "use": {
          "coding": [ {
            "system": "http://terminology.hl7.org/CodeSystem/diagnosis-role",
            "code": "AD",
            "display": "Admission diagnosis"
          } ]
        }
      }, {
        "condition": {
          "reference": "Condition/UKFAU-0003-E-1-D-2"
        },
        "use": {
          "coding": [ {
            "system": "http://terminology.hl7.org/CodeSystem/diagnosis-role",
            "code": "AD",
            "display": "Admission diagnosis"
          } ]
        }
      }, {
        "condition": {
          "reference": "Condition/UKFAU-0003-E-1-D-3"
        },
        "use": {
          "coding": [ {
            "system": "http://terminology.hl7.org/CodeSystem/diagnosis-role",
            "code": "CM",
            "display": "Comorbidity diagnosis"
          } ]
        }
      }, {
        "condition": {
          "reference": "Condition/UKFAU-0003-E-1-D-4"
        },
        "use": {
          "coding": [ {
            "system": "http://terminology.hl7.org/CodeSystem/diagnosis-role",
            "code": "CM",
            "display": "Comorbidity diagnosis"
          } ]
        }
      }, {
        "condition": {
          "reference": "Condition/UKFAU-0003-E-1-D-5"
        },
        "use": {
          "coding": [ {
            "system": "http://terminology.hl7.org/CodeSystem/diagnosis-role",
            "code": "CM",
            "display": "Comorbidity diagnosis"
          } ]
        }
      } ]
    },
    "request": {
      "method": "PUT",
      "url": "Encounter/UKFAU-0003-E-1"
    }
  }, {
    "fullUrl": "Encounter/UKFAU-0003-E-1-A-1",
    "resource": {
      "resourceType": "Encounter",
      "id": "UKFAU-0003-E-1-A-1",
      "meta": {
        "profile": [ "https://www.medizininformatik-initiative.de/fhir/core/modul-fall/StructureDefinition/KontaktGesundheitseinrichtung" ]
      },
      "status": "finished",
      "class": {
        "extension": [ {
          "url": "http://terminology.hl7.org/CodeSystem/data-absent-reason",
          "valueCode": "unknown"
        } ]
      },
      "type": [ {
        "coding": [ {
          "code": "abteilungskontakt",
          "display": "Abteilungskontakt"
        } ]
      } ],
      "serviceType": {
        "coding": [ {
          "system": "http://fhir.de/CodeSystem/dkgev/Fachabteilungsschluessel",
          "code": "0100",
          "display": "Innere Medizin"
        } ]
      },
      "subject": {
        "reference": "Patient/UKFAU-0003"
      },
      "period": {
        "start": "2020-10-17T00:00:00+02:00",
        "end": "2020-10-18T00:00:00+02:00"
      },
      "diagnosis": [ {
        "condition": {
          "_reference": {
            "extension": [ {
              "url": "http://terminology.hl7.org/CodeSystem/data-absent-reason",
              "valueCode": "unknown"
            } ]
          }
        }
      } ],
      "partOf": {
        "reference": "Encounter/UKFAU-0003-E-1"
      }
    },
    "request": {
      "method": "PUT",
      "url": "Encounter/UKFAU-0003-E-1-A-1"
    }
  }, {
    "fullUrl": "Observation/UKFAU-0003-E-1-OL-1",
    "resource": {
      "resourceType": "Observation",
      "id": "UKFAU-0003-E-1-OL-1",
      "meta": {
        "profile": [ "https://www.medizininformatik-initiative.de/fhir/core/modul-labor/StructureDefinition/ObservationLab" ]
      },
      "identifier": [ {
        "type": {
          "coding": [ {
            "system": "http://terminology.hl7.org/CodeSystem/v2-0203",
            "code": "OBI"
          } ]
        },
        "system": "https://UKFAU.de/befund",
        "value": "UKFAU-0003-E-1-OL-1",
        "assigner": {
          "identifier": {
            "system": "https://www.medizininformatik-initiative.de/fhir/core/NamingSystem/org-identifier",
            "value": "UKFAU"
          }
        }
      } ],
      "status": "final",
      "category": [ {
        "coding": [ {
          "system": "http://terminology.hl7.org/CodeSystem/observation-category",
          "code": "laboratory",
          "display": "Laboratory"
        }, {
          "system": "http://loinc.org",
          "code": "26436-6",
          "display": "Laboratory studies (set)"
        } ]
      } ],
      "code": {
        "coding": [ {
          "system": "http://loinc.org",
          "code": "59260-0"
        } ],
        "text": "Hämoglobin"
      },
      "subject": {
        "reference": "Patient/UKFAU-0003"
      },
      "encounter": {
        "reference": "Encounter/UKFAU-0003-E-1"
      },
      "effectiveDateTime": "2020-10-17T18:00:00+02:00",
      "valueQuantity": {
        "value": 14.6,
        "unit": "gram per deciliter",
        "system": "http://unitsofmeasure.org",
        "code": "g/dL"
      }
    },
    "request": {
      "method": "PUT",
      "url": "Observation/UKFAU-0003-E-1-OL-1"
    }
  }, {
    "fullUrl": "Observation/UKFAU-0003-E-1-OL-2",
    "resource": {
      "resourceType": "Observation",
      "id": "UKFAU-0003-E-1-OL-2",
      "meta": {
        "profile": [ "https://www.medizininformatik-initiative.de/fhir/core/modul-labor/StructureDefinition/ObservationLab" ]
      },
      "identifier": [ {
        "type": {
          "coding": [ {
            "system": "http://terminology.hl7.org/CodeSystem/v2-0203",
            "code": "OBI"
          } ]
        },
        "system": "https://UKFAU.de/befund",
        "value": "UKFAU-0003-E-1-OL-2",
        "assigner": {
          "identifier": {
            "system": "https://www.medizininformatik-initiative.de/fhir/core/NamingSystem/org-identifier",
            "value": "UKFAU"
          }
        }
      } ],
      "status": "final",
      "category": [ {
        "coding": [ {
          "system": "http://terminology.hl7.org/CodeSystem/observation-category",
          "code": "laboratory",
          "display": "Laboratory"
        }, {
          "system": "http://loinc.org",
          "code": "26436-6",
          "display": "Laboratory studies (set)"
        } ]
      } ],
      "code": {
        "coding": [ {
          "system": "http://loinc.org",
          "code": "20570-8"
        } ],
        "text": "Hämatokrit"
      },
      "subject": {
        "reference": "Patient/UKFAU-0003"
      },
      "encounter": {
        "reference": "Encounter/UKFAU-0003-E-1"
      },
      "effectiveDateTime": "2020-10-17T18:00:00+02:00",
      "valueQuantity": {
        "value": 41,
        "unit": "percent",
        "system": "http://unitsofmeasure.org",
        "code": "%"
      }
    },
    "request": {
      "method": "PUT",
      "url": "Observation/UKFAU-0003-E-1-OL-2"
    }
  }, {
    "fullUrl": "Observation/UKFAU-0003-E-1-OL-3",
    "resource": {
      "resourceType": "Observation",
      "id": "UKFAU-0003-E-1-OL-3",
      "meta": {
        "profile": [ "https://www.medizininformatik-initiative.de/fhir/core/modul-labor/StructureDefinition/ObservationLab" ]
      },
      "identifier": [ {
        "type": {
          "coding": [ {
            "system": "http://terminology.hl7.org/CodeSystem/v2-0203",
            "code": "OBI"
          } ]
        },
        "system": "https://UKFAU.de/befund",
        "value": "UKFAU-0003-E-1-OL-3",
        "assigner": {
          "identifier": {
            "system": "https://www.medizininformatik-initiative.de/fhir/core/NamingSystem/org-identifier",
            "value": "UKFAU"
          }
        }
      } ],
      "status": "final",
      "category": [ {
        "coding": [ {
          "system": "http://terminology.hl7.org/CodeSystem/observation-category",
          "code": "laboratory",
          "display": "Laboratory"
        }, {
          "system": "http://loinc.org",
          "code": "26436-6",
          "display": "Laboratory studies (set)"
        } ]
      } ],
      "code": {
        "coding": [ {
          "system": "http://loinc.org",
          "code": "26453-1"
        } ],
        "text": "Erythrozyten"
      },
      "subject": {
        "reference": "Patient/UKFAU-0003"
      },
      "encounter": {
        "reference": "Encounter/UKFAU-0003-E-1"
      },
      "effectiveDateTime": "2020-10-17T18:00:00+02:00",
      "valueQuantity": {
        "value": 4.5,
        "unit": "billion per milliliter",
        "system": "http://unitsofmeasure.org",
        "code": "10*9/mL"
      }
    },
    "request": {
      "method": "PUT",
      "url": "Observation/UKFAU-0003-E-1-OL-3"
    }
  }, {
    "fullUrl": "Observation/UKFAU-0003-E-1-OL-4",
    "resource": {
      "resourceType": "Observation",
      "id": "UKFAU-0003-E-1-OL-4",
      "meta": {
        "profile": [ "https://www.medizininformatik-initiative.de/fhir/core/modul-labor/StructureDefinition/ObservationLab" ]
      },
      "identifier": [ {
        "type": {
          "coding": [ {
            "system": "http://terminology.hl7.org/CodeSystem/v2-0203",
            "code": "OBI"
          } ]
        },
        "system": "https://UKFAU.de/befund",
        "value": "UKFAU-0003-E-1-OL-4",
        "assigner": {
          "identifier": {
            "system": "https://www.medizininformatik-initiative.de/fhir/core/NamingSystem/org-identifier",
            "value": "UKFAU"
          }
        }
      } ],
      "status": "final",
      "category": [ {
        "coding": [ {
          "system": "http://terminology.hl7.org/CodeSystem/observation-category",
          "code": "laboratory",
          "display": "Laboratory"
        }, {
          "system": "http://loinc.org",
          "code": "26436-6",
          "display": "Laboratory studies (set)"
        } ]
      } ],
      "code": {
        "coding": [ {
          "system": "http://loinc.org",
          "code": "76633-7"
        } ],
        "text": "eGFR (MDRD)"
      },
      "subject": {
        "reference": "Patient/UKFAU-0003"
      },
      "encounter": {
        "reference": "Encounter/UKFAU-0003-E-1"
      },
      "effectiveDateTime": "2020-10-17T18:00:00+02:00",
      "valueQuantity": {
        "value": 70,
        "unit": "milliliter per minute per 1.73 square meter",
        "system": "http://unitsofmeasure.org",
        "code": "mL/min/{1.73_m2}"
      }
    },
    "request": {
      "method": "PUT",
      "url": "Observation/UKFAU-0003-E-1-OL-4"
    }
  }, {
    "fullUrl": "Observation/UKFAU-0003-E-1-OL-5",
    "resource": {
      "resourceType": "Observation",
      "id": "UKFAU-0003-E-1-OL-5",
      "meta": {
        "profile": [ "https://www.medizininformatik-initiative.de/fhir/core/modul-labor/StructureDefinition/ObservationLab" ]
      },
      "identifier": [ {
        "type": {
          "coding": [ {
            "system": "http://terminology.hl7.org/CodeSystem/v2-0203",
            "code": "OBI"
          } ]
        },
        "system": "https://UKFAU.de/befund",
        "value": "UKFAU-0003-E-1-OL-5",
        "assigner": {
          "identifier": {
            "system": "https://www.medizininformatik-initiative.de/fhir/core/NamingSystem/org-identifier",
            "value": "UKFAU"
          }
        }
      } ],
      "status": "final",
      "category": [ {
        "coding": [ {
          "system": "http://terminology.hl7.org/CodeSystem/observation-category",
          "code": "laboratory",
          "display": "Laboratory"
        }, {
          "system": "http://loinc.org",
          "code": "26436-6",
          "display": "Laboratory studies (set)"
        } ]
      } ],
      "code": {
        "coding": [ {
          "system": "http://loinc.org",
          "code": "76485-2"
        } ],
        "text": "C-Reaktives Protein"
      },
      "subject": {
        "reference": "Patient/UKFAU-0003"
      },
      "encounter": {
        "reference": "Encounter/UKFAU-0003-E-1"
      },
      "effectiveDateTime": "2020-10-17T18:00:00+02:00",
      "valueQuantity": {
        "value": 1,
        "unit": "milligram per liter",
        "system": "http://unitsofmeasure.org",
        "code": "mg/L"
      }
    },
    "request": {
      "method": "PUT",
      "url": "Observation/UKFAU-0003-E-1-OL-5"
    }
  }, {
    "fullUrl": "Observation/UKFAU-0003-E-1-OL-6",
    "resource": {
      "resourceType": "Observation",
      "id": "UKFAU-0003-E-1-OL-6",
      "meta": {
        "profile": [ "https://www.medizininformatik-initiative.de/fhir/core/modul-labor/StructureDefinition/ObservationLab" ]
      },
      "identifier": [ {
        "type": {
          "coding": [ {
            "system": "http://terminology.hl7.org/CodeSystem/v2-0203",
            "code": "OBI"
          } ]
        },
        "system": "https://UKFAU.de/befund",
        "value": "UKFAU-0003-E-1-OL-6",
        "assigner": {
          "identifier": {
            "system": "https://www.medizininformatik-initiative.de/fhir/core/NamingSystem/org-identifier",
            "value": "UKFAU"
          }
        }
      } ],
      "status": "final",
      "category": [ {
        "coding": [ {
          "system": "http://terminology.hl7.org/CodeSystem/observation-category",
          "code": "laboratory",
          "display": "Laboratory"
        }, {
          "system": "http://loinc.org",
          "code": "26436-6",
          "display": "Laboratory studies (set)"
        } ]
      } ],
      "code": {
        "coding": [ {
          "system": "http://loinc.org",
          "code": "2947-0"
        } ],
        "text": "Natrium"
      },
      "subject": {
        "reference": "Patient/UKFAU-0003"
      },
      "encounter": {
        "reference": "Encounter/UKFAU-0003-E-1"
      },
      "effectiveDateTime": "2020-10-17T18:00:00+02:00",
      "valueQuantity": {
        "value": 130,
        "unit": "millimole per liter",
        "system": "http://unitsofmeasure.org",
        "code": "mmol/L"
      }
    },
    "request": {
      "method": "PUT",
      "url": "Observation/UKFAU-0003-E-1-OL-6"
    }
  }, {
    "fullUrl": "Observation/UKFAU-0003-E-1-OL-7",
    "resource": {
      "resourceType": "Observation",
      "id": "UKFAU-0003-E-1-OL-7",
      "meta": {
        "profile": [ "https://www.medizininformatik-initiative.de/fhir/core/modul-labor/StructureDefinition/ObservationLab" ]
      },
      "identifier": [ {
        "type": {
          "coding": [ {
            "system": "http://terminology.hl7.org/CodeSystem/v2-0203",
            "code": "OBI"
          } ]
        },
        "system": "https://UKFAU.de/befund",
        "value": "UKFAU-0003-E-1-OL-7",
        "assigner": {
          "identifier": {
            "system": "https://www.medizininformatik-initiative.de/fhir/core/NamingSystem/org-identifier",
            "value": "UKFAU"
          }
        }
      } ],
      "status": "final",
      "category": [ {
        "coding": [ {
          "system": "http://terminology.hl7.org/CodeSystem/observation-category",
          "code": "laboratory",
          "display": "Laboratory"
        }, {
          "system": "http://loinc.org",
          "code": "26436-6",
          "display": "Laboratory studies (set)"
        } ]
      } ],
      "code": {
        "coding": [ {
          "system": "http://loinc.org",
          "code": "6298-4"
        } ],
        "text": "Kalium"
      },
      "subject": {
        "reference": "Patient/UKFAU-0003"
      },
      "encounter": {
        "reference": "Encounter/UKFAU-0003-E-1"
      },
      "effectiveDateTime": "2020-10-17T18:00:00+02:00",
      "valueQuantity": {
        "value": 3.5,
        "unit": "millimole per liter",
        "system": "http://unitsofmeasure.org",
        "code": "mmol/L"
      }
    },
    "request": {
      "method": "PUT",
      "url": "Observation/UKFAU-0003-E-1-OL-7"
    }
  }, {
    "fullUrl": "Observation/UKFAU-0003-E-1-OL-8",
    "resource": {
      "resourceType": "Observation",
      "id": "UKFAU-0003-E-1-OL-8",
      "meta": {
        "profile": [ "https://www.medizininformatik-initiative.de/fhir/core/modul-labor/StructureDefinition/ObservationLab" ]
      },
      "identifier": [ {
        "type": {
          "coding": [ {
            "system": "http://terminology.hl7.org/CodeSystem/v2-0203",
            "code": "OBI"
          } ]
        },
        "system": "https://UKFAU.de/befund",
        "value": "UKFAU-0003-E-1-OL-8",
        "assigner": {
          "identifier": {
            "system": "https://www.medizininformatik-initiative.de/fhir/core/NamingSystem/org-identifier",
            "value": "UKFAU"
          }
        }
      } ],
      "status": "final",
      "category": [ {
        "coding": [ {
          "system": "http://terminology.hl7.org/CodeSystem/observation-category",
          "code": "laboratory",
          "display": "Laboratory"
        }, {
          "system": "http://loinc.org",
          "code": "26436-6",
          "display": "Laboratory studies (set)"
        } ]
      } ],
      "code": {
        "coding": [ {
          "system": "http://loinc.org",
          "code": "2947-0"
        } ],
        "text": "Natrium"
      },
      "subject": {
        "reference": "Patient/UKFAU-0003"
      },
      "encounter": {
        "reference": "Encounter/UKFAU-0003-E-1"
      },
      "effectiveDateTime": "2020-10-18T15:00:00+02:00",
      "valueQuantity": {
        "value": 135,
        "unit": "millimole per liter",
        "system": "http://unitsofmeasure.org",
        "code": "mmol/L"
      }
    },
    "request": {
      "method": "PUT",
      "url": "Observation/UKFAU-0003-E-1-OL-8"
    }
  }, {
    "fullUrl": "Observation/UKFAU-0003-E-1-OL-9",
    "resource": {
      "resourceType": "Observation",
      "id": "UKFAU-0003-E-1-OL-9",
      "meta": {
        "profile": [ "https://www.medizininformatik-initiative.de/fhir/core/modul-labor/StructureDefinition/ObservationLab" ]
      },
      "identifier": [ {
        "type": {
          "coding": [ {
            "system": "http://terminology.hl7.org/CodeSystem/v2-0203",
            "code": "OBI"
          } ]
        },
        "system": "https://UKFAU.de/befund",
        "value": "UKFAU-0003-E-1-OL-9",
        "assigner": {
          "identifier": {
            "system": "https://www.medizininformatik-initiative.de/fhir/core/NamingSystem/org-identifier",
            "value": "UKFAU"
          }
        }
      } ],
      "status": "final",
      "category": [ {
        "coding": [ {
          "system": "http://terminology.hl7.org/CodeSystem/observation-category",
          "code": "laboratory",
          "display": "Laboratory"
        }, {
          "system": "http://loinc.org",
          "code": "26436-6",
          "display": "Laboratory studies (set)"
        } ]
      } ],
      "code": {
        "coding": [ {
          "system": "http://loinc.org",
          "code": "6298-4"
        } ],
        "text": "Kalium"
      },
      "subject": {
        "reference": "Patient/UKFAU-0003"
      },
      "encounter": {
        "reference": "Encounter/UKFAU-0003-E-1"
      },
      "effectiveDateTime": "2020-10-18T15:00:00+02:00",
      "valueQuantity": {
        "value": 3.6,
        "unit": "millimole per liter",
        "system": "http://unitsofmeasure.org",
        "code": "mmol/L"
      }
    },
    "request": {
      "method": "PUT",
      "url": "Observation/UKFAU-0003-E-1-OL-9"
    }
  }, {
    "fullUrl": "Condition/UKFAU-0003-E-1-D-1",
    "resource": {
      "resourceType": "Condition",
      "id": "UKFAU-0003-E-1-D-1",
      "meta": {
        "profile": [ "https://www.medizininformatik-initiative.de/fhir/core/modul-diagnose/StructureDefinition/Diagnose" ]
      },
      "identifier": [ {
        "value": "UKFAU-0003-E-1-D-1"
      } ],
      "code": {
        "coding": [ {
          "system": "http://fhir.de/CodeSystem/bfarm/icd-10-gm",
          "version": "2020",
          "code": "I10.91"
        } ],
        "text": "Essentielle Hypertonie, nicht näher bezeichnet: Mit Angabe einer hypertensiven Krise"
      },
      "subject": {
        "reference": "Patient/UKFAU-0003"
      },
      "recordedDate": "2020-10-17T00:00:00+02:00"
    },
    "request": {
      "method": "PUT",
      "url": "Condition/UKFAU-0003-E-1-D-1"
    }
  }, {
    "fullUrl": "Condition/UKFAU-0003-E-1-D-2",
    "resource": {
      "resourceType": "Condition",
      "id": "UKFAU-0003-E-1-D-2",
      "meta": {
        "profile": [ "https://www.medizininformatik-initiative.de/fhir/core/modul-diagnose/StructureDefinition/Diagnose" ]
      },
      "identifier": [ {
        "value": "UKFAU-0003-E-1-D-2"
      } ],
      "code": {
        "coding": [ {
          "system": "http://fhir.de/CodeSystem/bfarm/icd-10-gm",
          "version": "2020",
          "code": "I10.91"
        } ],
        "text": "Essentielle Hypertonie, nicht näher bezeichnet: Mit Angabe einer hypertensiven Krise"
      },
      "subject": {
        "reference": "Patient/UKFAU-0003"
      },
      "recordedDate": "2020-10-17T00:00:00+02:00"
    },
    "request": {
      "method": "PUT",
      "url": "Condition/UKFAU-0003-E-1-D-2"
    }
  }, {
    "fullUrl": "Condition/UKFAU-0003-E-1-D-3",
    "resource": {
      "resourceType": "Condition",
      "id": "UKFAU-0003-E-1-D-3",
      "meta": {
        "profile": [ "https://www.medizininformatik-initiative.de/fhir/core/modul-diagnose/StructureDefinition/Diagnose" ]
      },
      "identifier": [ {
        "value": "UKFAU-0003-E-1-D-3"
      } ],
      "code": {
        "coding": [ {
          "system": "http://fhir.de/CodeSystem/bfarm/icd-10-gm",
          "version": "2020",
          "code": "F17.1"
        } ],
        "text": "Psychische und Verhaltensstörungen durch Tabak: Schädlicher Gebrauch"
      },
      "subject": {
        "reference": "Patient/UKFAU-0003"
      },
      "recordedDate": "2010-06-05T00:00:00+02:00"
    },
    "request": {
      "method": "PUT",
      "url": "Condition/UKFAU-0003-E-1-D-3"
    }
  }, {
    "fullUrl": "Condition/UKFAU-0003-E-1-D-4",
    "resource": {
      "resourceType": "Condition",
      "id": "UKFAU-0003-E-1-D-4",
      "meta": {
        "profile": [ "https://www.medizininformatik-initiative.de/fhir/core/modul-diagnose/StructureDefinition/Diagnose" ]
      },
      "identifier": [ {
        "value": "UKFAU-0003-E-1-D-4"
      } ],
      "code": {
        "coding": [ {
          "system": "http://fhir.de/CodeSystem/bfarm/icd-10-gm",
          "version": "2020",
          "code": "I10.00"
        } ],
        "text": "Benigne essentielle Hypertonie, ohne Angabe einer hypertensiven Krise"
      },
      "subject": {
        "reference": "Patient/UKFAU-0003"
      },
      "recordedDate": "2019-03-18T00:00:00+01:00"
    },
    "request": {
      "method": "PUT",
      "url": "Condition/UKFAU-0003-E-1-D-4"
    }
  }, {
    "fullUrl": "Condition/UKFAU-0003-E-1-D-5",
    "resource": {
      "resourceType": "Condition",
      "id": "UKFAU-0003-E-1-D-5",
      "meta": {
        "profile": [ "https://www.medizininformatik-initiative.de/fhir/core/modul-diagnose/StructureDefinition/Diagnose" ]
      },
      "identifier": [ {
        "value": "UKFAU-0003-E-1-D-5"
      } ],
      "code": {
        "coding": [ {
          "system": "http://fhir.de/CodeSystem/bfarm/icd-10-gm",
          "version": "2020",
          "code": "E78.0"
        } ],
        "text": "Reine Hypercholesterinämie"
      },
      "subject": {
        "reference": "Patient/UKFAU-0003"
      },
      "recordedDate": "2010-06-05T00:00:00+02:00"
    },
    "request": {
      "method": "PUT",
      "url": "Condition/UKFAU-0003-E-1-D-5"
    }
  }, {
    "fullUrl": "Medication/Medication--1924941496",
    "resource": {
      "resourceType": "Medication",
      "id": "Medication--1924941496",
      "meta": {
        "profile": [ "https://www.medizininformatik-initiative.de/fhir/core/modul-medikation/StructureDefinition/Medication" ]
      },
      "identifier": [ {
        "value": "Medication--1924941496"
      } ],
      "code": {
        "coding": [ {
          "system": "http://fhir.de/CodeSystem/ifa/pzn",
          "code": "06453211"
        }, {
          "system": "http://fhir.de/CodeSystem/bfarm/atc",
          "code": "AC03AA03"
        } ],
        "text": "Hydrochlorothiazid"
      },
      "ingredient": [ {
        "itemCodeableConcept": {
          "coding": [ {
            "system": "http://fhir.de/CodeSystem/ask",
            "_code": {
              "extension": [ {
                "url": "http://terminology.hl7.org/CodeSystem/data-absent-reason",
                "valueCode": "unknown"
              } ]
            }
          } ]
        },
        "strength": {
          "numerator": {
            "value": 25,
            "unit": "milligram",
            "system": "http://unitsofmeasure.org",
            "code": "mg"
          },
          "denominator": {
            "value": 1,
            "system": "http://XXX",
            "code": "Tabletten"
          }
        }
      } ]
    },
    "request": {
      "method": "PUT",
      "url": "Medication/Medication--1924941496"
    }
  }, {
    "fullUrl": "MedicationStatement/UKFAU-0003-E-1-MS-1",
    "resource": {
      "resourceType": "MedicationStatement",
      "id": "UKFAU-0003-E-1-MS-1",
      "meta": {
        "profile": [ "https://www.medizininformatik-initiative.de/fhir/core/modul-medikation/StructureDefinition/MedicationStatement" ]
      },
      "status": "active",
      "medicationReference": {
        "reference": "Medication/Medication--1924941496"
      },
      "subject": {
        "reference": "Patient/UKFAU-0003"
      },
      "context": {
        "reference": "Encounter/UKFAU-0003-E-1"
      },
      "effectiveDateTime": "2020-10-17T00:00:00+02:00",
      "dosage": [ {
        "doseAndRate": [ {
          "doseQuantity": {
            "value": 1,
            "unit": "Tabletten",
            "system": "http://unitsofmeasure.org",
            "code": "1"
          }
        } ]
      } ]
    },
    "request": {
      "method": "PUT",
      "url": "MedicationStatement/UKFAU-0003-E-1-MS-1"
    }
  }, {
    "fullUrl": "Medication/Medication-760198770",
    "resource": {
      "resourceType": "Medication",
      "id": "Medication-760198770",
      "meta": {
        "profile": [ "https://www.medizininformatik-initiative.de/fhir/core/modul-medikation/StructureDefinition/Medication" ]
      },
      "identifier": [ {
        "value": "Medication-760198770"
      } ],
      "code": {
        "coding": [ {
          "system": "http://fhir.de/CodeSystem/ifa/pzn",
          "code": "02205249"
        }, {
          "system": "http://fhir.de/CodeSystem/bfarm/atc",
          "code": "C07AB07"
        } ],
        "text": "Bisoprolol"
      },
      "ingredient": [ {
        "itemCodeableConcept": {
          "coding": [ {
            "system": "http://fhir.de/CodeSystem/ask",
            "_code": {
              "extension": [ {
                "url": "http://terminology.hl7.org/CodeSystem/data-absent-reason",
                "valueCode": "unknown"
              } ]
            }
          } ]
        },
        "strength": {
          "numerator": {
            "value": 1.25,
            "unit": "milligram",
            "system": "http://unitsofmeasure.org",
            "code": "mg"
          },
          "denominator": {
            "value": 1,
            "system": "http://XXX",
            "code": "Tabletten"
          }
        }
      } ]
    },
    "request": {
      "method": "PUT",
      "url": "Medication/Medication-760198770"
    }
  }, {
    "fullUrl": "MedicationStatement/UKFAU-0003-E-1-MS-2",
    "resource": {
      "resourceType": "MedicationStatement",
      "id": "UKFAU-0003-E-1-MS-2",
      "meta": {
        "profile": [ "https://www.medizininformatik-initiative.de/fhir/core/modul-medikation/StructureDefinition/MedicationStatement" ]
      },
      "status": "active",
      "medicationReference": {
        "reference": "Medication/Medication-760198770"
      },
      "subject": {
        "reference": "Patient/UKFAU-0003"
      },
      "context": {
        "reference": "Encounter/UKFAU-0003-E-1"
      },
      "effectiveDateTime": "2020-10-17T00:00:00+02:00",
      "dosage": [ {
        "doseAndRate": [ {
          "doseQuantity": {
            "value": 1,
            "unit": "Tabletten",
            "system": "http://unitsofmeasure.org",
            "code": "1"
          }
        } ]
      } ]
    },
    "request": {
      "method": "PUT",
      "url": "MedicationStatement/UKFAU-0003-E-1-MS-2"
    }
  }, {
    "fullUrl": "Medication/Medication-782362307",
    "resource": {
      "resourceType": "Medication",
      "id": "Medication-782362307",
      "meta": {
        "profile": [ "https://www.medizininformatik-initiative.de/fhir/core/modul-medikation/StructureDefinition/Medication" ]
      },
      "identifier": [ {
        "value": "Medication-782362307"
      } ],
      "code": {
        "coding": [ {
          "system": "http://fhir.de/CodeSystem/ifa/pzn",
          "code": "04105144"
        }, {
          "system": "http://fhir.de/CodeSystem/bfarm/atc",
          "code": "C10AA01"
        } ],
        "text": "Simvastatin"
      },
      "ingredient": [ {
        "itemCodeableConcept": {
          "coding": [ {
            "system": "http://fhir.de/CodeSystem/ask",
            "_code": {
              "extension": [ {
                "url": "http://terminology.hl7.org/CodeSystem/data-absent-reason",
                "valueCode": "unknown"
              } ]
            }
          } ]
        },
        "strength": {
          "numerator": {
            "value": 40,
            "unit": "milligram",
            "system": "http://unitsofmeasure.org",
            "code": "mg"
          },
          "denominator": {
            "value": 1,
            "system": "http://XXX",
            "code": "Tabletten"
          }
        }
      } ]
    },
    "request": {
      "method": "PUT",
      "url": "Medication/Medication-782362307"
    }
  }, {
    "fullUrl": "MedicationStatement/UKFAU-0003-E-1-MS-3",
    "resource": {
      "resourceType": "MedicationStatement",
      "id": "UKFAU-0003-E-1-MS-3",
      "meta": {
        "profile": [ "https://www.medizininformatik-initiative.de/fhir/core/modul-medikation/StructureDefinition/MedicationStatement" ]
      },
      "status": "active",
      "medicationReference": {
        "reference": "Medication/Medication-782362307"
      },
      "subject": {
        "reference": "Patient/UKFAU-0003"
      },
      "context": {
        "reference": "Encounter/UKFAU-0003-E-1"
      },
      "effectiveDateTime": "2020-10-17T00:00:00+02:00",
      "dosage": [ {
        "doseAndRate": [ {
          "doseQuantity": {
            "value": 1,
            "unit": "Tabletten",
            "system": "http://unitsofmeasure.org",
            "code": "1"
          }
        } ]
      } ]
    },
    "request": {
      "method": "PUT",
      "url": "MedicationStatement/UKFAU-0003-E-1-MS-3"
    }
  }, {
    "fullUrl": "Medication/Medication-756563301",
    "resource": {
      "resourceType": "Medication",
      "id": "Medication-756563301",
      "meta": {
        "profile": [ "https://www.medizininformatik-initiative.de/fhir/core/modul-medikation/StructureDefinition/Medication" ]
      },
      "identifier": [ {
        "value": "Medication-756563301"
      } ],
      "code": {
        "coding": [ {
          "system": "http://fhir.de/CodeSystem/ifa/pzn",
          "code": "03126635"
        }, {
          "system": "http://fhir.de/CodeSystem/bfarm/atc",
          "code": "C03CA01"
        } ],
        "text": "Furosemid"
      },
      "ingredient": [ {
        "itemCodeableConcept": {
          "coding": [ {
            "system": "http://fhir.de/CodeSystem/ask",
            "_code": {
              "extension": [ {
                "url": "http://terminology.hl7.org/CodeSystem/data-absent-reason",
                "valueCode": "unknown"
              } ]
            }
          } ]
        },
        "strength": {
          "numerator": {
            "value": 20,
            "unit": "milligram",
            "system": "http://unitsofmeasure.org",
            "code": "mg"
          },
          "denominator": {
            "value": 1,
            "system": "http://XXX",
            "code": "Injektionslösung"
          }
        }
      } ]
    },
    "request": {
      "method": "PUT",
      "url": "Medication/Medication-756563301"
    }
  }, {
    "fullUrl": "MedicationAdministration/UKFAU-0003-E-1-MA-1",
    "resource": {
      "resourceType": "MedicationAdministration",
      "id": "UKFAU-0003-E-1-MA-1",
      "meta": {
        "profile": [ "https://www.medizininformatik-initiative.de/fhir/core/modul-medikation/StructureDefinition/MedicationAdministration" ]
      },
      "status": "completed",
      "medicationReference": {
        "reference": "Medication/Medication-756563301"
      },
      "subject": {
        "reference": "Patient/UKFAU-0003"
      },
      "context": {
        "reference": "Encounter/UKFAU-0003-E-1"
      },
      "effectiveDateTime": "2020-10-17T00:00:00+02:00",
      "dosage": {
        "dose": {
          "value": 1,
          "unit": "Injektionslösung",
          "system": "http://unitsofmeasure.org",
          "code": "1"
        }
      }
    },
    "request": {
      "method": "PUT",
      "url": "MedicationAdministration/UKFAU-0003-E-1-MA-1"
    }
  }, {
    "fullUrl": "Medication/Medication-761180906",
    "resource": {
      "resourceType": "Medication",
      "id": "Medication-761180906",
      "meta": {
        "profile": [ "https://www.medizininformatik-initiative.de/fhir/core/modul-medikation/StructureDefinition/Medication" ]
      },
      "identifier": [ {
        "value": "Medication-761180906"
      } ],
      "code": {
        "coding": [ {
          "system": "http://fhir.de/CodeSystem/ifa/pzn",
          "code": "00889893"
        }, {
          "system": "http://fhir.de/CodeSystem/bfarm/atc",
          "code": "C08CA01"
        } ],
        "text": "Amlodipin"
      },
      "ingredient": [ {
        "itemCodeableConcept": {
          "coding": [ {
            "system": "http://fhir.de/CodeSystem/ask",
            "_code": {
              "extension": [ {
                "url": "http://terminology.hl7.org/CodeSystem/data-absent-reason",
                "valueCode": "unknown"
              } ]
            }
          } ]
        },
        "strength": {
          "numerator": {
            "value": 5,
            "unit": "milligram",
            "system": "http://unitsofmeasure.org",
            "code": "mg"
          },
          "denominator": {
            "value": 1,
            "system": "http://XXX",
            "code": "Tabletten"
          }
        }
      } ]
    },
    "request": {
      "method": "PUT",
      "url": "Medication/Medication-761180906"
    }
  }, {
    "fullUrl": "MedicationAdministration/UKFAU-0003-E-1-MA-2",
    "resource": {
      "resourceType": "MedicationAdministration",
      "id": "UKFAU-0003-E-1-MA-2",
      "meta": {
        "profile": [ "https://www.medizininformatik-initiative.de/fhir/core/modul-medikation/StructureDefinition/MedicationAdministration" ]
      },
      "status": "completed",
      "medicationReference": {
        "reference": "Medication/Medication-761180906"
      },
      "subject": {
        "reference": "Patient/UKFAU-0003"
      },
      "context": {
        "reference": "Encounter/UKFAU-0003-E-1"
      },
      "effectiveDateTime": "2020-10-17T00:00:00+02:00",
      "dosage": {
        "dose": {
          "value": 1,
          "unit": "Tabletten",
          "system": "http://unitsofmeasure.org",
          "code": "1"
        }
      }
    },
    "request": {
      "method": "PUT",
      "url": "MedicationAdministration/UKFAU-0003-E-1-MA-2"
    }
  }, {
    "fullUrl": "Medication/Medication--1016634491",
    "resource": {
      "resourceType": "Medication",
      "id": "Medication--1016634491",
      "meta": {
        "profile": [ "https://www.medizininformatik-initiative.de/fhir/core/modul-medikation/StructureDefinition/Medication" ]
      },
      "identifier": [ {
        "value": "Medication--1016634491"
      } ],
      "code": {
        "coding": [ {
          "system": "http://fhir.de/CodeSystem/ifa/pzn",
          "code": "04877970"
        }, {
          "system": "http://fhir.de/CodeSystem/bfarm/atc",
          "code": "A05AX08"
        } ],
        "text": "Nitroglycerin"
      },
      "ingredient": [ {
        "itemCodeableConcept": {
          "coding": [ {
            "system": "http://fhir.de/CodeSystem/ask",
            "_code": {
              "extension": [ {
                "url": "http://terminology.hl7.org/CodeSystem/data-absent-reason",
                "valueCode": "unknown"
              } ]
            }
          } ]
        },
        "strength": {
          "numerator": {
            "value": 2,
            "unit": "Hübe",
            "system": "http://unitsofmeasure.org",
            "code": "Hübe"
          },
          "denominator": {
            "value": 1,
            "system": "http://XXX",
            "code": "Spray"
          }
        }
      } ]
    },
    "request": {
      "method": "PUT",
      "url": "Medication/Medication--1016634491"
    }
  }, {
    "fullUrl": "MedicationAdministration/UKFAU-0003-E-1-MA-3",
    "resource": {
      "resourceType": "MedicationAdministration",
      "id": "UKFAU-0003-E-1-MA-3",
      "meta": {
        "profile": [ "https://www.medizininformatik-initiative.de/fhir/core/modul-medikation/StructureDefinition/MedicationAdministration" ]
      },
      "status": "completed",
      "medicationReference": {
        "reference": "Medication/Medication--1016634491"
      },
      "subject": {
        "reference": "Patient/UKFAU-0003"
      },
      "context": {
        "reference": "Encounter/UKFAU-0003-E-1"
      },
      "effectiveDateTime": "2020-10-17T00:00:00+02:00",
      "dosage": {
        "dose": {
          "value": 1,
          "unit": "Spray",
          "system": "http://unitsofmeasure.org",
          "code": "1"
        }
      }
    },
    "request": {
      "method": "PUT",
      "url": "MedicationAdministration/UKFAU-0003-E-1-MA-3"
    }
  }, {
    "fullUrl": "Medication/Medication--1919400368",
    "resource": {
      "resourceType": "Medication",
      "id": "Medication--1919400368",
      "meta": {
        "profile": [ "https://www.medizininformatik-initiative.de/fhir/core/modul-medikation/StructureDefinition/Medication" ]
      },
      "identifier": [ {
        "value": "Medication--1919400368"
      } ],
      "code": {
        "coding": [ {
          "system": "http://fhir.de/CodeSystem/ifa/pzn",
          "code": "00766736"
        }, {
          "system": "http://fhir.de/CodeSystem/bfarm/atc",
          "code": "AC09AA05"
        } ],
        "text": "Ramipril"
      },
      "ingredient": [ {
        "itemCodeableConcept": {
          "coding": [ {
            "system": "http://fhir.de/CodeSystem/ask",
            "_code": {
              "extension": [ {
                "url": "http://terminology.hl7.org/CodeSystem/data-absent-reason",
                "valueCode": "unknown"
              } ]
            }
          } ]
        },
        "strength": {
          "numerator": {
            "value": 2.5,
            "unit": "milligram",
            "system": "http://unitsofmeasure.org",
            "code": "mg"
          },
          "denominator": {
            "value": 1,
            "system": "http://XXX",
            "code": "Tabletten"
          }
        }
      } ]
    },
    "request": {
      "method": "PUT",
      "url": "Medication/Medication--1919400368"
    }
  }, {
    "fullUrl": "MedicationAdministration/UKFAU-0003-E-1-MA-4",
    "resource": {
      "resourceType": "MedicationAdministration",
      "id": "UKFAU-0003-E-1-MA-4",
      "meta": {
        "profile": [ "https://www.medizininformatik-initiative.de/fhir/core/modul-medikation/StructureDefinition/MedicationAdministration" ]
      },
      "status": "completed",
      "medicationReference": {
        "reference": "Medication/Medication--1919400368"
      },
      "subject": {
        "reference": "Patient/UKFAU-0003"
      },
      "context": {
        "reference": "Encounter/UKFAU-0003-E-1"
      },
      "effectiveDateTime": "2020-10-17T00:00:00+02:00",
      "dosage": {
        "dose": {
          "value": 1,
          "unit": "Tabletten",
          "system": "http://unitsofmeasure.org",
          "code": "1"
        }
      }
    },
    "request": {
      "method": "PUT",
      "url": "MedicationAdministration/UKFAU-0003-E-1-MA-4"
    }
  }, {
    "fullUrl": "Medication/Medication--990768130",
    "resource": {
      "resourceType": "Medication",
      "id": "Medication--990768130",
      "meta": {
        "profile": [ "https://www.medizininformatik-initiative.de/fhir/core/modul-medikation/StructureDefinition/Medication" ]
      },
      "identifier": [ {
        "value": "Medication--990768130"
      } ],
      "code": {
        "coding": [ {
          "system": "http://fhir.de/CodeSystem/ifa/pzn",
          "code": "02135106"
        }, {
          "system": "http://fhir.de/CodeSystem/bfarm/atc",
          "code": "A12BA30"
        } ],
        "text": "Kalium"
      },
      "ingredient": [ {
        "itemCodeableConcept": {
          "coding": [ {
            "system": "http://fhir.de/CodeSystem/ask",
            "_code": {
              "extension": [ {
                "url": "http://terminology.hl7.org/CodeSystem/data-absent-reason",
                "valueCode": "unknown"
              } ]
            }
          } ]
        },
        "strength": {
          "numerator": {
            "value": 40,
            "unit": "millimole",
            "system": "http://unitsofmeasure.org",
            "code": "mmol"
          },
          "denominator": {
            "value": 1,
            "system": "http://XXX",
            "code": "Brausetabletten"
          }
        }
      } ]
    },
    "request": {
      "method": "PUT",
      "url": "Medication/Medication--990768130"
    }
  }, {
    "fullUrl": "MedicationAdministration/UKFAU-0003-E-1-MA-5",
    "resource": {
      "resourceType": "MedicationAdministration",
      "id": "UKFAU-0003-E-1-MA-5",
      "meta": {
        "profile": [ "https://www.medizininformatik-initiative.de/fhir/core/modul-medikation/StructureDefinition/MedicationAdministration" ]
      },
      "status": "completed",
      "medicationReference": {
        "reference": "Medication/Medication--990768130"
      },
      "subject": {
        "reference": "Patient/UKFAU-0003"
      },
      "context": {
        "reference": "Encounter/UKFAU-0003-E-1"
      },
      "effectiveDateTime": "2020-10-17T00:00:00+02:00",
      "dosage": {
        "dose": {
          "value": 1,
          "unit": "Brausetabletten",
          "system": "http://unitsofmeasure.org",
          "code": "1"
        }
      }
    },
    "request": {
      "method": "PUT",
      "url": "MedicationAdministration/UKFAU-0003-E-1-MA-5"
    }
  }, {
    "fullUrl": "Observation/UKFAU-0003-E-1-OV-1",
    "resource": {
      "resourceType": "Observation",
      "id": "UKFAU-0003-E-1-OV-1",
      "meta": {
        "profile": [ "https://www.medizininformatik-initiative.de/fhir/core/modul-labor/StructureDefinition/ObservationLab" ]
      },
      "identifier": [ {
        "type": {
          "coding": [ {
            "system": "http://terminology.hl7.org/CodeSystem/v2-0203",
            "code": "OBI"
          } ]
        },
        "system": "https://UKFAU.de/befund",
        "value": "UKFAU-0003-E-1-OV-1",
        "assigner": {
          "identifier": {
            "system": "https://www.medizininformatik-initiative.de/fhir/core/NamingSystem/org-identifier",
            "value": "UKFAU"
          }
        }
      } ],
      "status": "final",
      "category": [ {
        "coding": [ {
          "system": "http://terminology.hl7.org/CodeSystem/observation-category",
          "code": "laboratory",
          "display": "Laboratory"
        }, {
          "system": "http://loinc.org",
          "code": "26436-6",
          "display": "Laboratory studies (set)"
        } ]
      } ],
      "code": {
        "coding": [ {
          "system": "http://loinc.org",
          "code": "3142-7"
        } ],
        "text": "Körpergewicht"
      },
      "subject": {
        "reference": "Patient/UKFAU-0003"
      },
      "encounter": {
        "reference": "Encounter/UKFAU-0003-E-1"
      },
      "effectiveDateTime": "2020-10-17T00:00:00+02:00",
      "valueQuantity": {
        "value": 82,
        "unit": "kilogram",
        "system": "http://unitsofmeasure.org",
        "code": "kg"
      }
    },
    "request": {
      "method": "PUT",
      "url": "Observation/UKFAU-0003-E-1-OV-1"
    }
  }, {
    "fullUrl": "Observation/UKFAU-0003-E-1-OV-2",
    "resource": {
      "resourceType": "Observation",
      "id": "UKFAU-0003-E-1-OV-2",
      "meta": {
        "profile": [ "https://www.medizininformatik-initiative.de/fhir/core/modul-labor/StructureDefinition/ObservationLab" ]
      },
      "identifier": [ {
        "type": {
          "coding": [ {
            "system": "http://terminology.hl7.org/CodeSystem/v2-0203",
            "code": "OBI"
          } ]
        },
        "system": "https://UKFAU.de/befund",
        "value": "UKFAU-0003-E-1-OV-2",
        "assigner": {
          "identifier": {
            "system": "https://www.medizininformatik-initiative.de/fhir/core/NamingSystem/org-identifier",
            "value": "UKFAU"
          }
        }
      } ],
      "status": "final",
      "category": [ {
        "coding": [ {
          "system": "http://terminology.hl7.org/CodeSystem/observation-category",
          "code": "laboratory",
          "display": "Laboratory"
        }, {
          "system": "http://loinc.org",
          "code": "26436-6",
          "display": "Laboratory studies (set)"
        } ]
      } ],
      "code": {
        "coding": [ {
          "system": "http://loinc.org",
          "code": "8302-2"
        } ],
        "text": "Körpergröße"
      },
      "subject": {
        "reference": "Patient/UKFAU-0003"
      },
      "encounter": {
        "reference": "Encounter/UKFAU-0003-E-1"
      },
      "effectiveDateTime": "2020-10-17T00:00:00+02:00",
      "valueQuantity": {
        "value": 176,
        "unit": "centimeter",
        "system": "http://unitsofmeasure.org",
        "code": "cm"
      }
    },
    "request": {
      "method": "PUT",
      "url": "Observation/UKFAU-0003-E-1-OV-2"
    }
  }, {
    "fullUrl": "Observation/UKFAU-0003-E-1-OV-3",
    "resource": {
      "resourceType": "Observation",
      "id": "UKFAU-0003-E-1-OV-3",
      "meta": {
        "profile": [ "https://www.medizininformatik-initiative.de/fhir/core/modul-labor/StructureDefinition/ObservationLab" ]
      },
      "identifier": [ {
        "type": {
          "coding": [ {
            "system": "http://terminology.hl7.org/CodeSystem/v2-0203",
            "code": "OBI"
          } ]
        },
        "system": "https://UKFAU.de/befund",
        "value": "UKFAU-0003-E-1-OV-3",
        "assigner": {
          "identifier": {
            "system": "https://www.medizininformatik-initiative.de/fhir/core/NamingSystem/org-identifier",
            "value": "UKFAU"
          }
        }
      } ],
      "status": "final",
      "category": [ {
        "coding": [ {
          "system": "http://terminology.hl7.org/CodeSystem/observation-category",
          "code": "laboratory",
          "display": "Laboratory"
        }, {
          "system": "http://loinc.org",
          "code": "26436-6",
          "display": "Laboratory studies (set)"
        } ]
      } ],
      "code": {
        "coding": [ {
          "system": "http://loinc.org",
          "code": "39156-5"
        } ],
        "text": "BMI"
      },
      "subject": {
        "reference": "Patient/UKFAU-0003"
      },
      "encounter": {
        "reference": "Encounter/UKFAU-0003-E-1"
      },
      "effectiveDateTime": "2020-10-17T00:00:00+02:00",
      "valueQuantity": {
        "value": 26.5,
        "unit": "kilogram / (meter ^ 2)",
        "system": "http://unitsofmeasure.org",
        "code": "kg/m2"
      }
    },
    "request": {
      "method": "PUT",
      "url": "Observation/UKFAU-0003-E-1-OV-3"
    }
  }, {
    "fullUrl": "Observation/UKFAU-0003-E-1-OV-4",
    "resource": {
      "resourceType": "Observation",
      "id": "UKFAU-0003-E-1-OV-4",
      "meta": {
        "profile": [ "https://www.medizininformatik-initiative.de/fhir/core/modul-labor/StructureDefinition/ObservationLab" ]
      },
      "identifier": [ {
        "type": {
          "coding": [ {
            "system": "http://terminology.hl7.org/CodeSystem/v2-0203",
            "code": "OBI"
          } ]
        },
        "system": "https://UKFAU.de/befund",
        "value": "UKFAU-0003-E-1-OV-4",
        "assigner": {
          "identifier": {
            "system": "https://www.medizininformatik-initiative.de/fhir/core/NamingSystem/org-identifier",
            "value": "UKFAU"
          }
        }
      } ],
      "status": "final",
      "category": [ {
        "coding": [ {
          "system": "http://terminology.hl7.org/CodeSystem/observation-category",
          "code": "laboratory",
          "display": "Laboratory"
        }, {
          "system": "http://loinc.org",
          "code": "26436-6",
          "display": "Laboratory studies (set)"
        } ]
      } ],
      "code": {
        "coding": [ {
          "system": "http://terminology.hl7.org/CodeSystem/data-absent-reason",
          "code": "unknown"
        } ],
        "text": "Körpertemperatur"
      },
      "subject": {
        "reference": "Patient/UKFAU-0003"
      },
      "encounter": {
        "reference": "Encounter/UKFAU-0003-E-1"
      },
      "_effectiveDateTime": {
        "extension": [ {
          "url": "http://terminology.hl7.org/CodeSystem/data-absent-reason",
          "valueCode": "unknown"
        } ]
      },
      "valueQuantity": {
        "value": 37.5,
        "unit": "degree Celsius",
        "system": "http://unitsofmeasure.org",
        "code": "Cel"
      }
    },
    "request": {
      "method": "PUT",
      "url": "Observation/UKFAU-0003-E-1-OV-4"
    }
  }, {
    "fullUrl": "Observation/UKFAU-0003-E-1-OV-5",
    "resource": {
      "resourceType": "Observation",
      "id": "UKFAU-0003-E-1-OV-5",
      "meta": {
        "profile": [ "https://www.medizininformatik-initiative.de/fhir/core/modul-labor/StructureDefinition/ObservationLab" ]
      },
      "identifier": [ {
        "type": {
          "coding": [ {
            "system": "http://terminology.hl7.org/CodeSystem/v2-0203",
            "code": "OBI"
          } ]
        },
        "system": "https://UKFAU.de/befund",
        "value": "UKFAU-0003-E-1-OV-5",
        "assigner": {
          "identifier": {
            "system": "https://www.medizininformatik-initiative.de/fhir/core/NamingSystem/org-identifier",
            "value": "UKFAU"
          }
        }
      } ],
      "status": "final",
      "category": [ {
        "coding": [ {
          "system": "http://terminology.hl7.org/CodeSystem/observation-category",
          "code": "laboratory",
          "display": "Laboratory"
        }, {
          "system": "http://loinc.org",
          "code": "26436-6",
          "display": "Laboratory studies (set)"
        } ]
      } ],
      "code": {
        "coding": [ {
          "system": "http://terminology.hl7.org/CodeSystem/data-absent-reason",
          "code": "unknown"
        } ],
        "text": "Blutdruck SYS"
      },
      "subject": {
        "reference": "Patient/UKFAU-0003"
      },
      "encounter": {
        "reference": "Encounter/UKFAU-0003-E-1"
      },
      "_effectiveDateTime": {
        "extension": [ {
          "url": "http://terminology.hl7.org/CodeSystem/data-absent-reason",
          "valueCode": "unknown"
        } ]
      },
      "valueQuantity": {
        "value": 190,
        "unit": "millimeter of mercury",
        "system": "http://unitsofmeasure.org",
        "code": "mm[Hg]"
      }
    },
    "request": {
      "method": "PUT",
      "url": "Observation/UKFAU-0003-E-1-OV-5"
    }
  }, {
    "fullUrl": "Observation/UKFAU-0003-E-1-OV-6",
    "resource": {
      "resourceType": "Observation",
      "id": "UKFAU-0003-E-1-OV-6",
      "meta": {
        "profile": [ "https://www.medizininformatik-initiative.de/fhir/core/modul-labor/StructureDefinition/ObservationLab" ]
      },
      "identifier": [ {
        "type": {
          "coding": [ {
            "system": "http://terminology.hl7.org/CodeSystem/v2-0203",
            "code": "OBI"
          } ]
        },
        "system": "https://UKFAU.de/befund",
        "value": "UKFAU-0003-E-1-OV-6",
        "assigner": {
          "identifier": {
            "system": "https://www.medizininformatik-initiative.de/fhir/core/NamingSystem/org-identifier",
            "value": "UKFAU"
          }
        }
      } ],
      "status": "final",
      "category": [ {
        "coding": [ {
          "system": "http://terminology.hl7.org/CodeSystem/observation-category",
          "code": "laboratory",
          "display": "Laboratory"
        }, {
          "system": "http://loinc.org",
          "code": "26436-6",
          "display": "Laboratory studies (set)"
        } ]
      } ],
      "code": {
        "coding": [ {
          "system": "http://terminology.hl7.org/CodeSystem/data-absent-reason",
          "code": "unknown"
        } ],
        "text": "Blutdruck DIA"
      },
      "subject": {
        "reference": "Patient/UKFAU-0003"
      },
      "encounter": {
        "reference": "Encounter/UKFAU-0003-E-1"
      },
      "_effectiveDateTime": {
        "extension": [ {
          "url": "http://terminology.hl7.org/CodeSystem/data-absent-reason",
          "valueCode": "unknown"
        } ]
      },
      "valueQuantity": {
        "value": 130,
        "unit": "millimeter of mercury",
        "system": "http://unitsofmeasure.org",
        "code": "mm[Hg]"
      }
    },
    "request": {
      "method": "PUT",
      "url": "Observation/UKFAU-0003-E-1-OV-6"
    }
  }, {
    "fullUrl": "Observation/UKFAU-0003-E-1-OV-7",
    "resource": {
      "resourceType": "Observation",
      "id": "UKFAU-0003-E-1-OV-7",
      "meta": {
        "profile": [ "https://www.medizininformatik-initiative.de/fhir/core/modul-labor/StructureDefinition/ObservationLab" ]
      },
      "identifier": [ {
        "type": {
          "coding": [ {
            "system": "http://terminology.hl7.org/CodeSystem/v2-0203",
            "code": "OBI"
          } ]
        },
        "system": "https://UKFAU.de/befund",
        "value": "UKFAU-0003-E-1-OV-7",
        "assigner": {
          "identifier": {
            "system": "https://www.medizininformatik-initiative.de/fhir/core/NamingSystem/org-identifier",
            "value": "UKFAU"
          }
        }
      } ],
      "status": "final",
      "category": [ {
        "coding": [ {
          "system": "http://terminology.hl7.org/CodeSystem/observation-category",
          "code": "laboratory",
          "display": "Laboratory"
        }, {
          "system": "http://loinc.org",
          "code": "26436-6",
          "display": "Laboratory studies (set)"
        } ]
      } ],
      "code": {
        "coding": [ {
          "system": "http://terminology.hl7.org/CodeSystem/data-absent-reason",
          "code": "unknown"
        } ],
        "text": "Blutdruck SYS"
      },
      "subject": {
        "reference": "Patient/UKFAU-0003"
      },
      "encounter": {
        "reference": "Encounter/UKFAU-0003-E-1"
      },
      "_effectiveDateTime": {
        "extension": [ {
          "url": "http://terminology.hl7.org/CodeSystem/data-absent-reason",
          "valueCode": "unknown"
        } ]
      },
      "valueQuantity": {
        "value": 168,
        "unit": "millimeter of mercury",
        "system": "http://unitsofmeasure.org",
        "code": "mm[Hg]"
      }
    },
    "request": {
      "method": "PUT",
      "url": "Observation/UKFAU-0003-E-1-OV-7"
    }
  }, {
    "fullUrl": "Observation/UKFAU-0003-E-1-OV-8",
    "resource": {
      "resourceType": "Observation",
      "id": "UKFAU-0003-E-1-OV-8",
      "meta": {
        "profile": [ "https://www.medizininformatik-initiative.de/fhir/core/modul-labor/StructureDefinition/ObservationLab" ]
      },
      "identifier": [ {
        "type": {
          "coding": [ {
            "system": "http://terminology.hl7.org/CodeSystem/v2-0203",
            "code": "OBI"
          } ]
        },
        "system": "https://UKFAU.de/befund",
        "value": "UKFAU-0003-E-1-OV-8",
        "assigner": {
          "identifier": {
            "system": "https://www.medizininformatik-initiative.de/fhir/core/NamingSystem/org-identifier",
            "value": "UKFAU"
          }
        }
      } ],
      "status": "final",
      "category": [ {
        "coding": [ {
          "system": "http://terminology.hl7.org/CodeSystem/observation-category",
          "code": "laboratory",
          "display": "Laboratory"
        }, {
          "system": "http://loinc.org",
          "code": "26436-6",
          "display": "Laboratory studies (set)"
        } ]
      } ],
      "code": {
        "coding": [ {
          "system": "http://terminology.hl7.org/CodeSystem/data-absent-reason",
          "code": "unknown"
        } ],
        "text": "Blutdruck DIA"
      },
      "subject": {
        "reference": "Patient/UKFAU-0003"
      },
      "encounter": {
        "reference": "Encounter/UKFAU-0003-E-1"
      },
      "_effectiveDateTime": {
        "extension": [ {
          "url": "http://terminology.hl7.org/CodeSystem/data-absent-reason",
          "valueCode": "unknown"
        } ]
      },
      "valueQuantity": {
        "value": 118,
        "unit": "millimeter of mercury",
        "system": "http://unitsofmeasure.org",
        "code": "mm[Hg]"
      }
    },
    "request": {
      "method": "PUT",
      "url": "Observation/UKFAU-0003-E-1-OV-8"
    }
  }, {
    "fullUrl": "Observation/UKFAU-0003-E-1-OV-9",
    "resource": {
      "resourceType": "Observation",
      "id": "UKFAU-0003-E-1-OV-9",
      "meta": {
        "profile": [ "https://www.medizininformatik-initiative.de/fhir/core/modul-labor/StructureDefinition/ObservationLab" ]
      },
      "identifier": [ {
        "type": {
          "coding": [ {
            "system": "http://terminology.hl7.org/CodeSystem/v2-0203",
            "code": "OBI"
          } ]
        },
        "system": "https://UKFAU.de/befund",
        "value": "UKFAU-0003-E-1-OV-9",
        "assigner": {
          "identifier": {
            "system": "https://www.medizininformatik-initiative.de/fhir/core/NamingSystem/org-identifier",
            "value": "UKFAU"
          }
        }
      } ],
      "status": "final",
      "category": [ {
        "coding": [ {
          "system": "http://terminology.hl7.org/CodeSystem/observation-category",
          "code": "laboratory",
          "display": "Laboratory"
        }, {
          "system": "http://loinc.org",
          "code": "26436-6",
          "display": "Laboratory studies (set)"
        } ]
      } ],
      "code": {
        "coding": [ {
          "system": "http://terminology.hl7.org/CodeSystem/data-absent-reason",
          "code": "unknown"
        } ],
        "text": "Blutdruck SYS"
      },
      "subject": {
        "reference": "Patient/UKFAU-0003"
      },
      "encounter": {
        "reference": "Encounter/UKFAU-0003-E-1"
      },
      "_effectiveDateTime": {
        "extension": [ {
          "url": "http://terminology.hl7.org/CodeSystem/data-absent-reason",
          "valueCode": "unknown"
        } ]
      },
      "valueQuantity": {
        "value": 142,
        "unit": "millimeter of mercury",
        "system": "http://unitsofmeasure.org",
        "code": "mm[Hg]"
      }
    },
    "request": {
      "method": "PUT",
      "url": "Observation/UKFAU-0003-E-1-OV-9"
    }
  }, {
    "fullUrl": "Observation/UKFAU-0003-E-1-OV-10",
    "resource": {
      "resourceType": "Observation",
      "id": "UKFAU-0003-E-1-OV-10",
      "meta": {
        "profile": [ "https://www.medizininformatik-initiative.de/fhir/core/modul-labor/StructureDefinition/ObservationLab" ]
      },
      "identifier": [ {
        "type": {
          "coding": [ {
            "system": "http://terminology.hl7.org/CodeSystem/v2-0203",
            "code": "OBI"
          } ]
        },
        "system": "https://UKFAU.de/befund",
        "value": "UKFAU-0003-E-1-OV-10",
        "assigner": {
          "identifier": {
            "system": "https://www.medizininformatik-initiative.de/fhir/core/NamingSystem/org-identifier",
            "value": "UKFAU"
          }
        }
      } ],
      "status": "final",
      "category": [ {
        "coding": [ {
          "system": "http://terminology.hl7.org/CodeSystem/observation-category",
          "code": "laboratory",
          "display": "Laboratory"
        }, {
          "system": "http://loinc.org",
          "code": "26436-6",
          "display": "Laboratory studies (set)"
        } ]
      } ],
      "code": {
        "coding": [ {
          "system": "http://terminology.hl7.org/CodeSystem/data-absent-reason",
          "code": "unknown"
        } ],
        "text": "Blutdruck DIA"
      },
      "subject": {
        "reference": "Patient/UKFAU-0003"
      },
      "encounter": {
        "reference": "Encounter/UKFAU-0003-E-1"
      },
      "_effectiveDateTime": {
        "extension": [ {
          "url": "http://terminology.hl7.org/CodeSystem/data-absent-reason",
          "valueCode": "unknown"
        } ]
      },
      "valueQuantity": {
        "value": 93,
        "unit": "millimeter of mercury",
        "system": "http://unitsofmeasure.org",
        "code": "mm[Hg]"
      }
    },
    "request": {
      "method": "PUT",
      "url": "Observation/UKFAU-0003-E-1-OV-10"
    }
  }, {
    "fullUrl": "Observation/UKFAU-0003-E-1-OV-11",
    "resource": {
      "resourceType": "Observation",
      "id": "UKFAU-0003-E-1-OV-11",
      "meta": {
        "profile": [ "https://www.medizininformatik-initiative.de/fhir/core/modul-labor/StructureDefinition/ObservationLab" ]
      },
      "identifier": [ {
        "type": {
          "coding": [ {
            "system": "http://terminology.hl7.org/CodeSystem/v2-0203",
            "code": "OBI"
          } ]
        },
        "system": "https://UKFAU.de/befund",
        "value": "UKFAU-0003-E-1-OV-11",
        "assigner": {
          "identifier": {
            "system": "https://www.medizininformatik-initiative.de/fhir/core/NamingSystem/org-identifier",
            "value": "UKFAU"
          }
        }
      } ],
      "status": "final",
      "category": [ {
        "coding": [ {
          "system": "http://terminology.hl7.org/CodeSystem/observation-category",
          "code": "laboratory",
          "display": "Laboratory"
        }, {
          "system": "http://loinc.org",
          "code": "26436-6",
          "display": "Laboratory studies (set)"
        } ]
      } ],
      "code": {
        "coding": [ {
          "system": "http://terminology.hl7.org/CodeSystem/data-absent-reason",
          "code": "unknown"
        } ],
        "text": "QT-Zeit (EKG)"
      },
      "subject": {
        "reference": "Patient/UKFAU-0003"
      },
      "encounter": {
        "reference": "Encounter/UKFAU-0003-E-1"
      },
      "effectiveDateTime": "2020-10-17T16:30:00+02:00",
      "valueQuantity": {
        "value": 400,
        "unit": "millisecond",
        "system": "http://unitsofmeasure.org",
        "code": "ms"
      }
    },
    "request": {
      "method": "PUT",
      "url": "Observation/UKFAU-0003-E-1-OV-11"
    }
  } ]
}