{
  "resourceType": "Bundle",
  "type": "transaction",
  "entry": [ {
    "fullUrl": "Patient/UKFAU-0008",
    "resource": {
      "resourceType": "Patient",
      "id": "UKFAU-0008",
      "meta": {
        "profile": [ "https://www.medizininformatik-initiative.de/fhir/core/modul-person/StructureDefinition/Patient" ]
      },
      "identifier": [ {
        "use": "usual",
        "type": {
          "coding": [ {
            "system": "http://terminology.hl7.org/CodeSystem/v2-0203",
            "code": "MR"
          } ]
        },
        "system": "https://UKFAU.de/pid",
        "value": "UKFAU-0008"
      } ],
      "name": [ {
        "use": "official",
        "family": "Träger",
        "given": [ "Gerald" ]
      } ],
      "gender": "male",
      "birthDate": "1956-01-01",
      "address": [ {
        "type": "both",
        "line": [ "Am Ziegelstein 31a" ],
        "city": "Nürnberg",
        "postalCode": "90449",
        "country": "DE"
      } ],
      "generalPractitioner": [ {
        "display": "TKK"
      } ]
    },
    "request": {
      "method": "PUT",
      "url": "Patient/UKFAU-0008"
    }
  }, {
    "fullUrl": "Encounter/UKFAU-0008-E-1",
    "resource": {
      "resourceType": "Encounter",
      "id": "UKFAU-0008-E-1",
      "meta": {
        "profile": [ "https://www.medizininformatik-initiative.de/fhir/core/modul-fall/StructureDefinition/KontaktGesundheitseinrichtung" ]
      },
      "identifier": [ {
        "type": {
          "coding": [ {
            "system": "http://terminology.hl7.org/CodeSystem/v2-0203",
            "code": "VN"
          } ]
        },
        "_system": {
          "extension": [ {
            "url": "http://terminology.hl7.org/CodeSystem/data-absent-reason",
            "valueCode": "unknown"
          } ]
        },
        "value": "UKFAU-0008-E-1",
        "assigner": {
          "identifier": {
            "system": "https://www.medizininformatik-initiative.de/fhir/core/NamingSystem/org-identifier",
            "value": "UKFAU"
          }
        }
      } ],
      "status": "finished",
      "class": {
        "system": "http://terminology.hl7.org/CodeSystem/v3-ActCode",
        "code": "IMP",
        "display": "inpatient encounter"
      },
      "type": [ {
        "coding": [ {
          "code": "einrichtungskontakt",
          "display": "Einrichtungskontakt"
        } ]
      } ],
      "subject": {
        "reference": "Patient/UKFAU-0008"
      },
      "period": {
        "start": "2020-10-07T00:00:00+02:00",
        "end": "2020-10-10T00:00:00+02:00"
      },
      "diagnosis": [ {
        "condition": {
          "reference": "Condition/UKFAU-0008-E-1-D-1"
        },
        "use": {
          "coding": [ {
            "system": "http://terminology.hl7.org/CodeSystem/diagnosis-role",
            "code": "AD",
            "display": "Admission diagnosis"
          } ]
        }
      }, {
        "condition": {
          "reference": "Condition/UKFAU-0008-E-1-D-2"
        },
        "use": {
          "coding": [ {
            "system": "http://terminology.hl7.org/CodeSystem/diagnosis-role",
            "code": "CC",
            "display": "Chief complaint"
          } ]
        }
      }, {
        "condition": {
          "reference": "Condition/UKFAU-0008-E-1-D-3"
        },
        "use": {
          "coding": [ {
            "system": "http://terminology.hl7.org/CodeSystem/diagnosis-role",
            "code": "CM",
            "display": "Comorbidity diagnosis"
          } ]
        }
      }, {
        "condition": {
          "reference": "Condition/UKFAU-0008-E-1-D-4"
        },
        "use": {
          "coding": [ {
            "system": "http://terminology.hl7.org/CodeSystem/diagnosis-role",
            "code": "CM",
            "display": "Comorbidity diagnosis"
          } ]
        }
      }, {
        "condition": {
          "reference": "Procedure/UKFAU-0008-E-1-P-1"
        },
        "use": {
          "coding": [ {
            "system": "http://terminology.hl7.org/CodeSystem/diagnosis-role",
            "code": "CM",
            "display": "Comorbidity diagnosis"
          } ]
        }
      } ]
    },
    "request": {
      "method": "PUT",
      "url": "Encounter/UKFAU-0008-E-1"
    }
  }, {
    "fullUrl": "Encounter/UKFAU-0008-E-1-A-1",
    "resource": {
      "resourceType": "Encounter",
      "id": "UKFAU-0008-E-1-A-1",
      "meta": {
        "profile": [ "https://www.medizininformatik-initiative.de/fhir/core/modul-fall/StructureDefinition/KontaktGesundheitseinrichtung" ]
      },
      "status": "finished",
      "class": {
        "extension": [ {
          "url": "http://terminology.hl7.org/CodeSystem/data-absent-reason",
          "valueCode": "unknown"
        } ]
      },
      "type": [ {
        "coding": [ {
          "code": "abteilungskontakt",
          "display": "Abteilungskontakt"
        } ]
      } ],
      "serviceType": {
        "coding": [ {
          "system": "http://fhir.de/CodeSystem/dkgev/Fachabteilungsschluessel",
          "code": "0100",
          "display": "Innere Medizin"
        } ]
      },
      "subject": {
        "reference": "Patient/UKFAU-0008"
      },
      "period": {
        "start": "2020-10-07T00:00:00+02:00",
        "end": "2020-10-07T00:00:00+02:00"
      },
      "diagnosis": [ {
        "condition": {
          "_reference": {
            "extension": [ {
              "url": "http://terminology.hl7.org/CodeSystem/data-absent-reason",
              "valueCode": "unknown"
            } ]
          }
        }
      } ],
      "partOf": {
        "reference": "Encounter/UKFAU-0008-E-1"
      }
    },
    "request": {
      "method": "PUT",
      "url": "Encounter/UKFAU-0008-E-1-A-1"
    }
  }, {
    "fullUrl": "Encounter/UKFAU-0008-E-1-A-2",
    "resource": {
      "resourceType": "Encounter",
      "id": "UKFAU-0008-E-1-A-2",
      "meta": {
        "profile": [ "https://www.medizininformatik-initiative.de/fhir/core/modul-fall/StructureDefinition/KontaktGesundheitseinrichtung" ]
      },
      "status": "finished",
      "class": {
        "extension": [ {
          "url": "http://terminology.hl7.org/CodeSystem/data-absent-reason",
          "valueCode": "unknown"
        } ]
      },
      "type": [ {
        "coding": [ {
          "code": "abteilungskontakt",
          "display": "Abteilungskontakt"
        } ]
      } ],
      "serviceType": {
        "coding": [ {
          "system": "http://fhir.de/CodeSystem/dkgev/Fachabteilungsschluessel",
          "code": "2800",
          "display": "Neurologie"
        } ]
      },
      "subject": {
        "reference": "Patient/UKFAU-0008"
      },
      "period": {
        "start": "2020-10-07T00:00:00+02:00",
        "end": "2020-10-10T00:00:00+02:00"
      },
      "diagnosis": [ {
        "condition": {
          "_reference": {
            "extension": [ {
              "url": "http://terminology.hl7.org/CodeSystem/data-absent-reason",
              "valueCode": "unknown"
            } ]
          }
        }
      } ],
      "partOf": {
        "reference": "Encounter/UKFAU-0008-E-1"
      }
    },
    "request": {
      "method": "PUT",
      "url": "Encounter/UKFAU-0008-E-1-A-2"
    }
  }, {
    "fullUrl": "Observation/UKFAU-0008-E-1-OL-1",
    "resource": {
      "resourceType": "Observation",
      "id": "UKFAU-0008-E-1-OL-1",
      "meta": {
        "profile": [ "https://www.medizininformatik-initiative.de/fhir/core/modul-labor/StructureDefinition/ObservationLab" ]
      },
      "identifier": [ {
        "type": {
          "coding": [ {
            "system": "http://terminology.hl7.org/CodeSystem/v2-0203",
            "code": "OBI"
          } ]
        },
        "system": "https://UKFAU.de/befund",
        "value": "UKFAU-0008-E-1-OL-1",
        "assigner": {
          "identifier": {
            "system": "https://www.medizininformatik-initiative.de/fhir/core/NamingSystem/org-identifier",
            "value": "UKFAU"
          }
        }
      } ],
      "status": "final",
      "category": [ {
        "coding": [ {
          "system": "http://terminology.hl7.org/CodeSystem/observation-category",
          "code": "laboratory",
          "display": "Laboratory"
        }, {
          "system": "http://loinc.org",
          "code": "26436-6",
          "display": "Laboratory studies (set)"
        } ]
      } ],
      "code": {
        "coding": [ {
          "system": "http://loinc.org",
          "code": "15074-8"
        } ],
        "text": "Blutglucose"
      },
      "subject": {
        "reference": "Patient/UKFAU-0008"
      },
      "encounter": {
        "reference": "Encounter/UKFAU-0008-E-1"
      },
      "effectiveDateTime": "2020-10-07T17:00:00+02:00",
      "valueQuantity": {
        "value": 189,
        "unit": "milligram per deciliter",
        "system": "http://unitsofmeasure.org",
        "code": "mg/dL"
      }
    },
    "request": {
      "method": "PUT",
      "url": "Observation/UKFAU-0008-E-1-OL-1"
    }
  }, {
    "fullUrl": "Observation/UKFAU-0008-E-1-OL-2",
    "resource": {
      "resourceType": "Observation",
      "id": "UKFAU-0008-E-1-OL-2",
      "meta": {
        "profile": [ "https://www.medizininformatik-initiative.de/fhir/core/modul-labor/StructureDefinition/ObservationLab" ]
      },
      "identifier": [ {
        "type": {
          "coding": [ {
            "system": "http://terminology.hl7.org/CodeSystem/v2-0203",
            "code": "OBI"
          } ]
        },
        "system": "https://UKFAU.de/befund",
        "value": "UKFAU-0008-E-1-OL-2",
        "assigner": {
          "identifier": {
            "system": "https://www.medizininformatik-initiative.de/fhir/core/NamingSystem/org-identifier",
            "value": "UKFAU"
          }
        }
      } ],
      "status": "final",
      "category": [ {
        "coding": [ {
          "system": "http://terminology.hl7.org/CodeSystem/observation-category",
          "code": "laboratory",
          "display": "Laboratory"
        }, {
          "system": "http://loinc.org",
          "code": "26436-6",
          "display": "Laboratory studies (set)"
        } ]
      } ],
      "code": {
        "coding": [ {
          "system": "http://loinc.org",
          "code": "2744-1"
        } ],
        "text": "pH (Blut)"
      },
      "subject": {
        "reference": "Patient/UKFAU-0008"
      },
      "encounter": {
        "reference": "Encounter/UKFAU-0008-E-1"
      },
      "effectiveDateTime": "2020-10-08T08:01:00+02:00",
      "valueQuantity": {
        "value": 7.33,
        "_unit": {
          "extension": [ {
            "url": "http://terminology.hl7.org/CodeSystem/data-absent-reason",
            "valueCode": "unknown"
          } ]
        },
        "system": "http://unitsofmeasure.org",
        "_code": {
          "extension": [ {
            "url": "http://terminology.hl7.org/CodeSystem/data-absent-reason",
            "valueCode": "unknown"
          } ]
        }
      }
    },
    "request": {
      "method": "PUT",
      "url": "Observation/UKFAU-0008-E-1-OL-2"
    }
  }, {
    "fullUrl": "Observation/UKFAU-0008-E-1-OL-3",
    "resource": {
      "resourceType": "Observation",
      "id": "UKFAU-0008-E-1-OL-3",
      "meta": {
        "profile": [ "https://www.medizininformatik-initiative.de/fhir/core/modul-labor/StructureDefinition/ObservationLab" ]
      },
      "identifier": [ {
        "type": {
          "coding": [ {
            "system": "http://terminology.hl7.org/CodeSystem/v2-0203",
            "code": "OBI"
          } ]
        },
        "system": "https://UKFAU.de/befund",
        "value": "UKFAU-0008-E-1-OL-3",
        "assigner": {
          "identifier": {
            "system": "https://www.medizininformatik-initiative.de/fhir/core/NamingSystem/org-identifier",
            "value": "UKFAU"
          }
        }
      } ],
      "status": "final",
      "category": [ {
        "coding": [ {
          "system": "http://terminology.hl7.org/CodeSystem/observation-category",
          "code": "laboratory",
          "display": "Laboratory"
        }, {
          "system": "http://loinc.org",
          "code": "26436-6",
          "display": "Laboratory studies (set)"
        } ]
      } ],
      "code": {
        "coding": [ {
          "system": "http://loinc.org",
          "code": "4548-4"
        } ],
        "text": "HbA1c"
      },
      "subject": {
        "reference": "Patient/UKFAU-0008"
      },
      "encounter": {
        "reference": "Encounter/UKFAU-0008-E-1"
      },
      "effectiveDateTime": "2020-10-08T08:01:00+02:00",
      "valueQuantity": {
        "value": 6.7,
        "_unit": {
          "extension": [ {
            "url": "http://terminology.hl7.org/CodeSystem/data-absent-reason",
            "valueCode": "unknown"
          } ]
        },
        "system": "http://unitsofmeasure.org",
        "_code": {
          "extension": [ {
            "url": "http://terminology.hl7.org/CodeSystem/data-absent-reason",
            "valueCode": "unknown"
          } ]
        }
      }
    },
    "request": {
      "method": "PUT",
      "url": "Observation/UKFAU-0008-E-1-OL-3"
    }
  }, {
    "fullUrl": "Observation/UKFAU-0008-E-1-OL-4",
    "resource": {
      "resourceType": "Observation",
      "id": "UKFAU-0008-E-1-OL-4",
      "meta": {
        "profile": [ "https://www.medizininformatik-initiative.de/fhir/core/modul-labor/StructureDefinition/ObservationLab" ]
      },
      "identifier": [ {
        "type": {
          "coding": [ {
            "system": "http://terminology.hl7.org/CodeSystem/v2-0203",
            "code": "OBI"
          } ]
        },
        "system": "https://UKFAU.de/befund",
        "value": "UKFAU-0008-E-1-OL-4",
        "assigner": {
          "identifier": {
            "system": "https://www.medizininformatik-initiative.de/fhir/core/NamingSystem/org-identifier",
            "value": "UKFAU"
          }
        }
      } ],
      "status": "final",
      "category": [ {
        "coding": [ {
          "system": "http://terminology.hl7.org/CodeSystem/observation-category",
          "code": "laboratory",
          "display": "Laboratory"
        }, {
          "system": "http://loinc.org",
          "code": "26436-6",
          "display": "Laboratory studies (set)"
        } ]
      } ],
      "code": {
        "coding": [ {
          "system": "http://loinc.org",
          "code": "1920-8"
        } ],
        "text": "AST (GOT)"
      },
      "subject": {
        "reference": "Patient/UKFAU-0008"
      },
      "encounter": {
        "reference": "Encounter/UKFAU-0008-E-1"
      },
      "effectiveDateTime": "2020-10-08T08:01:00+02:00",
      "valueQuantity": {
        "value": 89,
        "unit": "enzyme unit per liter",
        "system": "http://unitsofmeasure.org",
        "code": "U/L"
      }
    },
    "request": {
      "method": "PUT",
      "url": "Observation/UKFAU-0008-E-1-OL-4"
    }
  }, {
    "fullUrl": "Observation/UKFAU-0008-E-1-OL-5",
    "resource": {
      "resourceType": "Observation",
      "id": "UKFAU-0008-E-1-OL-5",
      "meta": {
        "profile": [ "https://www.medizininformatik-initiative.de/fhir/core/modul-labor/StructureDefinition/ObservationLab" ]
      },
      "identifier": [ {
        "type": {
          "coding": [ {
            "system": "http://terminology.hl7.org/CodeSystem/v2-0203",
            "code": "OBI"
          } ]
        },
        "system": "https://UKFAU.de/befund",
        "value": "UKFAU-0008-E-1-OL-5",
        "assigner": {
          "identifier": {
            "system": "https://www.medizininformatik-initiative.de/fhir/core/NamingSystem/org-identifier",
            "value": "UKFAU"
          }
        }
      } ],
      "status": "final",
      "category": [ {
        "coding": [ {
          "system": "http://terminology.hl7.org/CodeSystem/observation-category",
          "code": "laboratory",
          "display": "Laboratory"
        }, {
          "system": "http://loinc.org",
          "code": "26436-6",
          "display": "Laboratory studies (set)"
        } ]
      } ],
      "code": {
        "coding": [ {
          "system": "http://loinc.org",
          "code": "76625-3"
        } ],
        "text": "ALT (GPT)"
      },
      "subject": {
        "reference": "Patient/UKFAU-0008"
      },
      "encounter": {
        "reference": "Encounter/UKFAU-0008-E-1"
      },
      "effectiveDateTime": "2020-10-08T08:01:00+02:00",
      "valueQuantity": {
        "value": 82,
        "unit": "enzyme unit per liter",
        "system": "http://unitsofmeasure.org",
        "code": "U/L"
      }
    },
    "request": {
      "method": "PUT",
      "url": "Observation/UKFAU-0008-E-1-OL-5"
    }
  }, {
    "fullUrl": "Observation/UKFAU-0008-E-1-OL-6",
    "resource": {
      "resourceType": "Observation",
      "id": "UKFAU-0008-E-1-OL-6",
      "meta": {
        "profile": [ "https://www.medizininformatik-initiative.de/fhir/core/modul-labor/StructureDefinition/ObservationLab" ]
      },
      "identifier": [ {
        "type": {
          "coding": [ {
            "system": "http://terminology.hl7.org/CodeSystem/v2-0203",
            "code": "OBI"
          } ]
        },
        "system": "https://UKFAU.de/befund",
        "value": "UKFAU-0008-E-1-OL-6",
        "assigner": {
          "identifier": {
            "system": "https://www.medizininformatik-initiative.de/fhir/core/NamingSystem/org-identifier",
            "value": "UKFAU"
          }
        }
      } ],
      "status": "final",
      "category": [ {
        "coding": [ {
          "system": "http://terminology.hl7.org/CodeSystem/observation-category",
          "code": "laboratory",
          "display": "Laboratory"
        }, {
          "system": "http://loinc.org",
          "code": "26436-6",
          "display": "Laboratory studies (set)"
        } ]
      } ],
      "code": {
        "coding": [ {
          "system": "http://loinc.org",
          "code": "2518-9"
        } ],
        "text": "Lactat"
      },
      "subject": {
        "reference": "Patient/UKFAU-0008"
      },
      "encounter": {
        "reference": "Encounter/UKFAU-0008-E-1"
      },
      "effectiveDateTime": "2020-10-08T08:01:00+02:00",
      "valueQuantity": {
        "value": 22,
        "unit": "milligram per deciliter",
        "system": "http://unitsofmeasure.org",
        "code": "mg/dL"
      }
    },
    "request": {
      "method": "PUT",
      "url": "Observation/UKFAU-0008-E-1-OL-6"
    }
  }, {
    "fullUrl": "Observation/UKFAU-0008-E-1-OL-7",
    "resource": {
      "resourceType": "Observation",
      "id": "UKFAU-0008-E-1-OL-7",
      "meta": {
        "profile": [ "https://www.medizininformatik-initiative.de/fhir/core/modul-labor/StructureDefinition/ObservationLab" ]
      },
      "identifier": [ {
        "type": {
          "coding": [ {
            "system": "http://terminology.hl7.org/CodeSystem/v2-0203",
            "code": "OBI"
          } ]
        },
        "system": "https://UKFAU.de/befund",
        "value": "UKFAU-0008-E-1-OL-7",
        "assigner": {
          "identifier": {
            "system": "https://www.medizininformatik-initiative.de/fhir/core/NamingSystem/org-identifier",
            "value": "UKFAU"
          }
        }
      } ],
      "status": "final",
      "category": [ {
        "coding": [ {
          "system": "http://terminology.hl7.org/CodeSystem/observation-category",
          "code": "laboratory",
          "display": "Laboratory"
        }, {
          "system": "http://loinc.org",
          "code": "26436-6",
          "display": "Laboratory studies (set)"
        } ]
      } ],
      "code": {
        "coding": [ {
          "system": "http://loinc.org",
          "code": "70218-3"
        } ],
        "text": "Triglyceride"
      },
      "subject": {
        "reference": "Patient/UKFAU-0008"
      },
      "encounter": {
        "reference": "Encounter/UKFAU-0008-E-1"
      },
      "effectiveDateTime": "2020-10-08T08:01:00+02:00",
      "valueQuantity": {
        "value": 280,
        "unit": "milligram per deciliter",
        "system": "http://unitsofmeasure.org",
        "code": "mg/dL"
      }
    },
    "request": {
      "method": "PUT",
      "url": "Observation/UKFAU-0008-E-1-OL-7"
    }
  }, {
    "fullUrl": "Observation/UKFAU-0008-E-1-OL-8",
    "resource": {
      "resourceType": "Observation",
      "id": "UKFAU-0008-E-1-OL-8",
      "meta": {
        "profile": [ "https://www.medizininformatik-initiative.de/fhir/core/modul-labor/StructureDefinition/ObservationLab" ]
      },
      "identifier": [ {
        "type": {
          "coding": [ {
            "system": "http://terminology.hl7.org/CodeSystem/v2-0203",
            "code": "OBI"
          } ]
        },
        "system": "https://UKFAU.de/befund",
        "value": "UKFAU-0008-E-1-OL-8",
        "assigner": {
          "identifier": {
            "system": "https://www.medizininformatik-initiative.de/fhir/core/NamingSystem/org-identifier",
            "value": "UKFAU"
          }
        }
      } ],
      "status": "final",
      "category": [ {
        "coding": [ {
          "system": "http://terminology.hl7.org/CodeSystem/observation-category",
          "code": "laboratory",
          "display": "Laboratory"
        }, {
          "system": "http://loinc.org",
          "code": "26436-6",
          "display": "Laboratory studies (set)"
        } ]
      } ],
      "code": {
        "coding": [ {
          "system": "http://loinc.org",
          "code": "2947-0"
        } ],
        "text": "Natrium"
      },
      "subject": {
        "reference": "Patient/UKFAU-0008"
      },
      "encounter": {
        "reference": "Encounter/UKFAU-0008-E-1"
      },
      "effectiveDateTime": "2020-10-08T08:01:00+02:00",
      "valueQuantity": {
        "value": 140,
        "unit": "millimole per liter",
        "system": "http://unitsofmeasure.org",
        "code": "mmol/L"
      }
    },
    "request": {
      "method": "PUT",
      "url": "Observation/UKFAU-0008-E-1-OL-8"
    }
  }, {
    "fullUrl": "Observation/UKFAU-0008-E-1-OL-9",
    "resource": {
      "resourceType": "Observation",
      "id": "UKFAU-0008-E-1-OL-9",
      "meta": {
        "profile": [ "https://www.medizininformatik-initiative.de/fhir/core/modul-labor/StructureDefinition/ObservationLab" ]
      },
      "identifier": [ {
        "type": {
          "coding": [ {
            "system": "http://terminology.hl7.org/CodeSystem/v2-0203",
            "code": "OBI"
          } ]
        },
        "system": "https://UKFAU.de/befund",
        "value": "UKFAU-0008-E-1-OL-9",
        "assigner": {
          "identifier": {
            "system": "https://www.medizininformatik-initiative.de/fhir/core/NamingSystem/org-identifier",
            "value": "UKFAU"
          }
        }
      } ],
      "status": "final",
      "category": [ {
        "coding": [ {
          "system": "http://terminology.hl7.org/CodeSystem/observation-category",
          "code": "laboratory",
          "display": "Laboratory"
        }, {
          "system": "http://loinc.org",
          "code": "26436-6",
          "display": "Laboratory studies (set)"
        } ]
      } ],
      "code": {
        "coding": [ {
          "system": "http://loinc.org",
          "code": "6298-4"
        } ],
        "text": "Kalium"
      },
      "subject": {
        "reference": "Patient/UKFAU-0008"
      },
      "encounter": {
        "reference": "Encounter/UKFAU-0008-E-1"
      },
      "effectiveDateTime": "2020-10-08T08:01:00+02:00",
      "valueQuantity": {
        "value": 4,
        "unit": "millimole per liter",
        "system": "http://unitsofmeasure.org",
        "code": "mmol/L"
      }
    },
    "request": {
      "method": "PUT",
      "url": "Observation/UKFAU-0008-E-1-OL-9"
    }
  }, {
    "fullUrl": "Observation/UKFAU-0008-E-1-OL-10",
    "resource": {
      "resourceType": "Observation",
      "id": "UKFAU-0008-E-1-OL-10",
      "meta": {
        "profile": [ "https://www.medizininformatik-initiative.de/fhir/core/modul-labor/StructureDefinition/ObservationLab" ]
      },
      "identifier": [ {
        "type": {
          "coding": [ {
            "system": "http://terminology.hl7.org/CodeSystem/v2-0203",
            "code": "OBI"
          } ]
        },
        "system": "https://UKFAU.de/befund",
        "value": "UKFAU-0008-E-1-OL-10",
        "assigner": {
          "identifier": {
            "system": "https://www.medizininformatik-initiative.de/fhir/core/NamingSystem/org-identifier",
            "value": "UKFAU"
          }
        }
      } ],
      "status": "final",
      "category": [ {
        "coding": [ {
          "system": "http://terminology.hl7.org/CodeSystem/observation-category",
          "code": "laboratory",
          "display": "Laboratory"
        }, {
          "system": "http://loinc.org",
          "code": "26436-6",
          "display": "Laboratory studies (set)"
        } ]
      } ],
      "code": {
        "coding": [ {
          "system": "http://loinc.org",
          "code": "76633-7"
        } ],
        "text": "eGFR"
      },
      "subject": {
        "reference": "Patient/UKFAU-0008"
      },
      "encounter": {
        "reference": "Encounter/UKFAU-0008-E-1"
      },
      "effectiveDateTime": "2020-10-08T08:01:00+02:00",
      "valueQuantity": {
        "value": 71,
        "unit": "milliliter per minute per 1.73 square meter",
        "system": "http://unitsofmeasure.org",
        "code": "mL/min/{1.73_m2}"
      }
    },
    "request": {
      "method": "PUT",
      "url": "Observation/UKFAU-0008-E-1-OL-10"
    }
  }, {
    "fullUrl": "Observation/UKFAU-0008-E-1-OL-11",
    "resource": {
      "resourceType": "Observation",
      "id": "UKFAU-0008-E-1-OL-11",
      "meta": {
        "profile": [ "https://www.medizininformatik-initiative.de/fhir/core/modul-labor/StructureDefinition/ObservationLab" ]
      },
      "identifier": [ {
        "type": {
          "coding": [ {
            "system": "http://terminology.hl7.org/CodeSystem/v2-0203",
            "code": "OBI"
          } ]
        },
        "system": "https://UKFAU.de/befund",
        "value": "UKFAU-0008-E-1-OL-11",
        "assigner": {
          "identifier": {
            "system": "https://www.medizininformatik-initiative.de/fhir/core/NamingSystem/org-identifier",
            "value": "UKFAU"
          }
        }
      } ],
      "status": "final",
      "category": [ {
        "coding": [ {
          "system": "http://terminology.hl7.org/CodeSystem/observation-category",
          "code": "laboratory",
          "display": "Laboratory"
        }, {
          "system": "http://loinc.org",
          "code": "26436-6",
          "display": "Laboratory studies (set)"
        } ]
      } ],
      "code": {
        "coding": [ {
          "system": "http://loinc.org",
          "code": "2744-1"
        } ],
        "text": "pH (Blut)"
      },
      "subject": {
        "reference": "Patient/UKFAU-0008"
      },
      "encounter": {
        "reference": "Encounter/UKFAU-0008-E-1"
      },
      "effectiveDateTime": "2020-10-09T08:01:00+02:00",
      "valueQuantity": {
        "value": 7.36,
        "_unit": {
          "extension": [ {
            "url": "http://terminology.hl7.org/CodeSystem/data-absent-reason",
            "valueCode": "unknown"
          } ]
        },
        "system": "http://unitsofmeasure.org",
        "_code": {
          "extension": [ {
            "url": "http://terminology.hl7.org/CodeSystem/data-absent-reason",
            "valueCode": "unknown"
          } ]
        }
      }
    },
    "request": {
      "method": "PUT",
      "url": "Observation/UKFAU-0008-E-1-OL-11"
    }
  }, {
    "fullUrl": "Observation/UKFAU-0008-E-1-OL-12",
    "resource": {
      "resourceType": "Observation",
      "id": "UKFAU-0008-E-1-OL-12",
      "meta": {
        "profile": [ "https://www.medizininformatik-initiative.de/fhir/core/modul-labor/StructureDefinition/ObservationLab" ]
      },
      "identifier": [ {
        "type": {
          "coding": [ {
            "system": "http://terminology.hl7.org/CodeSystem/v2-0203",
            "code": "OBI"
          } ]
        },
        "system": "https://UKFAU.de/befund",
        "value": "UKFAU-0008-E-1-OL-12",
        "assigner": {
          "identifier": {
            "system": "https://www.medizininformatik-initiative.de/fhir/core/NamingSystem/org-identifier",
            "value": "UKFAU"
          }
        }
      } ],
      "status": "final",
      "category": [ {
        "coding": [ {
          "system": "http://terminology.hl7.org/CodeSystem/observation-category",
          "code": "laboratory",
          "display": "Laboratory"
        }, {
          "system": "http://loinc.org",
          "code": "26436-6",
          "display": "Laboratory studies (set)"
        } ]
      } ],
      "code": {
        "coding": [ {
          "system": "http://loinc.org",
          "code": "1920-8"
        } ],
        "text": "AST (GOT)"
      },
      "subject": {
        "reference": "Patient/UKFAU-0008"
      },
      "encounter": {
        "reference": "Encounter/UKFAU-0008-E-1"
      },
      "effectiveDateTime": "2020-10-09T08:01:00+02:00",
      "valueQuantity": {
        "value": 90,
        "unit": "enzyme unit per liter",
        "system": "http://unitsofmeasure.org",
        "code": "U/L"
      }
    },
    "request": {
      "method": "PUT",
      "url": "Observation/UKFAU-0008-E-1-OL-12"
    }
  }, {
    "fullUrl": "Observation/UKFAU-0008-E-1-OL-13",
    "resource": {
      "resourceType": "Observation",
      "id": "UKFAU-0008-E-1-OL-13",
      "meta": {
        "profile": [ "https://www.medizininformatik-initiative.de/fhir/core/modul-labor/StructureDefinition/ObservationLab" ]
      },
      "identifier": [ {
        "type": {
          "coding": [ {
            "system": "http://terminology.hl7.org/CodeSystem/v2-0203",
            "code": "OBI"
          } ]
        },
        "system": "https://UKFAU.de/befund",
        "value": "UKFAU-0008-E-1-OL-13",
        "assigner": {
          "identifier": {
            "system": "https://www.medizininformatik-initiative.de/fhir/core/NamingSystem/org-identifier",
            "value": "UKFAU"
          }
        }
      } ],
      "status": "final",
      "category": [ {
        "coding": [ {
          "system": "http://terminology.hl7.org/CodeSystem/observation-category",
          "code": "laboratory",
          "display": "Laboratory"
        }, {
          "system": "http://loinc.org",
          "code": "26436-6",
          "display": "Laboratory studies (set)"
        } ]
      } ],
      "code": {
        "coding": [ {
          "system": "http://loinc.org",
          "code": "76625-3"
        } ],
        "text": "ALT (GPT)"
      },
      "subject": {
        "reference": "Patient/UKFAU-0008"
      },
      "encounter": {
        "reference": "Encounter/UKFAU-0008-E-1"
      },
      "effectiveDateTime": "2020-10-09T08:01:00+02:00",
      "valueQuantity": {
        "value": 81,
        "unit": "enzyme unit per liter",
        "system": "http://unitsofmeasure.org",
        "code": "U/L"
      }
    },
    "request": {
      "method": "PUT",
      "url": "Observation/UKFAU-0008-E-1-OL-13"
    }
  }, {
    "fullUrl": "Observation/UKFAU-0008-E-1-OL-14",
    "resource": {
      "resourceType": "Observation",
      "id": "UKFAU-0008-E-1-OL-14",
      "meta": {
        "profile": [ "https://www.medizininformatik-initiative.de/fhir/core/modul-labor/StructureDefinition/ObservationLab" ]
      },
      "identifier": [ {
        "type": {
          "coding": [ {
            "system": "http://terminology.hl7.org/CodeSystem/v2-0203",
            "code": "OBI"
          } ]
        },
        "system": "https://UKFAU.de/befund",
        "value": "UKFAU-0008-E-1-OL-14",
        "assigner": {
          "identifier": {
            "system": "https://www.medizininformatik-initiative.de/fhir/core/NamingSystem/org-identifier",
            "value": "UKFAU"
          }
        }
      } ],
      "status": "final",
      "category": [ {
        "coding": [ {
          "system": "http://terminology.hl7.org/CodeSystem/observation-category",
          "code": "laboratory",
          "display": "Laboratory"
        }, {
          "system": "http://loinc.org",
          "code": "26436-6",
          "display": "Laboratory studies (set)"
        } ]
      } ],
      "code": {
        "coding": [ {
          "system": "http://loinc.org",
          "code": "2518-9"
        } ],
        "text": "Lactat"
      },
      "subject": {
        "reference": "Patient/UKFAU-0008"
      },
      "encounter": {
        "reference": "Encounter/UKFAU-0008-E-1"
      },
      "effectiveDateTime": "2020-10-09T08:01:00+02:00",
      "valueQuantity": {
        "value": 15,
        "unit": "milligram per deciliter",
        "system": "http://unitsofmeasure.org",
        "code": "mg/dL"
      }
    },
    "request": {
      "method": "PUT",
      "url": "Observation/UKFAU-0008-E-1-OL-14"
    }
  }, {
    "fullUrl": "Observation/UKFAU-0008-E-1-OL-15",
    "resource": {
      "resourceType": "Observation",
      "id": "UKFAU-0008-E-1-OL-15",
      "meta": {
        "profile": [ "https://www.medizininformatik-initiative.de/fhir/core/modul-labor/StructureDefinition/ObservationLab" ]
      },
      "identifier": [ {
        "type": {
          "coding": [ {
            "system": "http://terminology.hl7.org/CodeSystem/v2-0203",
            "code": "OBI"
          } ]
        },
        "system": "https://UKFAU.de/befund",
        "value": "UKFAU-0008-E-1-OL-15",
        "assigner": {
          "identifier": {
            "system": "https://www.medizininformatik-initiative.de/fhir/core/NamingSystem/org-identifier",
            "value": "UKFAU"
          }
        }
      } ],
      "status": "final",
      "category": [ {
        "coding": [ {
          "system": "http://terminology.hl7.org/CodeSystem/observation-category",
          "code": "laboratory",
          "display": "Laboratory"
        }, {
          "system": "http://loinc.org",
          "code": "26436-6",
          "display": "Laboratory studies (set)"
        } ]
      } ],
      "code": {
        "coding": [ {
          "system": "http://loinc.org",
          "code": "70218-3"
        } ],
        "text": "Triglyceride"
      },
      "subject": {
        "reference": "Patient/UKFAU-0008"
      },
      "encounter": {
        "reference": "Encounter/UKFAU-0008-E-1"
      },
      "effectiveDateTime": "2020-10-09T08:01:00+02:00",
      "valueQuantity": {
        "value": 190,
        "unit": "milligram per deciliter",
        "system": "http://unitsofmeasure.org",
        "code": "mg/dL"
      }
    },
    "request": {
      "method": "PUT",
      "url": "Observation/UKFAU-0008-E-1-OL-15"
    }
  }, {
    "fullUrl": "Observation/UKFAU-0008-E-1-OL-16",
    "resource": {
      "resourceType": "Observation",
      "id": "UKFAU-0008-E-1-OL-16",
      "meta": {
        "profile": [ "https://www.medizininformatik-initiative.de/fhir/core/modul-labor/StructureDefinition/ObservationLab" ]
      },
      "identifier": [ {
        "type": {
          "coding": [ {
            "system": "http://terminology.hl7.org/CodeSystem/v2-0203",
            "code": "OBI"
          } ]
        },
        "system": "https://UKFAU.de/befund",
        "value": "UKFAU-0008-E-1-OL-16",
        "assigner": {
          "identifier": {
            "system": "https://www.medizininformatik-initiative.de/fhir/core/NamingSystem/org-identifier",
            "value": "UKFAU"
          }
        }
      } ],
      "status": "final",
      "category": [ {
        "coding": [ {
          "system": "http://terminology.hl7.org/CodeSystem/observation-category",
          "code": "laboratory",
          "display": "Laboratory"
        }, {
          "system": "http://loinc.org",
          "code": "26436-6",
          "display": "Laboratory studies (set)"
        } ]
      } ],
      "code": {
        "coding": [ {
          "system": "http://loinc.org",
          "code": "2744-1"
        } ],
        "text": "pH (Blut)"
      },
      "subject": {
        "reference": "Patient/UKFAU-0008"
      },
      "encounter": {
        "reference": "Encounter/UKFAU-0008-E-1"
      },
      "effectiveDateTime": "2020-10-10T08:01:00+02:00",
      "valueQuantity": {
        "value": 7.37,
        "_unit": {
          "extension": [ {
            "url": "http://terminology.hl7.org/CodeSystem/data-absent-reason",
            "valueCode": "unknown"
          } ]
        },
        "system": "http://unitsofmeasure.org",
        "_code": {
          "extension": [ {
            "url": "http://terminology.hl7.org/CodeSystem/data-absent-reason",
            "valueCode": "unknown"
          } ]
        }
      }
    },
    "request": {
      "method": "PUT",
      "url": "Observation/UKFAU-0008-E-1-OL-16"
    }
  }, {
    "fullUrl": "Observation/UKFAU-0008-E-1-OL-17",
    "resource": {
      "resourceType": "Observation",
      "id": "UKFAU-0008-E-1-OL-17",
      "meta": {
        "profile": [ "https://www.medizininformatik-initiative.de/fhir/core/modul-labor/StructureDefinition/ObservationLab" ]
      },
      "identifier": [ {
        "type": {
          "coding": [ {
            "system": "http://terminology.hl7.org/CodeSystem/v2-0203",
            "code": "OBI"
          } ]
        },
        "system": "https://UKFAU.de/befund",
        "value": "UKFAU-0008-E-1-OL-17",
        "assigner": {
          "identifier": {
            "system": "https://www.medizininformatik-initiative.de/fhir/core/NamingSystem/org-identifier",
            "value": "UKFAU"
          }
        }
      } ],
      "status": "final",
      "category": [ {
        "coding": [ {
          "system": "http://terminology.hl7.org/CodeSystem/observation-category",
          "code": "laboratory",
          "display": "Laboratory"
        }, {
          "system": "http://loinc.org",
          "code": "26436-6",
          "display": "Laboratory studies (set)"
        } ]
      } ],
      "code": {
        "coding": [ {
          "system": "http://loinc.org",
          "code": "1920-8"
        } ],
        "text": "AST (GOT)"
      },
      "subject": {
        "reference": "Patient/UKFAU-0008"
      },
      "encounter": {
        "reference": "Encounter/UKFAU-0008-E-1"
      },
      "effectiveDateTime": "2020-10-10T08:01:00+02:00",
      "valueQuantity": {
        "value": 90,
        "unit": "enzyme unit per liter",
        "system": "http://unitsofmeasure.org",
        "code": "U/L"
      }
    },
    "request": {
      "method": "PUT",
      "url": "Observation/UKFAU-0008-E-1-OL-17"
    }
  }, {
    "fullUrl": "Observation/UKFAU-0008-E-1-OL-18",
    "resource": {
      "resourceType": "Observation",
      "id": "UKFAU-0008-E-1-OL-18",
      "meta": {
        "profile": [ "https://www.medizininformatik-initiative.de/fhir/core/modul-labor/StructureDefinition/ObservationLab" ]
      },
      "identifier": [ {
        "type": {
          "coding": [ {
            "system": "http://terminology.hl7.org/CodeSystem/v2-0203",
            "code": "OBI"
          } ]
        },
        "system": "https://UKFAU.de/befund",
        "value": "UKFAU-0008-E-1-OL-18",
        "assigner": {
          "identifier": {
            "system": "https://www.medizininformatik-initiative.de/fhir/core/NamingSystem/org-identifier",
            "value": "UKFAU"
          }
        }
      } ],
      "status": "final",
      "category": [ {
        "coding": [ {
          "system": "http://terminology.hl7.org/CodeSystem/observation-category",
          "code": "laboratory",
          "display": "Laboratory"
        }, {
          "system": "http://loinc.org",
          "code": "26436-6",
          "display": "Laboratory studies (set)"
        } ]
      } ],
      "code": {
        "coding": [ {
          "system": "http://loinc.org",
          "code": "76625-3"
        } ],
        "text": "ALT (GPT)"
      },
      "subject": {
        "reference": "Patient/UKFAU-0008"
      },
      "encounter": {
        "reference": "Encounter/UKFAU-0008-E-1"
      },
      "effectiveDateTime": "2020-10-10T08:01:00+02:00",
      "valueQuantity": {
        "value": 81,
        "unit": "enzyme unit per liter",
        "system": "http://unitsofmeasure.org",
        "code": "U/L"
      }
    },
    "request": {
      "method": "PUT",
      "url": "Observation/UKFAU-0008-E-1-OL-18"
    }
  }, {
    "fullUrl": "Observation/UKFAU-0008-E-1-OL-19",
    "resource": {
      "resourceType": "Observation",
      "id": "UKFAU-0008-E-1-OL-19",
      "meta": {
        "profile": [ "https://www.medizininformatik-initiative.de/fhir/core/modul-labor/StructureDefinition/ObservationLab" ]
      },
      "identifier": [ {
        "type": {
          "coding": [ {
            "system": "http://terminology.hl7.org/CodeSystem/v2-0203",
            "code": "OBI"
          } ]
        },
        "system": "https://UKFAU.de/befund",
        "value": "UKFAU-0008-E-1-OL-19",
        "assigner": {
          "identifier": {
            "system": "https://www.medizininformatik-initiative.de/fhir/core/NamingSystem/org-identifier",
            "value": "UKFAU"
          }
        }
      } ],
      "status": "final",
      "category": [ {
        "coding": [ {
          "system": "http://terminology.hl7.org/CodeSystem/observation-category",
          "code": "laboratory",
          "display": "Laboratory"
        }, {
          "system": "http://loinc.org",
          "code": "26436-6",
          "display": "Laboratory studies (set)"
        } ]
      } ],
      "code": {
        "coding": [ {
          "system": "http://loinc.org",
          "code": "2518-9"
        } ],
        "text": "Lactat"
      },
      "subject": {
        "reference": "Patient/UKFAU-0008"
      },
      "encounter": {
        "reference": "Encounter/UKFAU-0008-E-1"
      },
      "effectiveDateTime": "2020-10-10T08:01:00+02:00",
      "valueQuantity": {
        "value": 12,
        "unit": "milligram per deciliter",
        "system": "http://unitsofmeasure.org",
        "code": "mg/dL"
      }
    },
    "request": {
      "method": "PUT",
      "url": "Observation/UKFAU-0008-E-1-OL-19"
    }
  }, {
    "fullUrl": "Observation/UKFAU-0008-E-1-OL-20",
    "resource": {
      "resourceType": "Observation",
      "id": "UKFAU-0008-E-1-OL-20",
      "meta": {
        "profile": [ "https://www.medizininformatik-initiative.de/fhir/core/modul-labor/StructureDefinition/ObservationLab" ]
      },
      "identifier": [ {
        "type": {
          "coding": [ {
            "system": "http://terminology.hl7.org/CodeSystem/v2-0203",
            "code": "OBI"
          } ]
        },
        "system": "https://UKFAU.de/befund",
        "value": "UKFAU-0008-E-1-OL-20",
        "assigner": {
          "identifier": {
            "system": "https://www.medizininformatik-initiative.de/fhir/core/NamingSystem/org-identifier",
            "value": "UKFAU"
          }
        }
      } ],
      "status": "final",
      "category": [ {
        "coding": [ {
          "system": "http://terminology.hl7.org/CodeSystem/observation-category",
          "code": "laboratory",
          "display": "Laboratory"
        }, {
          "system": "http://loinc.org",
          "code": "26436-6",
          "display": "Laboratory studies (set)"
        } ]
      } ],
      "code": {
        "coding": [ {
          "system": "http://loinc.org",
          "code": "70218-3"
        } ],
        "text": "Triglyceride"
      },
      "subject": {
        "reference": "Patient/UKFAU-0008"
      },
      "encounter": {
        "reference": "Encounter/UKFAU-0008-E-1"
      },
      "effectiveDateTime": "2020-10-10T08:01:00+02:00",
      "valueQuantity": {
        "value": 140,
        "unit": "milligram per deciliter",
        "system": "http://unitsofmeasure.org",
        "code": "mg/dL"
      }
    },
    "request": {
      "method": "PUT",
      "url": "Observation/UKFAU-0008-E-1-OL-20"
    }
  }, {
    "fullUrl": "Observation/UKFAU-0008-E-1-OL-21",
    "resource": {
      "resourceType": "Observation",
      "id": "UKFAU-0008-E-1-OL-21",
      "meta": {
        "profile": [ "https://www.medizininformatik-initiative.de/fhir/core/modul-labor/StructureDefinition/ObservationLab" ]
      },
      "identifier": [ {
        "type": {
          "coding": [ {
            "system": "http://terminology.hl7.org/CodeSystem/v2-0203",
            "code": "OBI"
          } ]
        },
        "system": "https://UKFAU.de/befund",
        "value": "UKFAU-0008-E-1-OL-21",
        "assigner": {
          "identifier": {
            "system": "https://www.medizininformatik-initiative.de/fhir/core/NamingSystem/org-identifier",
            "value": "UKFAU"
          }
        }
      } ],
      "status": "final",
      "category": [ {
        "coding": [ {
          "system": "http://terminology.hl7.org/CodeSystem/observation-category",
          "code": "laboratory",
          "display": "Laboratory"
        }, {
          "system": "http://loinc.org",
          "code": "26436-6",
          "display": "Laboratory studies (set)"
        } ]
      } ],
      "code": {
        "coding": [ {
          "system": "http://loinc.org",
          "code": "15074-8"
        } ],
        "text": "Blutglucose"
      },
      "subject": {
        "reference": "Patient/UKFAU-0008"
      },
      "encounter": {
        "reference": "Encounter/UKFAU-0008-E-1"
      },
      "effectiveDateTime": "2020-10-10T10:00:00+02:00",
      "valueQuantity": {
        "value": 119,
        "unit": "milligram per deciliter",
        "system": "http://unitsofmeasure.org",
        "code": "mg/dL"
      }
    },
    "request": {
      "method": "PUT",
      "url": "Observation/UKFAU-0008-E-1-OL-21"
    }
  }, {
    "fullUrl": "Observation/UKFAU-0008-E-1-OL-22",
    "resource": {
      "resourceType": "Observation",
      "id": "UKFAU-0008-E-1-OL-22",
      "meta": {
        "profile": [ "https://www.medizininformatik-initiative.de/fhir/core/modul-labor/StructureDefinition/ObservationLab" ]
      },
      "identifier": [ {
        "type": {
          "coding": [ {
            "system": "http://terminology.hl7.org/CodeSystem/v2-0203",
            "code": "OBI"
          } ]
        },
        "system": "https://UKFAU.de/befund",
        "value": "UKFAU-0008-E-1-OL-22",
        "assigner": {
          "identifier": {
            "system": "https://www.medizininformatik-initiative.de/fhir/core/NamingSystem/org-identifier",
            "value": "UKFAU"
          }
        }
      } ],
      "status": "final",
      "category": [ {
        "coding": [ {
          "system": "http://terminology.hl7.org/CodeSystem/observation-category",
          "code": "laboratory",
          "display": "Laboratory"
        }, {
          "system": "http://loinc.org",
          "code": "26436-6",
          "display": "Laboratory studies (set)"
        } ]
      } ],
      "code": {
        "coding": [ {
          "system": "http://loinc.org",
          "code": "4548-4"
        } ],
        "text": "HbA1c"
      },
      "subject": {
        "reference": "Patient/UKFAU-0008"
      },
      "encounter": {
        "reference": "Encounter/UKFAU-0008-E-1"
      },
      "effectiveDateTime": "2020-10-10T08:01:00+02:00",
      "valueQuantity": {
        "value": 6.4,
        "_unit": {
          "extension": [ {
            "url": "http://terminology.hl7.org/CodeSystem/data-absent-reason",
            "valueCode": "unknown"
          } ]
        },
        "system": "http://unitsofmeasure.org",
        "_code": {
          "extension": [ {
            "url": "http://terminology.hl7.org/CodeSystem/data-absent-reason",
            "valueCode": "unknown"
          } ]
        }
      }
    },
    "request": {
      "method": "PUT",
      "url": "Observation/UKFAU-0008-E-1-OL-22"
    }
  }, {
    "fullUrl": "Condition/UKFAU-0008-E-1-D-1",
    "resource": {
      "resourceType": "Condition",
      "id": "UKFAU-0008-E-1-D-1",
      "meta": {
        "profile": [ "https://www.medizininformatik-initiative.de/fhir/core/modul-diagnose/StructureDefinition/Diagnose" ]
      },
      "identifier": [ {
        "value": "UKFAU-0008-E-1-D-1"
      } ],
      "code": {
        "coding": [ {
          "system": "http://fhir.de/CodeSystem/bfarm/icd-10-gm",
          "version": "2020",
          "code": "M79.69"
        } ]
      },
      "subject": {
        "reference": "Patient/UKFAU-0008"
      },
      "recordedDate": "2020-10-07T00:00:00+02:00"
    },
    "request": {
      "method": "PUT",
      "url": "Condition/UKFAU-0008-E-1-D-1"
    }
  }, {
    "fullUrl": "Condition/UKFAU-0008-E-1-D-2",
    "resource": {
      "resourceType": "Condition",
      "id": "UKFAU-0008-E-1-D-2",
      "meta": {
        "profile": [ "https://www.medizininformatik-initiative.de/fhir/core/modul-diagnose/StructureDefinition/Diagnose" ]
      },
      "identifier": [ {
        "value": "UKFAU-0008-E-1-D-2"
      } ],
      "code": {
        "coding": [ {
          "system": "http://fhir.de/CodeSystem/bfarm/icd-10-gm",
          "version": "2020",
          "code": "G63.2"
        } ],
        "text": "Diabetische Polyneuropathie"
      },
      "subject": {
        "reference": "Patient/UKFAU-0008"
      },
      "recordedDate": "2020-10-09T00:00:00+02:00"
    },
    "request": {
      "method": "PUT",
      "url": "Condition/UKFAU-0008-E-1-D-2"
    }
  }, {
    "fullUrl": "Condition/UKFAU-0008-E-1-D-3",
    "resource": {
      "resourceType": "Condition",
      "id": "UKFAU-0008-E-1-D-3",
      "meta": {
        "profile": [ "https://www.medizininformatik-initiative.de/fhir/core/modul-diagnose/StructureDefinition/Diagnose" ]
      },
      "identifier": [ {
        "value": "UKFAU-0008-E-1-D-3"
      } ],
      "code": {
        "coding": [ {
          "system": "http://fhir.de/CodeSystem/bfarm/icd-10-gm",
          "version": "2020",
          "code": "E11.90"
        } ],
        "text": "Diabetes mellitus, Typ 2: Ohne Komplikationen: Nicht als entgleist bezeichnet"
      },
      "subject": {
        "reference": "Patient/UKFAU-0008"
      },
      "recordedDate": "2020-02-01T00:00:00+01:00"
    },
    "request": {
      "method": "PUT",
      "url": "Condition/UKFAU-0008-E-1-D-3"
    }
  }, {
    "fullUrl": "Condition/UKFAU-0008-E-1-D-4",
    "resource": {
      "resourceType": "Condition",
      "id": "UKFAU-0008-E-1-D-4",
      "meta": {
        "profile": [ "https://www.medizininformatik-initiative.de/fhir/core/modul-diagnose/StructureDefinition/Diagnose" ]
      },
      "identifier": [ {
        "value": "UKFAU-0008-E-1-D-4"
      } ],
      "code": {
        "coding": [ {
          "system": "http://fhir.de/CodeSystem/bfarm/icd-10-gm",
          "version": "2020",
          "code": "F10.1"
        } ],
        "text": "Psychische und Verhaltensstörungen durch Alkohol : Schädlicher Gebrauch"
      },
      "subject": {
        "reference": "Patient/UKFAU-0008"
      },
      "recordedDate": "2020-02-01T00:00:00+01:00"
    },
    "request": {
      "method": "PUT",
      "url": "Condition/UKFAU-0008-E-1-D-4"
    }
  }, {
    "fullUrl": "Procedure/UKFAU-0008-E-1-P-1",
    "resource": {
      "resourceType": "Procedure",
      "id": "UKFAU-0008-E-1-P-1",
      "meta": {
        "profile": [ "https://www.medizininformatik-initiative.de/fhir/core/modul-prozedur/StructureDefinition/Procedure" ]
      },
      "status": "completed",
      "category": {
        "coding": [ {
          "system": "http://snomed.info/sct",
          "code": "103693007",
          "display": "Diagnostic procedure"
        } ]
      },
      "code": {
        "coding": [ {
          "system": "http://fhir.de/CodeSystem/bfarm/ops",
          "version": "2020",
          "code": "1-205"
        } ],
        "text": "Elektromyographie"
      },
      "subject": {
        "reference": "Patient/UKFAU-0008"
      },
      "performedDateTime": "2020-10-09T00:00:00+02:00"
    },
    "request": {
      "method": "PUT",
      "url": "Procedure/UKFAU-0008-E-1-P-1"
    }
  }, {
    "fullUrl": "Medication/Medication--992615263",
    "resource": {
      "resourceType": "Medication",
      "id": "Medication--992615263",
      "meta": {
        "profile": [ "https://www.medizininformatik-initiative.de/fhir/core/modul-medikation/StructureDefinition/Medication" ]
      },
      "identifier": [ {
        "value": "Medication--992615263"
      } ],
      "code": {
        "coding": [ {
          "system": "http://fhir.de/CodeSystem/ifa/pzn",
          "code": "01725053"
        }, {
          "system": "http://fhir.de/CodeSystem/bfarm/atc",
          "code": "A10BA02"
        } ],
        "text": "Metformin"
      },
      "ingredient": [ {
        "itemCodeableConcept": {
          "coding": [ {
            "system": "http://fhir.de/CodeSystem/ask",
            "_code": {
              "extension": [ {
                "url": "http://terminology.hl7.org/CodeSystem/data-absent-reason",
                "valueCode": "unknown"
              } ]
            }
          } ]
        },
        "strength": {
          "numerator": {
            "value": 850,
            "unit": "milligram",
            "system": "http://unitsofmeasure.org",
            "code": "mg"
          },
          "denominator": {
            "value": 1,
            "system": "http://XXX",
            "code": "Tabletten"
          }
        }
      } ]
    },
    "request": {
      "method": "PUT",
      "url": "Medication/Medication--992615263"
    }
  }, {
    "fullUrl": "MedicationStatement/UKFAU-0008-E-1-MS-1",
    "resource": {
      "resourceType": "MedicationStatement",
      "id": "UKFAU-0008-E-1-MS-1",
      "meta": {
        "profile": [ "https://www.medizininformatik-initiative.de/fhir/core/modul-medikation/StructureDefinition/MedicationStatement" ]
      },
      "status": "active",
      "medicationReference": {
        "reference": "Medication/Medication--992615263"
      },
      "subject": {
        "reference": "Patient/UKFAU-0008"
      },
      "context": {
        "reference": "Encounter/UKFAU-0008-E-1"
      },
      "effectiveDateTime": "2020-10-07T00:00:00+02:00",
      "dosage": [ {
        "doseAndRate": [ {
          "doseQuantity": {
            "value": 3,
            "unit": "Tabletten",
            "system": "http://unitsofmeasure.org",
            "code": "1"
          }
        } ]
      } ]
    },
    "request": {
      "method": "PUT",
      "url": "MedicationStatement/UKFAU-0008-E-1-MS-1"
    }
  }, {
    "fullUrl": "Medication/Medication-1039762739",
    "resource": {
      "resourceType": "Medication",
      "id": "Medication-1039762739",
      "meta": {
        "profile": [ "https://www.medizininformatik-initiative.de/fhir/core/modul-medikation/StructureDefinition/Medication" ]
      },
      "identifier": [ {
        "value": "Medication-1039762739"
      } ],
      "code": {
        "coding": [ {
          "system": "http://fhir.de/CodeSystem/ifa/pzn",
          "code": "01016084"
        }, {
          "system": "http://fhir.de/CodeSystem/bfarm/atc",
          "code": "M01AE01"
        } ],
        "text": "Ibuprofen"
      },
      "ingredient": [ {
        "itemCodeableConcept": {
          "coding": [ {
            "system": "http://fhir.de/CodeSystem/ask",
            "_code": {
              "extension": [ {
                "url": "http://terminology.hl7.org/CodeSystem/data-absent-reason",
                "valueCode": "unknown"
              } ]
            }
          } ]
        },
        "strength": {
          "numerator": {
            "value": 400,
            "unit": "milligram",
            "system": "http://unitsofmeasure.org",
            "code": "mg"
          },
          "denominator": {
            "value": 1,
            "system": "http://XXX",
            "code": "Filmtabletten"
          }
        }
      } ]
    },
    "request": {
      "method": "PUT",
      "url": "Medication/Medication-1039762739"
    }
  }, {
    "fullUrl": "MedicationStatement/UKFAU-0008-E-1-MS-2",
    "resource": {
      "resourceType": "MedicationStatement",
      "id": "UKFAU-0008-E-1-MS-2",
      "meta": {
        "profile": [ "https://www.medizininformatik-initiative.de/fhir/core/modul-medikation/StructureDefinition/MedicationStatement" ]
      },
      "status": "active",
      "medicationReference": {
        "reference": "Medication/Medication-1039762739"
      },
      "subject": {
        "reference": "Patient/UKFAU-0008"
      },
      "context": {
        "reference": "Encounter/UKFAU-0008-E-1"
      },
      "effectiveDateTime": "2020-10-07T00:00:00+02:00",
      "dosage": [ {
        "doseAndRate": [ {
          "doseQuantity": {
            "value": 3,
            "unit": "Filmtabletten",
            "system": "http://unitsofmeasure.org",
            "code": "1"
          }
        } ]
      } ]
    },
    "request": {
      "method": "PUT",
      "url": "MedicationStatement/UKFAU-0008-E-1-MS-2"
    }
  }, {
    "fullUrl": "Medication/Medication-1039759860",
    "resource": {
      "resourceType": "Medication",
      "id": "Medication-1039759860",
      "meta": {
        "profile": [ "https://www.medizininformatik-initiative.de/fhir/core/modul-medikation/StructureDefinition/Medication" ]
      },
      "identifier": [ {
        "value": "Medication-1039759860"
      } ],
      "code": {
        "coding": [ {
          "system": "http://fhir.de/CodeSystem/ifa/pzn",
          "code": "03223249"
        }, {
          "system": "http://fhir.de/CodeSystem/bfarm/atc",
          "code": "M01AB05"
        } ],
        "text": "Diclofenac"
      },
      "ingredient": [ {
        "itemCodeableConcept": {
          "coding": [ {
            "system": "http://fhir.de/CodeSystem/ask",
            "_code": {
              "extension": [ {
                "url": "http://terminology.hl7.org/CodeSystem/data-absent-reason",
                "valueCode": "unknown"
              } ]
            }
          } ]
        },
        "strength": {
          "numerator": {
            "value": 25,
            "unit": "milligram",
            "system": "http://unitsofmeasure.org",
            "code": "mg"
          },
          "denominator": {
            "value": 1,
            "system": "http://XXX",
            "code": "Tabletten magensaftresistent"
          }
        }
      } ]
    },
    "request": {
      "method": "PUT",
      "url": "Medication/Medication-1039759860"
    }
  }, {
    "fullUrl": "MedicationStatement/UKFAU-0008-E-1-MS-3",
    "resource": {
      "resourceType": "MedicationStatement",
      "id": "UKFAU-0008-E-1-MS-3",
      "meta": {
        "profile": [ "https://www.medizininformatik-initiative.de/fhir/core/modul-medikation/StructureDefinition/MedicationStatement" ]
      },
      "status": "active",
      "medicationReference": {
        "reference": "Medication/Medication-1039759860"
      },
      "subject": {
        "reference": "Patient/UKFAU-0008"
      },
      "context": {
        "reference": "Encounter/UKFAU-0008-E-1"
      },
      "effectiveDateTime": "2020-10-07T00:00:00+02:00",
      "dosage": [ {
        "doseAndRate": [ {
          "doseQuantity": {
            "value": 2,
            "unit": "Tabletten magensaftresistent",
            "system": "http://unitsofmeasure.org",
            "code": "1"
          }
        } ]
      } ]
    },
    "request": {
      "method": "PUT",
      "url": "MedicationStatement/UKFAU-0008-E-1-MS-3"
    }
  }, {
    "fullUrl": "MedicationAdministration/UKFAU-0008-E-1-MA-1",
    "resource": {
      "resourceType": "MedicationAdministration",
      "id": "UKFAU-0008-E-1-MA-1",
      "meta": {
        "profile": [ "https://www.medizininformatik-initiative.de/fhir/core/modul-medikation/StructureDefinition/MedicationAdministration" ]
      },
      "status": "completed",
      "medicationReference": {
        "reference": "Medication/Medication--992615263"
      },
      "subject": {
        "reference": "Patient/UKFAU-0008"
      },
      "context": {
        "reference": "Encounter/UKFAU-0008-E-1"
      },
      "effectiveDateTime": "2020-10-07T00:00:00+02:00",
      "dosage": {
        "dose": {
          "value": 3,
          "unit": "Tabletten",
          "system": "http://unitsofmeasure.org",
          "code": "1"
        }
      }
    },
    "request": {
      "method": "PUT",
      "url": "MedicationAdministration/UKFAU-0008-E-1-MA-1"
    }
  }, {
    "fullUrl": "Medication/Medication--992608537",
    "resource": {
      "resourceType": "Medication",
      "id": "Medication--992608537",
      "meta": {
        "profile": [ "https://www.medizininformatik-initiative.de/fhir/core/modul-medikation/StructureDefinition/Medication" ]
      },
      "identifier": [ {
        "value": "Medication--992608537"
      } ],
      "code": {
        "coding": [ {
          "system": "http://fhir.de/CodeSystem/ifa/pzn",
          "code": "00817103"
        }, {
          "system": "http://fhir.de/CodeSystem/bfarm/atc",
          "code": "A10BH01"
        } ],
        "text": "Sitagliptin"
      },
      "ingredient": [ {
        "itemCodeableConcept": {
          "coding": [ {
            "system": "http://fhir.de/CodeSystem/ask",
            "_code": {
              "extension": [ {
                "url": "http://terminology.hl7.org/CodeSystem/data-absent-reason",
                "valueCode": "unknown"
              } ]
            }
          } ]
        },
        "strength": {
          "numerator": {
            "value": 100,
            "unit": "milligram",
            "system": "http://unitsofmeasure.org",
            "code": "mg"
          },
          "denominator": {
            "value": 1,
            "system": "http://XXX",
            "code": "Tabletten"
          }
        }
      } ]
    },
    "request": {
      "method": "PUT",
      "url": "Medication/Medication--992608537"
    }
  }, {
    "fullUrl": "MedicationAdministration/UKFAU-0008-E-1-MA-2",
    "resource": {
      "resourceType": "MedicationAdministration",
      "id": "UKFAU-0008-E-1-MA-2",
      "meta": {
        "profile": [ "https://www.medizininformatik-initiative.de/fhir/core/modul-medikation/StructureDefinition/MedicationAdministration" ]
      },
      "status": "completed",
      "medicationReference": {
        "reference": "Medication/Medication--992608537"
      },
      "subject": {
        "reference": "Patient/UKFAU-0008"
      },
      "context": {
        "reference": "Encounter/UKFAU-0008-E-1"
      },
      "effectiveDateTime": "2020-10-07T00:00:00+02:00",
      "dosage": {
        "dose": {
          "value": 1,
          "unit": "Tabletten",
          "system": "http://unitsofmeasure.org",
          "code": "1"
        }
      }
    },
    "request": {
      "method": "PUT",
      "url": "MedicationAdministration/UKFAU-0008-E-1-MA-2"
    }
  }, {
    "fullUrl": "Medication/Medication-1929131753",
    "resource": {
      "resourceType": "Medication",
      "id": "Medication-1929131753",
      "meta": {
        "profile": [ "https://www.medizininformatik-initiative.de/fhir/core/modul-medikation/StructureDefinition/Medication" ]
      },
      "identifier": [ {
        "value": "Medication-1929131753"
      } ],
      "code": {
        "coding": [ {
          "system": "http://fhir.de/CodeSystem/ifa/pzn",
          "code": "04215393"
        }, {
          "system": "http://fhir.de/CodeSystem/bfarm/atc",
          "code": "N03AX12"
        } ],
        "text": "Gabapentin"
      },
      "ingredient": [ {
        "itemCodeableConcept": {
          "coding": [ {
            "system": "http://fhir.de/CodeSystem/ask",
            "_code": {
              "extension": [ {
                "url": "http://terminology.hl7.org/CodeSystem/data-absent-reason",
                "valueCode": "unknown"
              } ]
            }
          } ]
        },
        "strength": {
          "numerator": {
            "value": 100,
            "unit": "milligram",
            "system": "http://unitsofmeasure.org",
            "code": "mg"
          },
          "denominator": {
            "value": 1,
            "system": "http://XXX",
            "code": "Tabletten"
          }
        }
      } ]
    },
    "request": {
      "method": "PUT",
      "url": "Medication/Medication-1929131753"
    }
  }, {
    "fullUrl": "MedicationAdministration/UKFAU-0008-E-1-MA-3",
    "resource": {
      "resourceType": "MedicationAdministration",
      "id": "UKFAU-0008-E-1-MA-3",
      "meta": {
        "profile": [ "https://www.medizininformatik-initiative.de/fhir/core/modul-medikation/StructureDefinition/MedicationAdministration" ]
      },
      "status": "completed",
      "medicationReference": {
        "reference": "Medication/Medication-1929131753"
      },
      "subject": {
        "reference": "Patient/UKFAU-0008"
      },
      "context": {
        "reference": "Encounter/UKFAU-0008-E-1"
      },
      "effectiveDateTime": "2020-10-07T00:00:00+02:00",
      "dosage": {
        "dose": {
          "value": 3,
          "unit": "Tabletten",
          "system": "http://unitsofmeasure.org",
          "code": "1"
        }
      }
    },
    "request": {
      "method": "PUT",
      "url": "MedicationAdministration/UKFAU-0008-E-1-MA-3"
    }
  }, {
    "fullUrl": "MedicationAdministration/UKFAU-0008-E-1-MA-4",
    "resource": {
      "resourceType": "MedicationAdministration",
      "id": "UKFAU-0008-E-1-MA-4",
      "meta": {
        "profile": [ "https://www.medizininformatik-initiative.de/fhir/core/modul-medikation/StructureDefinition/MedicationAdministration" ]
      },
      "status": "completed",
      "medicationReference": {
        "reference": "Medication/Medication--992608537"
      },
      "subject": {
        "reference": "Patient/UKFAU-0008"
      },
      "context": {
        "reference": "Encounter/UKFAU-0008-E-1"
      },
      "effectiveDateTime": "2020-10-08T00:00:00+02:00",
      "dosage": {
        "dose": {
          "value": 1,
          "unit": "Tabletten",
          "system": "http://unitsofmeasure.org",
          "code": "1"
        }
      }
    },
    "request": {
      "method": "PUT",
      "url": "MedicationAdministration/UKFAU-0008-E-1-MA-4"
    }
  }, {
    "fullUrl": "MedicationAdministration/UKFAU-0008-E-1-MA-5",
    "resource": {
      "resourceType": "MedicationAdministration",
      "id": "UKFAU-0008-E-1-MA-5",
      "meta": {
        "profile": [ "https://www.medizininformatik-initiative.de/fhir/core/modul-medikation/StructureDefinition/MedicationAdministration" ]
      },
      "status": "completed",
      "medicationReference": {
        "reference": "Medication/Medication-1929131753"
      },
      "subject": {
        "reference": "Patient/UKFAU-0008"
      },
      "context": {
        "reference": "Encounter/UKFAU-0008-E-1"
      },
      "effectiveDateTime": "2020-10-08T00:00:00+02:00",
      "dosage": {
        "dose": {
          "value": 2,
          "unit": "Tabletten",
          "system": "http://unitsofmeasure.org",
          "code": "1"
        }
      }
    },
    "request": {
      "method": "PUT",
      "url": "MedicationAdministration/UKFAU-0008-E-1-MA-5"
    }
  }, {
    "fullUrl": "MedicationAdministration/UKFAU-0008-E-1-MA-6",
    "resource": {
      "resourceType": "MedicationAdministration",
      "id": "UKFAU-0008-E-1-MA-6",
      "meta": {
        "profile": [ "https://www.medizininformatik-initiative.de/fhir/core/modul-medikation/StructureDefinition/MedicationAdministration" ]
      },
      "status": "completed",
      "medicationReference": {
        "reference": "Medication/Medication--992608537"
      },
      "subject": {
        "reference": "Patient/UKFAU-0008"
      },
      "context": {
        "reference": "Encounter/UKFAU-0008-E-1"
      },
      "effectiveDateTime": "2020-10-08T00:00:00+02:00",
      "dosage": {
        "dose": {
          "value": 1,
          "unit": "Tabletten",
          "system": "http://unitsofmeasure.org",
          "code": "1"
        }
      }
    },
    "request": {
      "method": "PUT",
      "url": "MedicationAdministration/UKFAU-0008-E-1-MA-6"
    }
  }, {
    "fullUrl": "MedicationAdministration/UKFAU-0008-E-1-MA-7",
    "resource": {
      "resourceType": "MedicationAdministration",
      "id": "UKFAU-0008-E-1-MA-7",
      "meta": {
        "profile": [ "https://www.medizininformatik-initiative.de/fhir/core/modul-medikation/StructureDefinition/MedicationAdministration" ]
      },
      "status": "completed",
      "medicationReference": {
        "reference": "Medication/Medication-1929131753"
      },
      "subject": {
        "reference": "Patient/UKFAU-0008"
      },
      "context": {
        "reference": "Encounter/UKFAU-0008-E-1"
      },
      "effectiveDateTime": "2020-10-08T00:00:00+02:00",
      "dosage": {
        "dose": {
          "value": 2,
          "unit": "Tabletten",
          "system": "http://unitsofmeasure.org",
          "code": "1"
        }
      }
    },
    "request": {
      "method": "PUT",
      "url": "MedicationAdministration/UKFAU-0008-E-1-MA-7"
    }
  }, {
    "fullUrl": "Observation/UKFAU-0008-E-1-OV-1",
    "resource": {
      "resourceType": "Observation",
      "id": "UKFAU-0008-E-1-OV-1",
      "meta": {
        "profile": [ "https://www.medizininformatik-initiative.de/fhir/core/modul-labor/StructureDefinition/ObservationLab" ]
      },
      "identifier": [ {
        "type": {
          "coding": [ {
            "system": "http://terminology.hl7.org/CodeSystem/v2-0203",
            "code": "OBI"
          } ]
        },
        "system": "https://UKFAU.de/befund",
        "value": "UKFAU-0008-E-1-OV-1",
        "assigner": {
          "identifier": {
            "system": "https://www.medizininformatik-initiative.de/fhir/core/NamingSystem/org-identifier",
            "value": "UKFAU"
          }
        }
      } ],
      "status": "final",
      "category": [ {
        "coding": [ {
          "system": "http://terminology.hl7.org/CodeSystem/observation-category",
          "code": "laboratory",
          "display": "Laboratory"
        }, {
          "system": "http://loinc.org",
          "code": "26436-6",
          "display": "Laboratory studies (set)"
        } ]
      } ],
      "code": {
        "coding": [ {
          "system": "http://loinc.org",
          "code": "3142-7"
        } ],
        "text": "Körpergewicht"
      },
      "subject": {
        "reference": "Patient/UKFAU-0008"
      },
      "encounter": {
        "reference": "Encounter/UKFAU-0008-E-1"
      },
      "effectiveDateTime": "2020-10-07T00:00:00+02:00",
      "valueQuantity": {
        "value": 85,
        "unit": "kilogram",
        "system": "http://unitsofmeasure.org",
        "code": "kg"
      }
    },
    "request": {
      "method": "PUT",
      "url": "Observation/UKFAU-0008-E-1-OV-1"
    }
  }, {
    "fullUrl": "Observation/UKFAU-0008-E-1-OV-2",
    "resource": {
      "resourceType": "Observation",
      "id": "UKFAU-0008-E-1-OV-2",
      "meta": {
        "profile": [ "https://www.medizininformatik-initiative.de/fhir/core/modul-labor/StructureDefinition/ObservationLab" ]
      },
      "identifier": [ {
        "type": {
          "coding": [ {
            "system": "http://terminology.hl7.org/CodeSystem/v2-0203",
            "code": "OBI"
          } ]
        },
        "system": "https://UKFAU.de/befund",
        "value": "UKFAU-0008-E-1-OV-2",
        "assigner": {
          "identifier": {
            "system": "https://www.medizininformatik-initiative.de/fhir/core/NamingSystem/org-identifier",
            "value": "UKFAU"
          }
        }
      } ],
      "status": "final",
      "category": [ {
        "coding": [ {
          "system": "http://terminology.hl7.org/CodeSystem/observation-category",
          "code": "laboratory",
          "display": "Laboratory"
        }, {
          "system": "http://loinc.org",
          "code": "26436-6",
          "display": "Laboratory studies (set)"
        } ]
      } ],
      "code": {
        "coding": [ {
          "system": "http://loinc.org",
          "code": "8302-2"
        } ],
        "text": "Körpergröße"
      },
      "subject": {
        "reference": "Patient/UKFAU-0008"
      },
      "encounter": {
        "reference": "Encounter/UKFAU-0008-E-1"
      },
      "effectiveDateTime": "2020-10-07T00:00:00+02:00",
      "valueQuantity": {
        "value": 174,
        "unit": "centimeter",
        "system": "http://unitsofmeasure.org",
        "code": "cm"
      }
    },
    "request": {
      "method": "PUT",
      "url": "Observation/UKFAU-0008-E-1-OV-2"
    }
  }, {
    "fullUrl": "Observation/UKFAU-0008-E-1-OV-3",
    "resource": {
      "resourceType": "Observation",
      "id": "UKFAU-0008-E-1-OV-3",
      "meta": {
        "profile": [ "https://www.medizininformatik-initiative.de/fhir/core/modul-labor/StructureDefinition/ObservationLab" ]
      },
      "identifier": [ {
        "type": {
          "coding": [ {
            "system": "http://terminology.hl7.org/CodeSystem/v2-0203",
            "code": "OBI"
          } ]
        },
        "system": "https://UKFAU.de/befund",
        "value": "UKFAU-0008-E-1-OV-3",
        "assigner": {
          "identifier": {
            "system": "https://www.medizininformatik-initiative.de/fhir/core/NamingSystem/org-identifier",
            "value": "UKFAU"
          }
        }
      } ],
      "status": "final",
      "category": [ {
        "coding": [ {
          "system": "http://terminology.hl7.org/CodeSystem/observation-category",
          "code": "laboratory",
          "display": "Laboratory"
        }, {
          "system": "http://loinc.org",
          "code": "26436-6",
          "display": "Laboratory studies (set)"
        } ]
      } ],
      "code": {
        "coding": [ {
          "system": "http://terminology.hl7.org/CodeSystem/data-absent-reason",
          "code": "unknown"
        } ],
        "text": "Blutdruck SYS"
      },
      "subject": {
        "reference": "Patient/UKFAU-0008"
      },
      "encounter": {
        "reference": "Encounter/UKFAU-0008-E-1"
      },
      "effectiveDateTime": "2020-10-07T16:30:00+02:00",
      "valueQuantity": {
        "value": 132,
        "unit": "millimeter of mercury",
        "system": "http://unitsofmeasure.org",
        "code": "mm[Hg]"
      }
    },
    "request": {
      "method": "PUT",
      "url": "Observation/UKFAU-0008-E-1-OV-3"
    }
  }, {
    "fullUrl": "Observation/UKFAU-0008-E-1-OV-4",
    "resource": {
      "resourceType": "Observation",
      "id": "UKFAU-0008-E-1-OV-4",
      "meta": {
        "profile": [ "https://www.medizininformatik-initiative.de/fhir/core/modul-labor/StructureDefinition/ObservationLab" ]
      },
      "identifier": [ {
        "type": {
          "coding": [ {
            "system": "http://terminology.hl7.org/CodeSystem/v2-0203",
            "code": "OBI"
          } ]
        },
        "system": "https://UKFAU.de/befund",
        "value": "UKFAU-0008-E-1-OV-4",
        "assigner": {
          "identifier": {
            "system": "https://www.medizininformatik-initiative.de/fhir/core/NamingSystem/org-identifier",
            "value": "UKFAU"
          }
        }
      } ],
      "status": "final",
      "category": [ {
        "coding": [ {
          "system": "http://terminology.hl7.org/CodeSystem/observation-category",
          "code": "laboratory",
          "display": "Laboratory"
        }, {
          "system": "http://loinc.org",
          "code": "26436-6",
          "display": "Laboratory studies (set)"
        } ]
      } ],
      "code": {
        "coding": [ {
          "system": "http://terminology.hl7.org/CodeSystem/data-absent-reason",
          "code": "unknown"
        } ],
        "text": "Blutdruck DIA"
      },
      "subject": {
        "reference": "Patient/UKFAU-0008"
      },
      "encounter": {
        "reference": "Encounter/UKFAU-0008-E-1"
      },
      "effectiveDateTime": "2020-10-07T16:30:00+02:00",
      "valueQuantity": {
        "value": 83,
        "unit": "millimeter of mercury",
        "system": "http://unitsofmeasure.org",
        "code": "mm[Hg]"
      }
    },
    "request": {
      "method": "PUT",
      "url": "Observation/UKFAU-0008-E-1-OV-4"
    }
  } ]
}